condition	seed	task_index	task	best_score	avg_score	evaluated	scores_csv	compare_root
full-spectrum	0	0	Celecoxib_rediscovery	1.0	0.09093593592626925	13056.0	PORTABLE_USER_ROOT/spectralMol/guacamol_frequency_ablation_merged_20260824_150715/full-spectrum/seed_0/task_0_Celecoxib_rediscovery/compare_GuacaMol_20260824_150846/runs/spectralmol/seed_0/case_GuacaMol_20260824_150847/benchmark_runs/2026_08_24_evolution_ga_benchmark_15_08_53/2026_08_24_evolution_ga_Celecoxib_rediscovery/scores.csv	PORTABLE_OUTPUT_ROOT/guacamol_frequency_ablation_merged_20260824_150715/full-spectrum/seed_0/task_0_Celecoxib_rediscovery/compare_GuacaMol_20260824_150846
full-spectrum	0	10	Osimertinib_MPO	0.8012841587673166	0.05448765833373086	13056.0	PORTABLE_USER_ROOT/spectralMol/guacamol_frequency_ablation_merged_20260824_150715/full-spectrum/seed_0/task_10_Osimertinib_MPO/compare_GuacaMol_20260824_150852/runs/spectralmol/seed_0/case_GuacaMol_20260824_150855/benchmark_runs/2026_08_24_evolution_ga_benchmark_15_09_10/2026_08_24_evolution_ga_Osimertinib_MPO/scores.csv	PORTABLE_OUTPUT_ROOT/guacamol_frequency_ablation_merged_20260824_150715/full-spectrum/seed_0/task_10_Osimertinib_MPO/compare_GuacaMol_20260824_150852
full-spectrum	0	11	Fexofenadine_MPO	0.9668164365358536	0.08217109052777713	13056.0	PORTABLE_USER_ROOT/spectralMol/guacamol_frequency_ablation_merged_20260824_150715/full-spectrum/seed_0/task_11_Fexofenadine_MPO/compare_GuacaMol_20260824_150852/runs/spectralmol/seed_0/case_GuacaMol_20260824_150855/benchmark_runs/2026_08_24_evolution_ga_benchmark_15_09_10/2026_08_24_evolution_ga_Fexofenadine_MPO/scores.csv	PORTABLE_OUTPUT_ROOT/guacamol_frequency_ablation_merged_20260824_150715/full-spectrum/seed_0/task_11_Fexofenadine_MPO/compare_GuacaMol_20260824_150852
full-spectrum	0	12	Ranolazine_MPO	0.6925677830065992	0.04165445874192665	13056.0	PORTABLE_USER_ROOT/spectralMol/guacamol_frequency_ablation_merged_20260824_150715/full-spectrum/seed_0/task_12_Ranolazine_MPO/compare_GuacaMol_20260824_150852/runs/spectralmol/seed_0/case_GuacaMol_20260824_150855/benchmark_runs/2026_08_24_evolution_ga_benchmark_15_09_11/2026_08_24_evolution_ga_Ranolazine_MPO/scores.csv	PORTABLE_OUTPUT_ROOT/guacamol_frequency_ablation_merged_20260824_150715/full-spectrum/seed_0/task_12_Ranolazine_MPO/compare_GuacaMol_20260824_150852
full-spectrum	0	13	Perindopril_MPO	0.4284207088802645	0.0075856275087207575	13056.0	PORTABLE_USER_ROOT/spectralMol/guacamol_frequency_ablation_merged_20260824_150715/full-spectrum/seed_0/task_13_Perindopril_MPO/compare_GuacaMol_20260824_150852/runs/spectralmol/seed_0/case_GuacaMol_20260824_150855/benchmark_runs/2026_08_24_evolution_ga_benchmark_15_09_11/2026_08_24_evolution_ga_Perindopril_MPO/scores.csv	PORTABLE_OUTPUT_ROOT/guacamol_frequency_ablation_merged_20260824_150715/full-spectrum/seed_0/task_13_Perindopril_MPO/compare_GuacaMol_20260824_150852
full-spectrum	0	14	Amlodipine_MPO	0.5516772843673705	0.008006284807552607	13056.0	PORTABLE_USER_ROOT/spectralMol/guacamol_frequency_ablation_merged_20260824_150715/full-spectrum/seed_0/task_14_Amlodipine_MPO/compare_GuacaMol_20260824_150852/runs/spectralmol/seed_0/case_GuacaMol_20260824_150856/benchmark_runs/2026_08_24_evolution_ga_benchmark_15_09_15/2026_08_24_evolution_ga_Amlodipine_MPO/scores.csv	PORTABLE_OUTPUT_ROOT/guacamol_frequency_ablation_merged_20260824_150715/full-spectrum/seed_0/task_14_Amlodipine_MPO/compare_GuacaMol_20260824_150852
full-spectrum	0	15	Sitagliptin_MPO	0.7401358337615399	0.037300535578694415	13056.0	PORTABLE_USER_ROOT/spectralMol/guacamol_frequency_ablation_merged_20260824_150715/full-spectrum/seed_0/task_15_Sitagliptin_MPO/compare_GuacaMol_20260824_150852/runs/spectralmol/seed_0/case_GuacaMol_20260824_150856/benchmark_runs/2026_08_24_evolution_ga_benchmark_15_09_15/2026_08_24_evolution_ga_Sitagliptin_MPO/scores.csv	PORTABLE_OUTPUT_ROOT/guacamol_frequency_ablation_merged_20260824_150715/full-spectrum/seed_0/task_15_Sitagliptin_MPO/compare_GuacaMol_20260824_150852
full-spectrum	0	16	Zaleplon_MPO	0.4226827005522375	0.0106758851590515	13056.0	PORTABLE_USER_ROOT/spectralMol/guacamol_frequency_ablation_merged_20260824_150715/full-spectrum/seed_0/task_16_Zaleplon_MPO/compare_GuacaMol_20260824_150852/runs/spectralmol/seed_0/case_GuacaMol_20260824_150856/benchmark_runs/2026_08_24_evolution_ga_benchmark_15_09_15/2026_08_24_evolution_ga_Zaleplon_MPO/scores.csv	PORTABLE_OUTPUT_ROOT/guacamol_frequency_ablation_merged_20260824_150715/full-spectrum/seed_0/task_16_Zaleplon_MPO/compare_GuacaMol_20260824_150852
full-spectrum	0	17	Valsartan_smarts	0.0263421281507009	0.00027545089173713097	13056.0	PORTABLE_USER_ROOT/spectralMol/guacamol_frequency_ablation_merged_20260824_150715/full-spectrum/seed_0/task_17_Valsartan_smarts/compare_GuacaMol_20260824_150852/runs/spectralmol/seed_0/case_GuacaMol_20260824_150856/benchmark_runs/2026_08_24_evolution_ga_benchmark_15_09_15/2026_08_24_evolution_ga_Valsartan_smarts/scores.csv	PORTABLE_OUTPUT_ROOT/guacamol_frequency_ablation_merged_20260824_150715/full-spectrum/seed_0/task_17_Valsartan_smarts/compare_GuacaMol_20260824_150852
full-spectrum	0	18	Deco_hop	0.596045447740113	0.5001293168875217	13056.0	PORTABLE_USER_ROOT/spectralMol/guacamol_frequency_ablation_merged_20260824_150715/full-spectrum/seed_0/task_18_Deco_hop/compare_GuacaMol_20260824_150855/runs/spectralmol/seed_0/case_GuacaMol_20260824_150859/benchmark_runs/2026_08_24_evolution_ga_benchmark_15_09_21/2026_08_24_evolution_ga_Deco_hop/scores.csv	PORTABLE_OUTPUT_ROOT/guacamol_frequency_ablation_merged_20260824_150715/full-spectrum/seed_0/task_18_Deco_hop/compare_GuacaMol_20260824_150855
full-spectrum	0	19	Scaffold_hop	0.666667	0.3586391547553045	13056.0	PORTABLE_USER_ROOT/spectralMol/guacamol_frequency_ablation_merged_20260824_150715/full-spectrum/seed_0/task_19_Scaffold_hop/compare_GuacaMol_20260824_150852/runs/spectralmol/seed_0/case_GuacaMol_20260824_150856/benchmark_runs/2026_08_24_evolution_ga_benchmark_15_09_13/2026_08_24_evolution_ga_Scaffold_hop/scores.csv	PORTABLE_OUTPUT_ROOT/guacamol_frequency_ablation_merged_20260824_150715/full-spectrum/seed_0/task_19_Scaffold_hop/compare_GuacaMol_20260824_150852
full-spectrum	0	1	Troglitazone_rediscovery	1.0	0.078207195030242	13056.0	PORTABLE_USER_ROOT/spectralMol/guacamol_frequency_ablation_merged_20260824_150715/full-spectrum/seed_0/task_1_Troglitazone_rediscovery/compare_GuacaMol_20260824_150845/runs/spectralmol/seed_0/case_GuacaMol_20260824_150846/benchmark_runs/2026_08_24_evolution_ga_benchmark_15_08_50/2026_08_24_evolution_ga_Troglitazone_rediscovery/scores.csv	PORTABLE_OUTPUT_ROOT/guacamol_frequency_ablation_merged_20260824_150715/full-spectrum/seed_0/task_1_Troglitazone_rediscovery/compare_GuacaMol_20260824_150845
full-spectrum	0	2	Thiothixene_rediscovery	1.0	0.057142827693602495	13056.0	PORTABLE_USER_ROOT/spectralMol/guacamol_frequency_ablation_merged_20260824_150715/full-spectrum/seed_0/task_2_Thiothixene_rediscovery/compare_GuacaMol_20260824_150846/runs/spectralmol/seed_0/case_GuacaMol_20260824_150847/benchmark_runs/2026_08_24_evolution_ga_benchmark_15_08_54/2026_08_24_evolution_ga_Thiothixene_rediscovery/scores.csv	PORTABLE_OUTPUT_ROOT/guacamol_frequency_ablation_merged_20260824_150715/full-spectrum/seed_0/task_2_Thiothixene_rediscovery/compare_GuacaMol_20260824_150846
full-spectrum	0	3	Aripiprazole_similarity	1.0	0.12073083228953932	13056.0	PORTABLE_USER_ROOT/spectralMol/guacamol_frequency_ablation_merged_20260824_150715/full-spectrum/seed_0/task_3_Aripiprazole_similarity/compare_GuacaMol_20260824_150846/runs/spectralmol/seed_0/case_GuacaMol_20260824_150847/benchmark_runs/2026_08_24_evolution_ga_benchmark_15_08_54/2026_08_24_evolution_ga_Aripiprazole_similarity/scores.csv	PORTABLE_OUTPUT_ROOT/guacamol_frequency_ablation_merged_20260824_150715/full-spectrum/seed_0/task_3_Aripiprazole_similarity/compare_GuacaMol_20260824_150846
full-spectrum	0	4	Albuterol_similarity	0.6081871345029239	0.19412414778124662	13056.0	PORTABLE_USER_ROOT/spectralMol/guacamol_frequency_ablation_merged_20260824_150715/full-spectrum/seed_0/task_4_Albuterol_similarity/compare_GuacaMol_20260824_150846/runs/spectralmol/seed_0/case_GuacaMol_20260824_150847/benchmark_runs/2026_08_24_evolution_ga_benchmark_15_08_54/2026_08_24_evolution_ga_Albuterol_similarity/scores.csv	PORTABLE_OUTPUT_ROOT/guacamol_frequency_ablation_merged_20260824_150715/full-spectrum/seed_0/task_4_Albuterol_similarity/compare_GuacaMol_20260824_150846
full-spectrum	0	5	Mestranol_similarity	1.0	0.25450755016613635	13056.0	PORTABLE_USER_ROOT/spectralMol/guacamol_frequency_ablation_merged_20260824_150715/full-spectrum/seed_0/task_5_Mestranol_similarity/compare_GuacaMol_20260824_150846/runs/spectralmol/seed_0/case_GuacaMol_20260824_150847/benchmark_runs/2026_08_24_evolution_ga_benchmark_15_08_54/2026_08_24_evolution_ga_Mestranol_similarity/scores.csv	PORTABLE_OUTPUT_ROOT/guacamol_frequency_ablation_merged_20260824_150715/full-spectrum/seed_0/task_5_Mestranol_similarity/compare_GuacaMol_20260824_150846
full-spectrum	0	6	C11H24	1.0	0.03837479140758474	13056.0	PORTABLE_USER_ROOT/spectralMol/guacamol_frequency_ablation_merged_20260824_150715/full-spectrum/seed_0/task_6_C11H24/compare_GuacaMol_20260824_150846/runs/spectralmol/seed_0/case_GuacaMol_20260824_150847/benchmark_runs/2026_08_24_evolution_ga_benchmark_15_08_54/2026_08_24_evolution_ga_C11H24/scores.csv	PORTABLE_OUTPUT_ROOT/guacamol_frequency_ablation_merged_20260824_150715/full-spectrum/seed_0/task_6_C11H24/compare_GuacaMol_20260824_150846
full-spectrum	0	7	C9H10N2O2PF2Cl	0.7470175003104326	0.12135482192699161	13056.0	PORTABLE_USER_ROOT/spectralMol/guacamol_frequency_ablation_merged_20260824_150715/full-spectrum/seed_0/task_7_C9H10N2O2PF2Cl/compare_GuacaMol_20260824_150846/runs/spectralmol/seed_0/case_GuacaMol_20260824_150847/benchmark_runs/2026_08_24_evolution_ga_benchmark_15_08_54/2026_08_24_evolution_ga_C9H10N2O2PF2Cl/scores.csv	PORTABLE_OUTPUT_ROOT/guacamol_frequency_ablation_merged_20260824_150715/full-spectrum/seed_0/task_7_C9H10N2O2PF2Cl/compare_GuacaMol_20260824_150846
full-spectrum	0	8	Median_molecules_1	0.4067796610169492	0.07491663603906787	13056.0	PORTABLE_USER_ROOT/spectralMol/guacamol_frequency_ablation_merged_20260824_150715/full-spectrum/seed_0/task_8_Median_molecules_1/compare_GuacaMol_20260824_150846/runs/spectralmol/seed_0/case_GuacaMol_20260824_150847/benchmark_runs/2026_08_24_evolution_ga_benchmark_15_08_54/2026_08_24_evolution_ga_Median_molecules_1/scores.csv	PORTABLE_OUTPUT_ROOT/guacamol_frequency_ablation_merged_20260824_150715/full-spectrum/seed_0/task_8_Median_molecules_1/compare_GuacaMol_20260824_150846
full-spectrum	0	9	Median_molecules_2	0.3623715376697393	0.01863987665225665	13056.0	PORTABLE_USER_ROOT/spectralMol/guacamol_frequency_ablation_merged_20260824_150715/full-spectrum/seed_0/task_9_Median_molecules_2/compare_GuacaMol_20260824_150854/runs/spectralmol/seed_0/case_GuacaMol_20260824_150858/benchmark_runs/2026_08_24_evolution_ga_benchmark_15_09_19/2026_08_24_evolution_ga_Median_molecules_2/scores.csv	PORTABLE_OUTPUT_ROOT/guacamol_frequency_ablation_merged_20260824_150715/full-spectrum/seed_0/task_9_Median_molecules_2/compare_GuacaMol_20260824_150854
full-spectrum	1	0	Celecoxib_rediscovery	1.0	0.078968787182879	13056.0	PORTABLE_USER_ROOT/spectralMol/guacamol_frequency_ablation_merged_20260824_150715/full-spectrum/seed_1/task_0_Celecoxib_rediscovery/compare_GuacaMol_20260824_150852/runs/spectralmol/seed_1/case_GuacaMol_20260824_150856/benchmark_runs/2026_08_24_evolution_ga_benchmark_15_09_13/2026_08_24_evolution_ga_Celecoxib_rediscovery/scores.csv	PORTABLE_OUTPUT_ROOT/guacamol_frequency_ablation_merged_20260824_150715/full-spectrum/seed_1/task_0_Celecoxib_rediscovery/compare_GuacaMol_20260824_150852
full-spectrum	1	10	Osimertinib_MPO	0.8058577676402566	0.05034381002868393	13056.0	PORTABLE_USER_ROOT/spectralMol/guacamol_frequency_ablation_merged_20260824_150715/full-spectrum/seed_1/task_10_Osimertinib_MPO/compare_GuacaMol_20260824_150852/runs/spectralmol/seed_1/case_GuacaMol_20260824_150855/benchmark_runs/2026_08_24_evolution_ga_benchmark_15_09_13/2026_08_24_evolution_ga_Osimertinib_MPO/scores.csv	PORTABLE_OUTPUT_ROOT/guacamol_frequency_ablation_merged_20260824_150715/full-spectrum/seed_1/task_10_Osimertinib_MPO/compare_GuacaMol_20260824_150852
full-spectrum	1	11	Fexofenadine_MPO	1.0	0.1291932052222483	13056.0	PORTABLE_USER_ROOT/spectralMol/guacamol_frequency_ablation_merged_20260824_150715/full-spectrum/seed_1/task_11_Fexofenadine_MPO/compare_GuacaMol_20260824_150852/runs/spectralmol/seed_1/case_GuacaMol_20260824_150855/benchmark_runs/2026_08_24_evolution_ga_benchmark_15_09_13/2026_08_24_evolution_ga_Fexofenadine_MPO/scores.csv	PORTABLE_OUTPUT_ROOT/guacamol_frequency_ablation_merged_20260824_150715/full-spectrum/seed_1/task_11_Fexofenadine_MPO/compare_GuacaMol_20260824_150852
full-spectrum	1	12	Ranolazine_MPO	0.6925677830065992	0.022632145662237774	13056.0	PORTABLE_USER_ROOT/spectralMol/guacamol_frequency_ablation_merged_20260824_150715/full-spectrum/seed_1/task_12_Ranolazine_MPO/compare_GuacaMol_20260824_150852/runs/spectralmol/seed_1/case_GuacaMol_20260824_150855/benchmark_runs/2026_08_24_evolution_ga_benchmark_15_09_13/2026_08_24_evolution_ga_Ranolazine_MPO/scores.csv	PORTABLE_OUTPUT_ROOT/guacamol_frequency_ablation_merged_20260824_150715/full-spectrum/seed_1/task_12_Ranolazine_MPO/compare_GuacaMol_20260824_150852
full-spectrum	1	13	Perindopril_MPO	0.4364357804719847	0.007734163438531146	13056.0	PORTABLE_USER_ROOT/spectralMol/guacamol_frequency_ablation_merged_20260824_150715/full-spectrum/seed_1/task_13_Perindopril_MPO/compare_GuacaMol_20260824_150852/runs/spectralmol/seed_1/case_GuacaMol_20260824_150855/benchmark_runs/2026_08_24_evolution_ga_benchmark_15_09_13/2026_08_24_evolution_ga_Perindopril_MPO/scores.csv	PORTABLE_OUTPUT_ROOT/guacamol_frequency_ablation_merged_20260824_150715/full-spectrum/seed_1/task_13_Perindopril_MPO/compare_GuacaMol_20260824_150852
full-spectrum	1	14	Amlodipine_MPO	0.848528137423857	0.031630029419426296	13056.0	PORTABLE_USER_ROOT/spectralMol/guacamol_frequency_ablation_merged_20260824_150715/full-spectrum/seed_1/task_14_Amlodipine_MPO/compare_GuacaMol_20260824_150848/runs/spectralmol/seed_1/case_GuacaMol_20260824_150850/benchmark_runs/2026_08_24_evolution_ga_benchmark_15_08_57/2026_08_24_evolution_ga_Amlodipine_MPO/scores.csv	PORTABLE_OUTPUT_ROOT/guacamol_frequency_ablation_merged_20260824_150715/full-spectrum/seed_1/task_14_Amlodipine_MPO/compare_GuacaMol_20260824_150848
full-spectrum	1	15	Sitagliptin_MPO	0.7119494902659677	0.023373195617454746	13056.0	PORTABLE_USER_ROOT/spectralMol/guacamol_frequency_ablation_merged_20260824_150715/full-spectrum/seed_1/task_15_Sitagliptin_MPO/compare_GuacaMol_20260824_150847/runs/spectralmol/seed_1/case_GuacaMol_20260824_150849/benchmark_runs/2026_08_24_evolution_ga_benchmark_15_08_57/2026_08_24_evolution_ga_Sitagliptin_MPO/scores.csv	PORTABLE_OUTPUT_ROOT/guacamol_frequency_ablation_merged_20260824_150715/full-spectrum/seed_1/task_15_Sitagliptin_MPO/compare_GuacaMol_20260824_150847
full-spectrum	1	16	Zaleplon_MPO	0.6936365736837096	0.019016020736265477	13056.0	PORTABLE_USER_ROOT/spectralMol/guacamol_frequency_ablation_merged_20260824_150715/full-spectrum/seed_1/task_16_Zaleplon_MPO/compare_GuacaMol_20260824_150848/runs/spectralmol/seed_1/case_GuacaMol_20260824_150849/benchmark_runs/2026_08_24_evolution_ga_benchmark_15_08_57/2026_08_24_evolution_ga_Zaleplon_MPO/scores.csv	PORTABLE_OUTPUT_ROOT/guacamol_frequency_ablation_merged_20260824_150715/full-spectrum/seed_1/task_16_Zaleplon_MPO/compare_GuacaMol_20260824_150848
full-spectrum	1	17	Valsartan_smarts	0.0272170582400699	0.00018152581400554725	13056.0	PORTABLE_USER_ROOT/spectralMol/guacamol_frequency_ablation_merged_20260824_150715/full-spectrum/seed_1/task_17_Valsartan_smarts/compare_GuacaMol_20260824_150848/runs/spectralmol/seed_1/case_GuacaMol_20260824_150849/benchmark_runs/2026_08_24_evolution_ga_benchmark_15_08_57/2026_08_24_evolution_ga_Valsartan_smarts/scores.csv	PORTABLE_OUTPUT_ROOT/guacamol_frequency_ablation_merged_20260824_150715/full-spectrum/seed_1/task_17_Valsartan_smarts/compare_GuacaMol_20260824_150848
full-spectrum	1	18	Deco_hop	0.6034117638592751	0.5005160685930745	13056.0	PORTABLE_USER_ROOT/spectralMol/guacamol_frequency_ablation_merged_20260824_150715/full-spectrum/seed_1/task_18_Deco_hop/compare_GuacaMol_20260824_150848/runs/spectralmol/seed_1/case_GuacaMol_20260824_150849/benchmark_runs/2026_08_24_evolution_ga_benchmark_15_08_57/2026_08_24_evolution_ga_Deco_hop/scores.csv	PORTABLE_OUTPUT_ROOT/guacamol_frequency_ablation_merged_20260824_150715/full-spectrum/seed_1/task_18_Deco_hop/compare_GuacaMol_20260824_150848
full-spectrum	1	19	Scaffold_hop	0.666667	0.35547147171968957	13056.0	PORTABLE_USER_ROOT/spectralMol/guacamol_frequency_ablation_merged_20260824_150715/full-spectrum/seed_1/task_19_Scaffold_hop/compare_GuacaMol_20260824_150848/runs/spectralmol/seed_1/case_GuacaMol_20260824_150849/benchmark_runs/2026_08_24_evolution_ga_benchmark_15_08_57/2026_08_24_evolution_ga_Scaffold_hop/scores.csv	PORTABLE_OUTPUT_ROOT/guacamol_frequency_ablation_merged_20260824_150715/full-spectrum/seed_1/task_19_Scaffold_hop/compare_GuacaMol_20260824_150848
full-spectrum	1	1	Troglitazone_rediscovery	1.0	0.08092296145857125	13056.0	PORTABLE_USER_ROOT/spectralMol/guacamol_frequency_ablation_merged_20260824_150715/full-spectrum/seed_1/task_1_Troglitazone_rediscovery/compare_GuacaMol_20260824_150845/runs/spectralmol/seed_1/case_GuacaMol_20260824_150846/benchmark_runs/2026_08_24_evolution_ga_benchmark_15_08_52/2026_08_24_evolution_ga_Troglitazone_rediscovery/scores.csv	PORTABLE_OUTPUT_ROOT/guacamol_frequency_ablation_merged_20260824_150715/full-spectrum/seed_1/task_1_Troglitazone_rediscovery/compare_GuacaMol_20260824_150845
full-spectrum	1	2	Thiothixene_rediscovery	0.3277310924369748	0.03941093989130486	13056.0	PORTABLE_USER_ROOT/spectralMol/guacamol_frequency_ablation_merged_20260824_150715/full-spectrum/seed_1/task_2_Thiothixene_rediscovery/compare_GuacaMol_20260824_150845/runs/spectralmol/seed_1/case_GuacaMol_20260824_150846/benchmark_runs/2026_08_24_evolution_ga_benchmark_15_08_52/2026_08_24_evolution_ga_Thiothixene_rediscovery/scores.csv	PORTABLE_OUTPUT_ROOT/guacamol_frequency_ablation_merged_20260824_150715/full-spectrum/seed_1/task_2_Thiothixene_rediscovery/compare_GuacaMol_20260824_150845
full-spectrum	1	3	Aripiprazole_similarity	1.0	0.12917655569701605	13056.0	PORTABLE_USER_ROOT/spectralMol/guacamol_frequency_ablation_merged_20260824_150715/full-spectrum/seed_1/task_3_Aripiprazole_similarity/compare_GuacaMol_20260824_150845/runs/spectralmol/seed_1/case_GuacaMol_20260824_150846/benchmark_runs/2026_08_24_evolution_ga_benchmark_15_08_52/2026_08_24_evolution_ga_Aripiprazole_similarity/scores.csv	PORTABLE_OUTPUT_ROOT/guacamol_frequency_ablation_merged_20260824_150715/full-spectrum/seed_1/task_3_Aripiprazole_similarity/compare_GuacaMol_20260824_150845
full-spectrum	1	4	Albuterol_similarity	0.5523809523809524	0.17746102114491924	13056.0	PORTABLE_USER_ROOT/spectralMol/guacamol_frequency_ablation_merged_20260824_150715/full-spectrum/seed_1/task_4_Albuterol_similarity/compare_GuacaMol_20260824_150845/runs/spectralmol/seed_1/case_GuacaMol_20260824_150846/benchmark_runs/2026_08_24_evolution_ga_benchmark_15_08_52/2026_08_24_evolution_ga_Albuterol_similarity/scores.csv	PORTABLE_OUTPUT_ROOT/guacamol_frequency_ablation_merged_20260824_150715/full-spectrum/seed_1/task_4_Albuterol_similarity/compare_GuacaMol_20260824_150845
full-spectrum	1	5	Mestranol_similarity	1.0	0.17421344123072366	13056.0	PORTABLE_USER_ROOT/spectralMol/guacamol_frequency_ablation_merged_20260824_150715/full-spectrum/seed_1/task_5_Mestranol_similarity/compare_GuacaMol_20260824_150847/runs/spectralmol/seed_1/case_GuacaMol_20260824_150848/benchmark_runs/2026_08_24_evolution_ga_benchmark_15_08_54/2026_08_24_evolution_ga_Mestranol_similarity/scores.csv	PORTABLE_OUTPUT_ROOT/guacamol_frequency_ablation_merged_20260824_150715/full-spectrum/seed_1/task_5_Mestranol_similarity/compare_GuacaMol_20260824_150847
full-spectrum	1	6	C11H24	1.0	0.018406225755641544	13056.0	PORTABLE_USER_ROOT/spectralMol/guacamol_frequency_ablation_merged_20260824_150715/full-spectrum/seed_1/task_6_C11H24/compare_GuacaMol_20260824_150852/runs/spectralmol/seed_1/case_GuacaMol_20260824_150855/benchmark_runs/2026_08_24_evolution_ga_benchmark_15_09_13/2026_08_24_evolution_ga_C11H24/scores.csv	PORTABLE_OUTPUT_ROOT/guacamol_frequency_ablation_merged_20260824_150715/full-spectrum/seed_1/task_6_C11H24/compare_GuacaMol_20260824_150852
full-spectrum	1	7	C9H10N2O2PF2Cl	0.8348063012807894	0.18595272328126958	13056.0	PORTABLE_USER_ROOT/spectralMol/guacamol_frequency_ablation_merged_20260824_150715/full-spectrum/seed_1/task_7_C9H10N2O2PF2Cl/compare_GuacaMol_20260824_150852/runs/spectralmol/seed_1/case_GuacaMol_20260824_150855/benchmark_runs/2026_08_24_evolution_ga_benchmark_15_09_13/2026_08_24_evolution_ga_C9H10N2O2PF2Cl/scores.csv	PORTABLE_OUTPUT_ROOT/guacamol_frequency_ablation_merged_20260824_150715/full-spectrum/seed_1/task_7_C9H10N2O2PF2Cl/compare_GuacaMol_20260824_150852
full-spectrum	1	8	Median_molecules_1	0.3999999999999999	0.045030179808534604	13056.0	PORTABLE_USER_ROOT/spectralMol/guacamol_frequency_ablation_merged_20260824_150715/full-spectrum/seed_1/task_8_Median_molecules_1/compare_GuacaMol_20260824_150852/runs/spectralmol/seed_1/case_GuacaMol_20260824_150855/benchmark_runs/2026_08_24_evolution_ga_benchmark_15_09_13/2026_08_24_evolution_ga_Median_molecules_1/scores.csv	PORTABLE_OUTPUT_ROOT/guacamol_frequency_ablation_merged_20260824_150715/full-spectrum/seed_1/task_8_Median_molecules_1/compare_GuacaMol_20260824_150852
full-spectrum	1	9	Median_molecules_2	0.3623715376697393	0.03762970939224003	13056.0	PORTABLE_USER_ROOT/spectralMol/guacamol_frequency_ablation_merged_20260824_150715/full-spectrum/seed_1/task_9_Median_molecules_2/compare_GuacaMol_20260824_150852/runs/spectralmol/seed_1/case_GuacaMol_20260824_150855/benchmark_runs/2026_08_24_evolution_ga_benchmark_15_09_13/2026_08_24_evolution_ga_Median_molecules_2/scores.csv	PORTABLE_OUTPUT_ROOT/guacamol_frequency_ablation_merged_20260824_150715/full-spectrum/seed_1/task_9_Median_molecules_2/compare_GuacaMol_20260824_150852
full-spectrum	2	0	Celecoxib_rediscovery	1.0	0.09239654728063033	13056.0	PORTABLE_USER_ROOT/spectralMol/guacamol_frequency_ablation_merged_20260824_150715/full-spectrum/seed_2/task_0_Celecoxib_rediscovery/compare_GuacaMol_20260824_151352/runs/spectralmol/seed_2/case_GuacaMol_20260824_151353/benchmark_runs/2026_08_24_evolution_ga_benchmark_15_13_56/2026_08_24_evolution_ga_Celecoxib_rediscovery/scores.csv	PORTABLE_OUTPUT_ROOT/guacamol_frequency_ablation_merged_20260824_150715/full-spectrum/seed_2/task_0_Celecoxib_rediscovery/compare_GuacaMol_20260824_151352
full-spectrum	2	10	Osimertinib_MPO	0.7588646476479823	0.05680275943184631	13056.0	PORTABLE_USER_ROOT/spectralMol/guacamol_frequency_ablation_merged_20260824_150715/full-spectrum/seed_2/task_10_Osimertinib_MPO/compare_GuacaMol_20260824_151413/runs/spectralmol/seed_2/case_GuacaMol_20260824_151415/benchmark_runs/2026_08_24_evolution_ga_benchmark_15_14_25/2026_08_24_evolution_ga_Osimertinib_MPO/scores.csv	PORTABLE_OUTPUT_ROOT/guacamol_frequency_ablation_merged_20260824_150715/full-spectrum/seed_2/task_10_Osimertinib_MPO/compare_GuacaMol_20260824_151413
full-spectrum	2	11	Fexofenadine_MPO	1.0	0.21488781343670255	13056.0	PORTABLE_USER_ROOT/spectralMol/guacamol_frequency_ablation_merged_20260824_150715/full-spectrum/seed_2/task_11_Fexofenadine_MPO/compare_GuacaMol_20260824_151413/runs/spectralmol/seed_2/case_GuacaMol_20260824_151415/benchmark_runs/2026_08_24_evolution_ga_benchmark_15_14_25/2026_08_24_evolution_ga_Fexofenadine_MPO/scores.csv	PORTABLE_OUTPUT_ROOT/guacamol_frequency_ablation_merged_20260824_150715/full-spectrum/seed_2/task_11_Fexofenadine_MPO/compare_GuacaMol_20260824_151413
full-spectrum	2	12	Ranolazine_MPO	0.6927265918932927	0.02722723813019322	13056.0	PORTABLE_USER_ROOT/spectralMol/guacamol_frequency_ablation_merged_20260824_150715/full-spectrum/seed_2/task_12_Ranolazine_MPO/compare_GuacaMol_20260824_151408/runs/spectralmol/seed_2/case_GuacaMol_20260824_151410/benchmark_runs/2026_08_24_evolution_ga_benchmark_15_14_22/2026_08_24_evolution_ga_Ranolazine_MPO/scores.csv	PORTABLE_OUTPUT_ROOT/guacamol_frequency_ablation_merged_20260824_150715/full-spectrum/seed_2/task_12_Ranolazine_MPO/compare_GuacaMol_20260824_151408
full-spectrum	2	13	Perindopril_MPO	0.4096159602595202	0.00777901980278771	13056.0	PORTABLE_USER_ROOT/spectralMol/guacamol_frequency_ablation_merged_20260824_150715/full-spectrum/seed_2/task_13_Perindopril_MPO/compare_GuacaMol_20260824_151413/runs/spectralmol/seed_2/case_GuacaMol_20260824_151415/benchmark_runs/2026_08_24_evolution_ga_benchmark_15_14_25/2026_08_24_evolution_ga_Perindopril_MPO/scores.csv	PORTABLE_OUTPUT_ROOT/guacamol_frequency_ablation_merged_20260824_150715/full-spectrum/seed_2/task_13_Perindopril_MPO/compare_GuacaMol_20260824_151413
full-spectrum	2	14	Amlodipine_MPO	0.8751899489873673	0.05183035063512383	13056.0	PORTABLE_USER_ROOT/spectralMol/guacamol_frequency_ablation_merged_20260824_150715/full-spectrum/seed_2/task_14_Amlodipine_MPO/compare_GuacaMol_20260824_151413/runs/spectralmol/seed_2/case_GuacaMol_20260824_151415/benchmark_runs/2026_08_24_evolution_ga_benchmark_15_14_25/2026_08_24_evolution_ga_Amlodipine_MPO/scores.csv	PORTABLE_OUTPUT_ROOT/guacamol_frequency_ablation_merged_20260824_150715/full-spectrum/seed_2/task_14_Amlodipine_MPO/compare_GuacaMol_20260824_151413
full-spectrum	2	15	Sitagliptin_MPO	0.6015272373890223	0.02615977493713674	13056.0	PORTABLE_USER_ROOT/spectralMol/guacamol_frequency_ablation_merged_20260824_150715/full-spectrum/seed_2/task_15_Sitagliptin_MPO/compare_GuacaMol_20260824_151408/runs/spectralmol/seed_2/case_GuacaMol_20260824_151410/benchmark_runs/2026_08_24_evolution_ga_benchmark_15_14_22/2026_08_24_evolution_ga_Sitagliptin_MPO/scores.csv	PORTABLE_OUTPUT_ROOT/guacamol_frequency_ablation_merged_20260824_150715/full-spectrum/seed_2/task_15_Sitagliptin_MPO/compare_GuacaMol_20260824_151408
full-spectrum	2	16	Zaleplon_MPO	0.6833867081829803	0.017618713337706086	13056.0	PORTABLE_USER_ROOT/spectralMol/guacamol_frequency_ablation_merged_20260824_150715/full-spectrum/seed_2/task_16_Zaleplon_MPO/compare_GuacaMol_20260824_151357/runs/spectralmol/seed_2/case_GuacaMol_20260824_151400/benchmark_runs/2026_08_24_evolution_ga_benchmark_15_14_12/2026_08_24_evolution_ga_Zaleplon_MPO/scores.csv	PORTABLE_OUTPUT_ROOT/guacamol_frequency_ablation_merged_20260824_150715/full-spectrum/seed_2/task_16_Zaleplon_MPO/compare_GuacaMol_20260824_151357
full-spectrum	2	17	Valsartan_smarts	0.0288427643731933	0.0001791561102849643	13056.0	PORTABLE_USER_ROOT/spectralMol/guacamol_frequency_ablation_merged_20260824_150715/full-spectrum/seed_2/task_17_Valsartan_smarts/compare_GuacaMol_20260824_151358/runs/spectralmol/seed_2/case_GuacaMol_20260824_151401/benchmark_runs/2026_08_24_evolution_ga_benchmark_15_14_12/2026_08_24_evolution_ga_Valsartan_smarts/scores.csv	PORTABLE_OUTPUT_ROOT/guacamol_frequency_ablation_merged_20260824_150715/full-spectrum/seed_2/task_17_Valsartan_smarts/compare_GuacaMol_20260824_151358
full-spectrum	2	18	Deco_hop	0.59375025	0.4988342469778213	13056.0	PORTABLE_USER_ROOT/spectralMol/guacamol_frequency_ablation_merged_20260824_150715/full-spectrum/seed_2/task_18_Deco_hop/compare_GuacaMol_20260824_151358/runs/spectralmol/seed_2/case_GuacaMol_20260824_151401/benchmark_runs/2026_08_24_evolution_ga_benchmark_15_14_12/2026_08_24_evolution_ga_Deco_hop/scores.csv	PORTABLE_OUTPUT_ROOT/guacamol_frequency_ablation_merged_20260824_150715/full-spectrum/seed_2/task_18_Deco_hop/compare_GuacaMol_20260824_151358
full-spectrum	2	19	Scaffold_hop	0.666667	0.3518188680861162	13056.0	PORTABLE_USER_ROOT/spectralMol/guacamol_frequency_ablation_merged_20260824_150715/full-spectrum/seed_2/task_19_Scaffold_hop/compare_GuacaMol_20260824_151352/runs/spectralmol/seed_2/case_GuacaMol_20260824_151353/benchmark_runs/2026_08_24_evolution_ga_benchmark_15_13_55/2026_08_24_evolution_ga_Scaffold_hop/scores.csv	PORTABLE_OUTPUT_ROOT/guacamol_frequency_ablation_merged_20260824_150715/full-spectrum/seed_2/task_19_Scaffold_hop/compare_GuacaMol_20260824_151352
full-spectrum	2	1	Troglitazone_rediscovery	1.0	0.08779955073025987	13056.0	PORTABLE_USER_ROOT/spectralMol/guacamol_frequency_ablation_merged_20260824_150715/full-spectrum/seed_2/task_1_Troglitazone_rediscovery/compare_GuacaMol_20260824_151352/runs/spectralmol/seed_2/case_GuacaMol_20260824_151353/benchmark_runs/2026_08_24_evolution_ga_benchmark_15_13_56/2026_08_24_evolution_ga_Troglitazone_rediscovery/scores.csv	PORTABLE_OUTPUT_ROOT/guacamol_frequency_ablation_merged_20260824_150715/full-spectrum/seed_2/task_1_Troglitazone_rediscovery/compare_GuacaMol_20260824_151352
full-spectrum	2	2	Thiothixene_rediscovery	1.0	0.07440628413354375	13056.0	PORTABLE_USER_ROOT/spectralMol/guacamol_frequency_ablation_merged_20260824_150715/full-spectrum/seed_2/task_2_Thiothixene_rediscovery/compare_GuacaMol_20260824_151352/runs/spectralmol/seed_2/case_GuacaMol_20260824_151353/benchmark_runs/2026_08_24_evolution_ga_benchmark_15_13_56/2026_08_24_evolution_ga_Thiothixene_rediscovery/scores.csv	PORTABLE_OUTPUT_ROOT/guacamol_frequency_ablation_merged_20260824_150715/full-spectrum/seed_2/task_2_Thiothixene_rediscovery/compare_GuacaMol_20260824_151352
full-spectrum	2	3	Aripiprazole_similarity	1.0	0.12672566912157746	13056.0	PORTABLE_USER_ROOT/spectralMol/guacamol_frequency_ablation_merged_20260824_150715/full-spectrum/seed_2/task_3_Aripiprazole_similarity/compare_GuacaMol_20260824_151352/runs/spectralmol/seed_2/case_GuacaMol_20260824_151353/benchmark_runs/2026_08_24_evolution_ga_benchmark_15_13_56/2026_08_24_evolution_ga_Aripiprazole_similarity/scores.csv	PORTABLE_OUTPUT_ROOT/guacamol_frequency_ablation_merged_20260824_150715/full-spectrum/seed_2/task_3_Aripiprazole_similarity/compare_GuacaMol_20260824_151352
full-spectrum	2	4	Albuterol_similarity	0.5502645502645502	0.17933667806713374	13056.0	PORTABLE_USER_ROOT/spectralMol/guacamol_frequency_ablation_merged_20260824_150715/full-spectrum/seed_2/task_4_Albuterol_similarity/compare_GuacaMol_20260824_151352/runs/spectralmol/seed_2/case_GuacaMol_20260824_151353/benchmark_runs/2026_08_24_evolution_ga_benchmark_15_13_56/2026_08_24_evolution_ga_Albuterol_similarity/scores.csv	PORTABLE_OUTPUT_ROOT/guacamol_frequency_ablation_merged_20260824_150715/full-spectrum/seed_2/task_4_Albuterol_similarity/compare_GuacaMol_20260824_151352
full-spectrum	2	5	Mestranol_similarity	1.0	0.20735672646932982	13056.0	PORTABLE_USER_ROOT/spectralMol/guacamol_frequency_ablation_merged_20260824_150715/full-spectrum/seed_2/task_5_Mestranol_similarity/compare_GuacaMol_20260824_151352/runs/spectralmol/seed_2/case_GuacaMol_20260824_151353/benchmark_runs/2026_08_24_evolution_ga_benchmark_15_13_56/2026_08_24_evolution_ga_Mestranol_similarity/scores.csv	PORTABLE_OUTPUT_ROOT/guacamol_frequency_ablation_merged_20260824_150715/full-spectrum/seed_2/task_5_Mestranol_similarity/compare_GuacaMol_20260824_151352
full-spectrum	2	6	C11H24	1.0	0.04963498950656847	13056.0	PORTABLE_USER_ROOT/spectralMol/guacamol_frequency_ablation_merged_20260824_150715/full-spectrum/seed_2/task_6_C11H24/compare_GuacaMol_20260824_151352/runs/spectralmol/seed_2/case_GuacaMol_20260824_151353/benchmark_runs/2026_08_24_evolution_ga_benchmark_15_13_56/2026_08_24_evolution_ga_C11H24/scores.csv	PORTABLE_OUTPUT_ROOT/guacamol_frequency_ablation_merged_20260824_150715/full-spectrum/seed_2/task_6_C11H24/compare_GuacaMol_20260824_151352
full-spectrum	2	7	C9H10N2O2PF2Cl	0.9248488132162048	0.19917843244148595	13056.0	PORTABLE_USER_ROOT/spectralMol/guacamol_frequency_ablation_merged_20260824_150715/full-spectrum/seed_2/task_7_C9H10N2O2PF2Cl/compare_GuacaMol_20260824_151358/runs/spectralmol/seed_2/case_GuacaMol_20260824_151400/benchmark_runs/2026_08_24_evolution_ga_benchmark_15_14_11/2026_08_24_evolution_ga_C9H10N2O2PF2Cl/scores.csv	PORTABLE_OUTPUT_ROOT/guacamol_frequency_ablation_merged_20260824_150715/full-spectrum/seed_2/task_7_C9H10N2O2PF2Cl/compare_GuacaMol_20260824_151358
full-spectrum	2	8	Median_molecules_1	0.3999999999999999	0.05966427876630158	13056.0	PORTABLE_USER_ROOT/spectralMol/guacamol_frequency_ablation_merged_20260824_150715/full-spectrum/seed_2/task_8_Median_molecules_1/compare_GuacaMol_20260824_151408/runs/spectralmol/seed_2/case_GuacaMol_20260824_151410/benchmark_runs/2026_08_24_evolution_ga_benchmark_15_14_20/2026_08_24_evolution_ga_Median_molecules_1/scores.csv	PORTABLE_OUTPUT_ROOT/guacamol_frequency_ablation_merged_20260824_150715/full-spectrum/seed_2/task_8_Median_molecules_1/compare_GuacaMol_20260824_151408
full-spectrum	2	9	Median_molecules_2	0.2554520149116044	0.01817933206447355	13056.0	PORTABLE_USER_ROOT/spectralMol/guacamol_frequency_ablation_merged_20260824_150715/full-spectrum/seed_2/task_9_Median_molecules_2/compare_GuacaMol_20260824_151413/runs/spectralmol/seed_2/case_GuacaMol_20260824_151415/benchmark_runs/2026_08_24_evolution_ga_benchmark_15_14_25/2026_08_24_evolution_ga_Median_molecules_2/scores.csv	PORTABLE_OUTPUT_ROOT/guacamol_frequency_ablation_merged_20260824_150715/full-spectrum/seed_2/task_9_Median_molecules_2/compare_GuacaMol_20260824_151413
full-spectrum	3	0	Celecoxib_rediscovery	1.0	0.054961884413742425	13056.0	PORTABLE_USER_ROOT/spectralMol/guacamol_frequency_ablation_merged_20260824_150715/full-spectrum/seed_3/task_0_Celecoxib_rediscovery/compare_GuacaMol_20260824_151353/runs/spectralmol/seed_3/case_GuacaMol_20260824_151353/benchmark_runs/2026_08_24_evolution_ga_benchmark_15_13_56/2026_08_24_evolution_ga_Celecoxib_rediscovery/scores.csv	PORTABLE_OUTPUT_ROOT/guacamol_frequency_ablation_merged_20260824_150715/full-spectrum/seed_3/task_0_Celecoxib_rediscovery/compare_GuacaMol_20260824_151353
full-spectrum	3	10	Osimertinib_MPO	0.7987738724462514	0.042048346938526306	13056.0	PORTABLE_USER_ROOT/spectralMol/guacamol_frequency_ablation_merged_20260824_150715/full-spectrum/seed_3/task_10_Osimertinib_MPO/compare_GuacaMol_20260824_151408/runs/spectralmol/seed_3/case_GuacaMol_20260824_151410/benchmark_runs/2026_08_24_evolution_ga_benchmark_15_14_21/2026_08_24_evolution_ga_Osimertinib_MPO/scores.csv	PORTABLE_OUTPUT_ROOT/guacamol_frequency_ablation_merged_20260824_150715/full-spectrum/seed_3/task_10_Osimertinib_MPO/compare_GuacaMol_20260824_151408
full-spectrum	3	11	Fexofenadine_MPO	1.0	0.13619157255333922	13056.0	PORTABLE_USER_ROOT/spectralMol/guacamol_frequency_ablation_merged_20260824_150715/full-spectrum/seed_3/task_11_Fexofenadine_MPO/compare_GuacaMol_20260824_151354/runs/spectralmol/seed_3/case_GuacaMol_20260824_151356/benchmark_runs/2026_08_24_evolution_ga_benchmark_15_14_02/2026_08_24_evolution_ga_Fexofenadine_MPO/scores.csv	PORTABLE_OUTPUT_ROOT/guacamol_frequency_ablation_merged_20260824_150715/full-spectrum/seed_3/task_11_Fexofenadine_MPO/compare_GuacaMol_20260824_151354
full-spectrum	3	12	Ranolazine_MPO	0.8204720975386341	0.07014347139207874	13056.0	PORTABLE_USER_ROOT/spectralMol/guacamol_frequency_ablation_merged_20260824_150715/full-spectrum/seed_3/task_12_Ranolazine_MPO/compare_GuacaMol_20260824_151358/runs/spectralmol/seed_3/case_GuacaMol_20260824_151359/benchmark_runs/2026_08_24_evolution_ga_benchmark_15_14_03/2026_08_24_evolution_ga_Ranolazine_MPO/scores.csv	PORTABLE_OUTPUT_ROOT/guacamol_frequency_ablation_merged_20260824_150715/full-spectrum/seed_3/task_12_Ranolazine_MPO/compare_GuacaMol_20260824_151358
full-spectrum	3	13	Perindopril_MPO	0.4703604341917986	0.007037605352410873	13056.0	PORTABLE_USER_ROOT/spectralMol/guacamol_frequency_ablation_merged_20260824_150715/full-spectrum/seed_3/task_13_Perindopril_MPO/compare_GuacaMol_20260824_151354/runs/spectralmol/seed_3/case_GuacaMol_20260824_151355/benchmark_runs/2026_08_24_evolution_ga_benchmark_15_13_59/2026_08_24_evolution_ga_Perindopril_MPO/scores.csv	PORTABLE_OUTPUT_ROOT/guacamol_frequency_ablation_merged_20260824_150715/full-spectrum/seed_3/task_13_Perindopril_MPO/compare_GuacaMol_20260824_151354
full-spectrum	3	14	Amlodipine_MPO	0.5516772843673705	0.009324632715334324	13056.0	PORTABLE_USER_ROOT/spectralMol/guacamol_frequency_ablation_merged_20260824_150715/full-spectrum/seed_3/task_14_Amlodipine_MPO/compare_GuacaMol_20260824_151358/runs/spectralmol/seed_3/case_GuacaMol_20260824_151359/benchmark_runs/2026_08_24_evolution_ga_benchmark_15_14_03/2026_08_24_evolution_ga_Amlodipine_MPO/scores.csv	PORTABLE_OUTPUT_ROOT/guacamol_frequency_ablation_merged_20260824_150715/full-spectrum/seed_3/task_14_Amlodipine_MPO/compare_GuacaMol_20260824_151358
full-spectrum	3	15	Sitagliptin_MPO	0.650178436297993	0.032853944016593556	13056.0	PORTABLE_USER_ROOT/spectralMol/guacamol_frequency_ablation_merged_20260824_150715/full-spectrum/seed_3/task_15_Sitagliptin_MPO/compare_GuacaMol_20260824_151358/runs/spectralmol/seed_3/case_GuacaMol_20260824_151359/benchmark_runs/2026_08_24_evolution_ga_benchmark_15_14_03/2026_08_24_evolution_ga_Sitagliptin_MPO/scores.csv	PORTABLE_OUTPUT_ROOT/guacamol_frequency_ablation_merged_20260824_150715/full-spectrum/seed_3/task_15_Sitagliptin_MPO/compare_GuacaMol_20260824_151358
full-spectrum	3	16	Zaleplon_MPO	0.6936365736837096	0.014322955472533434	13056.0	PORTABLE_USER_ROOT/spectralMol/guacamol_frequency_ablation_merged_20260824_150715/full-spectrum/seed_3/task_16_Zaleplon_MPO/compare_GuacaMol_20260824_151602/runs/spectralmol/seed_3/case_GuacaMol_20260824_151603/benchmark_runs/2026_08_24_evolution_ga_benchmark_15_16_06/2026_08_24_evolution_ga_Zaleplon_MPO/scores.csv	PORTABLE_OUTPUT_ROOT/guacamol_frequency_ablation_merged_20260824_150715/full-spectrum/seed_3/task_16_Zaleplon_MPO/compare_GuacaMol_20260824_151602
full-spectrum	3	17	Valsartan_smarts	0.0254170736932165	6.306159103461026e-05	13056.0	PORTABLE_USER_ROOT/spectralMol/guacamol_frequency_ablation_merged_20260824_150715/full-spectrum/seed_3/task_17_Valsartan_smarts/compare_GuacaMol_20260824_151613/runs/spectralmol/seed_3/case_GuacaMol_20260824_151617/benchmark_runs/2026_08_24_evolution_ga_benchmark_15_16_39/2026_08_24_evolution_ga_Valsartan_smarts/scores.csv	PORTABLE_OUTPUT_ROOT/guacamol_frequency_ablation_merged_20260824_150715/full-spectrum/seed_3/task_17_Valsartan_smarts/compare_GuacaMol_20260824_151613
full-spectrum	3	18	Deco_hop	0.5931828467797191	0.5004249280062427	13056.0	PORTABLE_USER_ROOT/spectralMol/guacamol_frequency_ablation_merged_20260824_150715/full-spectrum/seed_3/task_18_Deco_hop/compare_GuacaMol_20260824_151613/runs/spectralmol/seed_3/case_GuacaMol_20260824_151617/benchmark_runs/2026_08_24_evolution_ga_benchmark_15_16_39/2026_08_24_evolution_ga_Deco_hop/scores.csv	PORTABLE_OUTPUT_ROOT/guacamol_frequency_ablation_merged_20260824_150715/full-spectrum/seed_3/task_18_Deco_hop/compare_GuacaMol_20260824_151613
full-spectrum	3	19	Scaffold_hop	0.666667	0.35956233358224987	13056.0	PORTABLE_USER_ROOT/spectralMol/guacamol_frequency_ablation_merged_20260824_150715/full-spectrum/seed_3/task_19_Scaffold_hop/compare_GuacaMol_20260824_152105/runs/spectralmol/seed_3/case_GuacaMol_20260824_152106/benchmark_runs/2026_08_24_evolution_ga_benchmark_15_21_12/2026_08_24_evolution_ga_Scaffold_hop/scores.csv	PORTABLE_OUTPUT_ROOT/guacamol_frequency_ablation_merged_20260824_150715/full-spectrum/seed_3/task_19_Scaffold_hop/compare_GuacaMol_20260824_152105
full-spectrum	3	1	Troglitazone_rediscovery	1.0	0.08477742299143033	13056.0	PORTABLE_USER_ROOT/spectralMol/guacamol_frequency_ablation_merged_20260824_150715/full-spectrum/seed_3/task_1_Troglitazone_rediscovery/compare_GuacaMol_20260824_151352/runs/spectralmol/seed_3/case_GuacaMol_20260824_151353/benchmark_runs/2026_08_24_evolution_ga_benchmark_15_13_55/2026_08_24_evolution_ga_Troglitazone_rediscovery/scores.csv	PORTABLE_OUTPUT_ROOT/guacamol_frequency_ablation_merged_20260824_150715/full-spectrum/seed_3/task_1_Troglitazone_rediscovery/compare_GuacaMol_20260824_151352
full-spectrum	3	2	Thiothixene_rediscovery	0.8421052631578947	0.12959559298141585	13056.0	PORTABLE_USER_ROOT/spectralMol/guacamol_frequency_ablation_merged_20260824_150715/full-spectrum/seed_3/task_2_Thiothixene_rediscovery/compare_GuacaMol_20260824_151352/runs/spectralmol/seed_3/case_GuacaMol_20260824_151353/benchmark_runs/2026_08_24_evolution_ga_benchmark_15_13_55/2026_08_24_evolution_ga_Thiothixene_rediscovery/scores.csv	PORTABLE_OUTPUT_ROOT/guacamol_frequency_ablation_merged_20260824_150715/full-spectrum/seed_3/task_2_Thiothixene_rediscovery/compare_GuacaMol_20260824_151352
full-spectrum	3	3	Aripiprazole_similarity	1.0	0.15784951739725325	13056.0	PORTABLE_USER_ROOT/spectralMol/guacamol_frequency_ablation_merged_20260824_150715/full-spectrum/seed_3/task_3_Aripiprazole_similarity/compare_GuacaMol_20260824_151353/runs/spectralmol/seed_3/case_GuacaMol_20260824_151354/benchmark_runs/2026_08_24_evolution_ga_benchmark_15_13_57/2026_08_24_evolution_ga_Aripiprazole_similarity/scores.csv	PORTABLE_OUTPUT_ROOT/guacamol_frequency_ablation_merged_20260824_150715/full-spectrum/seed_3/task_3_Aripiprazole_similarity/compare_GuacaMol_20260824_151353
full-spectrum	3	4	Albuterol_similarity	0.5977011494252874	0.1965978705381097	13056.0	PORTABLE_USER_ROOT/spectralMol/guacamol_frequency_ablation_merged_20260824_150715/full-spectrum/seed_3/task_4_Albuterol_similarity/compare_GuacaMol_20260824_151357/runs/spectralmol/seed_3/case_GuacaMol_20260824_151400/benchmark_runs/2026_08_24_evolution_ga_benchmark_15_14_10/2026_08_24_evolution_ga_Albuterol_similarity/scores.csv	PORTABLE_OUTPUT_ROOT/guacamol_frequency_ablation_merged_20260824_150715/full-spectrum/seed_3/task_4_Albuterol_similarity/compare_GuacaMol_20260824_151357
full-spectrum	3	5	Mestranol_similarity	1.0	0.2779967380773405	13056.0	PORTABLE_USER_ROOT/spectralMol/guacamol_frequency_ablation_merged_20260824_150715/full-spectrum/seed_3/task_5_Mestranol_similarity/compare_GuacaMol_20260824_151357/runs/spectralmol/seed_3/case_GuacaMol_20260824_151400/benchmark_runs/2026_08_24_evolution_ga_benchmark_15_14_10/2026_08_24_evolution_ga_Mestranol_similarity/scores.csv	PORTABLE_OUTPUT_ROOT/guacamol_frequency_ablation_merged_20260824_150715/full-spectrum/seed_3/task_5_Mestranol_similarity/compare_GuacaMol_20260824_151357
full-spectrum	3	6	C11H24	1.0	0.01464687833906062	13056.0	PORTABLE_USER_ROOT/spectralMol/guacamol_frequency_ablation_merged_20260824_150715/full-spectrum/seed_3/task_6_C11H24/compare_GuacaMol_20260824_151357/runs/spectralmol/seed_3/case_GuacaMol_20260824_151400/benchmark_runs/2026_08_24_evolution_ga_benchmark_15_14_10/2026_08_24_evolution_ga_C11H24/scores.csv	PORTABLE_OUTPUT_ROOT/guacamol_frequency_ablation_merged_20260824_150715/full-spectrum/seed_3/task_6_C11H24/compare_GuacaMol_20260824_151357
full-spectrum	3	7	C9H10N2O2PF2Cl	0.8948393168143698	0.18427155507559898	13056.0	PORTABLE_USER_ROOT/spectralMol/guacamol_frequency_ablation_merged_20260824_150715/full-spectrum/seed_3/task_7_C9H10N2O2PF2Cl/compare_GuacaMol_20260824_151408/runs/spectralmol/seed_3/case_GuacaMol_20260824_151410/benchmark_runs/2026_08_24_evolution_ga_benchmark_15_14_21/2026_08_24_evolution_ga_C9H10N2O2PF2Cl/scores.csv	PORTABLE_OUTPUT_ROOT/guacamol_frequency_ablation_merged_20260824_150715/full-spectrum/seed_3/task_7_C9H10N2O2PF2Cl/compare_GuacaMol_20260824_151408
full-spectrum	3	8	Median_molecules_1	0.4067796610169492	0.0631675346693027	13056.0	PORTABLE_USER_ROOT/spectralMol/guacamol_frequency_ablation_merged_20260824_150715/full-spectrum/seed_3/task_8_Median_molecules_1/compare_GuacaMol_20260824_151357/runs/spectralmol/seed_3/case_GuacaMol_20260824_151400/benchmark_runs/2026_08_24_evolution_ga_benchmark_15_14_10/2026_08_24_evolution_ga_Median_molecules_1/scores.csv	PORTABLE_OUTPUT_ROOT/guacamol_frequency_ablation_merged_20260824_150715/full-spectrum/seed_3/task_8_Median_molecules_1/compare_GuacaMol_20260824_151357
full-spectrum	3	9	Median_molecules_2	0.1776672636296753	0.01784950528569644	13056.0	PORTABLE_USER_ROOT/spectralMol/guacamol_frequency_ablation_merged_20260824_150715/full-spectrum/seed_3/task_9_Median_molecules_2/compare_GuacaMol_20260824_151408/runs/spectralmol/seed_3/case_GuacaMol_20260824_151410/benchmark_runs/2026_08_24_evolution_ga_benchmark_15_14_21/2026_08_24_evolution_ga_Median_molecules_2/scores.csv	PORTABLE_OUTPUT_ROOT/guacamol_frequency_ablation_merged_20260824_150715/full-spectrum/seed_3/task_9_Median_molecules_2/compare_GuacaMol_20260824_151408
full-spectrum	4	0	Celecoxib_rediscovery	1.0	0.07058841080419725	13056.0	PORTABLE_USER_ROOT/spectralMol/guacamol_frequency_ablation_merged_20260824_150715/full-spectrum/seed_4/task_0_Celecoxib_rediscovery/compare_GuacaMol_20260824_152109/runs/spectralmol/seed_4/case_GuacaMol_20260824_152111/benchmark_runs/2026_08_24_evolution_ga_benchmark_15_21_25/2026_08_24_evolution_ga_Celecoxib_rediscovery/scores.csv	PORTABLE_OUTPUT_ROOT/guacamol_frequency_ablation_merged_20260824_150715/full-spectrum/seed_4/task_0_Celecoxib_rediscovery/compare_GuacaMol_20260824_152109
full-spectrum	4	10	Osimertinib_MPO	0.7781581271306612	0.05402872517699842	13056.0	PORTABLE_USER_ROOT/spectralMol/guacamol_frequency_ablation_merged_20260824_150715/full-spectrum/seed_4/task_10_Osimertinib_MPO/compare_GuacaMol_20260824_152103/runs/spectralmol/seed_4/case_GuacaMol_20260824_152103/benchmark_runs/2026_08_24_evolution_ga_benchmark_15_21_06/2026_08_24_evolution_ga_Osimertinib_MPO/scores.csv	PORTABLE_OUTPUT_ROOT/guacamol_frequency_ablation_merged_20260824_150715/full-spectrum/seed_4/task_10_Osimertinib_MPO/compare_GuacaMol_20260824_152103
full-spectrum	4	11	Fexofenadine_MPO	0.9972783232049294	0.14642721528719693	13056.0	PORTABLE_USER_ROOT/spectralMol/guacamol_frequency_ablation_merged_20260824_150715/full-spectrum/seed_4/task_11_Fexofenadine_MPO/compare_GuacaMol_20260824_152108/runs/spectralmol/seed_4/case_GuacaMol_20260824_152110/benchmark_runs/2026_08_24_evolution_ga_benchmark_15_21_21/2026_08_24_evolution_ga_Fexofenadine_MPO/scores.csv	PORTABLE_OUTPUT_ROOT/guacamol_frequency_ablation_merged_20260824_150715/full-spectrum/seed_4/task_11_Fexofenadine_MPO/compare_GuacaMol_20260824_152108
full-spectrum	4	12	Ranolazine_MPO	0.6438337383125433	0.036463820146361625	13056.0	PORTABLE_USER_ROOT/spectralMol/guacamol_frequency_ablation_merged_20260824_150715/full-spectrum/seed_4/task_12_Ranolazine_MPO/compare_GuacaMol_20260824_152107/runs/spectralmol/seed_4/case_GuacaMol_20260824_152110/benchmark_runs/2026_08_24_evolution_ga_benchmark_15_21_21/2026_08_24_evolution_ga_Ranolazine_MPO/scores.csv	PORTABLE_OUTPUT_ROOT/guacamol_frequency_ablation_merged_20260824_150715/full-spectrum/seed_4/task_12_Ranolazine_MPO/compare_GuacaMol_20260824_152107
full-spectrum	4	13	Perindopril_MPO	0.4388537257362555	0.007286383279418447	13056.0	PORTABLE_USER_ROOT/spectralMol/guacamol_frequency_ablation_merged_20260824_150715/full-spectrum/seed_4/task_13_Perindopril_MPO/compare_GuacaMol_20260824_152107/runs/spectralmol/seed_4/case_GuacaMol_20260824_152110/benchmark_runs/2026_08_24_evolution_ga_benchmark_15_21_21/2026_08_24_evolution_ga_Perindopril_MPO/scores.csv	PORTABLE_OUTPUT_ROOT/guacamol_frequency_ablation_merged_20260824_150715/full-spectrum/seed_4/task_13_Perindopril_MPO/compare_GuacaMol_20260824_152107
full-spectrum	4	14	Amlodipine_MPO	0.5516772843673705	0.00872663356061274	13056.0	PORTABLE_USER_ROOT/spectralMol/guacamol_frequency_ablation_merged_20260824_150715/full-spectrum/seed_4/task_14_Amlodipine_MPO/compare_GuacaMol_20260824_152107/runs/spectralmol/seed_4/case_GuacaMol_20260824_152110/benchmark_runs/2026_08_24_evolution_ga_benchmark_15_21_21/2026_08_24_evolution_ga_Amlodipine_MPO/scores.csv	PORTABLE_OUTPUT_ROOT/guacamol_frequency_ablation_merged_20260824_150715/full-spectrum/seed_4/task_14_Amlodipine_MPO/compare_GuacaMol_20260824_152107
full-spectrum	4	15	Sitagliptin_MPO	0.6247010167396255	0.02646516773191241	13056.0	PORTABLE_USER_ROOT/spectralMol/guacamol_frequency_ablation_merged_20260824_150715/full-spectrum/seed_4/task_15_Sitagliptin_MPO/compare_GuacaMol_20260824_152107/runs/spectralmol/seed_4/case_GuacaMol_20260824_152110/benchmark_runs/2026_08_24_evolution_ga_benchmark_15_21_21/2026_08_24_evolution_ga_Sitagliptin_MPO/scores.csv	PORTABLE_OUTPUT_ROOT/guacamol_frequency_ablation_merged_20260824_150715/full-spectrum/seed_4/task_15_Sitagliptin_MPO/compare_GuacaMol_20260824_152107
full-spectrum	4	16	Zaleplon_MPO	0.6983075798185957	0.015853162346397023	13056.0	PORTABLE_USER_ROOT/spectralMol/guacamol_frequency_ablation_merged_20260824_150715/full-spectrum/seed_4/task_16_Zaleplon_MPO/compare_GuacaMol_20260824_152107/runs/spectralmol/seed_4/case_GuacaMol_20260824_152109/benchmark_runs/2026_08_24_evolution_ga_benchmark_15_21_20/2026_08_24_evolution_ga_Zaleplon_MPO/scores.csv	PORTABLE_OUTPUT_ROOT/guacamol_frequency_ablation_merged_20260824_150715/full-spectrum/seed_4/task_16_Zaleplon_MPO/compare_GuacaMol_20260824_152107
full-spectrum	4	17	Valsartan_smarts	0.0293717370214787	0.00013806324853193622	13056.0	PORTABLE_USER_ROOT/spectralMol/guacamol_frequency_ablation_merged_20260824_150715/full-spectrum/seed_4/task_17_Valsartan_smarts/compare_GuacaMol_20260824_152107/runs/spectralmol/seed_4/case_GuacaMol_20260824_152109/benchmark_runs/2026_08_24_evolution_ga_benchmark_15_21_20/2026_08_24_evolution_ga_Valsartan_smarts/scores.csv	PORTABLE_OUTPUT_ROOT/guacamol_frequency_ablation_merged_20260824_150715/full-spectrum/seed_4/task_17_Valsartan_smarts/compare_GuacaMol_20260824_152107
full-spectrum	4	18	Deco_hop	0.5834821275995247	0.5000432040593976	13056.0	PORTABLE_USER_ROOT/spectralMol/guacamol_frequency_ablation_merged_20260824_150715/full-spectrum/seed_4/task_18_Deco_hop/compare_GuacaMol_20260824_152107/runs/spectralmol/seed_4/case_GuacaMol_20260824_152108/benchmark_runs/2026_08_24_evolution_ga_benchmark_15_21_20/2026_08_24_evolution_ga_Deco_hop/scores.csv	PORTABLE_OUTPUT_ROOT/guacamol_frequency_ablation_merged_20260824_150715/full-spectrum/seed_4/task_18_Deco_hop/compare_GuacaMol_20260824_152107
full-spectrum	4	19	Scaffold_hop	0.666667	0.35068813200810567	13056.0	PORTABLE_USER_ROOT/spectralMol/guacamol_frequency_ablation_merged_20260824_150715/full-spectrum/seed_4/task_19_Scaffold_hop/compare_GuacaMol_20260824_152107/runs/spectralmol/seed_4/case_GuacaMol_20260824_152108/benchmark_runs/2026_08_24_evolution_ga_benchmark_15_21_20/2026_08_24_evolution_ga_Scaffold_hop/scores.csv	PORTABLE_OUTPUT_ROOT/guacamol_frequency_ablation_merged_20260824_150715/full-spectrum/seed_4/task_19_Scaffold_hop/compare_GuacaMol_20260824_152107
full-spectrum	4	1	Troglitazone_rediscovery	1.0	0.0957614808643439	13056.0	PORTABLE_USER_ROOT/spectralMol/guacamol_frequency_ablation_merged_20260824_150715/full-spectrum/seed_4/task_1_Troglitazone_rediscovery/compare_GuacaMol_20260824_152109/runs/spectralmol/seed_4/case_GuacaMol_20260824_152111/benchmark_runs/2026_08_24_evolution_ga_benchmark_15_21_25/2026_08_24_evolution_ga_Troglitazone_rediscovery/scores.csv	PORTABLE_OUTPUT_ROOT/guacamol_frequency_ablation_merged_20260824_150715/full-spectrum/seed_4/task_1_Troglitazone_rediscovery/compare_GuacaMol_20260824_152109
full-spectrum	4	2	Thiothixene_rediscovery	1.0	0.07038318879641925	13056.0	PORTABLE_USER_ROOT/spectralMol/guacamol_frequency_ablation_merged_20260824_150715/full-spectrum/seed_4/task_2_Thiothixene_rediscovery/compare_GuacaMol_20260824_152109/runs/spectralmol/seed_4/case_GuacaMol_20260824_152111/benchmark_runs/2026_08_24_evolution_ga_benchmark_15_21_25/2026_08_24_evolution_ga_Thiothixene_rediscovery/scores.csv	PORTABLE_OUTPUT_ROOT/guacamol_frequency_ablation_merged_20260824_150715/full-spectrum/seed_4/task_2_Thiothixene_rediscovery/compare_GuacaMol_20260824_152109
full-spectrum	4	3	Aripiprazole_similarity	1.0	0.2222917594665932	13056.0	PORTABLE_USER_ROOT/spectralMol/guacamol_frequency_ablation_merged_20260824_150715/full-spectrum/seed_4/task_3_Aripiprazole_similarity/compare_GuacaMol_20260824_152109/runs/spectralmol/seed_4/case_GuacaMol_20260824_152111/benchmark_runs/2026_08_24_evolution_ga_benchmark_15_21_25/2026_08_24_evolution_ga_Aripiprazole_similarity/scores.csv	PORTABLE_OUTPUT_ROOT/guacamol_frequency_ablation_merged_20260824_150715/full-spectrum/seed_4/task_3_Aripiprazole_similarity/compare_GuacaMol_20260824_152109
full-spectrum	4	4	Albuterol_similarity	0.6289308176100629	0.2494828536469999	13056.0	PORTABLE_USER_ROOT/spectralMol/guacamol_frequency_ablation_merged_20260824_150715/full-spectrum/seed_4/task_4_Albuterol_similarity/compare_GuacaMol_20260824_152102/runs/spectralmol/seed_4/case_GuacaMol_20260824_152103/benchmark_runs/2026_08_24_evolution_ga_benchmark_15_21_06/2026_08_24_evolution_ga_Albuterol_similarity/scores.csv	PORTABLE_OUTPUT_ROOT/guacamol_frequency_ablation_merged_20260824_150715/full-spectrum/seed_4/task_4_Albuterol_similarity/compare_GuacaMol_20260824_152102
full-spectrum	4	5	Mestranol_similarity	1.0	0.16957109224699177	13056.0	PORTABLE_USER_ROOT/spectralMol/guacamol_frequency_ablation_merged_20260824_150715/full-spectrum/seed_4/task_5_Mestranol_similarity/compare_GuacaMol_20260824_152102/runs/spectralmol/seed_4/case_GuacaMol_20260824_152103/benchmark_runs/2026_08_24_evolution_ga_benchmark_15_21_06/2026_08_24_evolution_ga_Mestranol_similarity/scores.csv	PORTABLE_OUTPUT_ROOT/guacamol_frequency_ablation_merged_20260824_150715/full-spectrum/seed_4/task_5_Mestranol_similarity/compare_GuacaMol_20260824_152102
full-spectrum	4	6	C11H24	1.0	0.066452529912621	13056.0	PORTABLE_USER_ROOT/spectralMol/guacamol_frequency_ablation_merged_20260824_150715/full-spectrum/seed_4/task_6_C11H24/compare_GuacaMol_20260824_152102/runs/spectralmol/seed_4/case_GuacaMol_20260824_152103/benchmark_runs/2026_08_24_evolution_ga_benchmark_15_21_06/2026_08_24_evolution_ga_C11H24/scores.csv	PORTABLE_OUTPUT_ROOT/guacamol_frequency_ablation_merged_20260824_150715/full-spectrum/seed_4/task_6_C11H24/compare_GuacaMol_20260824_152102
full-spectrum	4	7	C9H10N2O2PF2Cl	0.9248488132162048	0.2424440922338442	13056.0	PORTABLE_USER_ROOT/spectralMol/guacamol_frequency_ablation_merged_20260824_150715/full-spectrum/seed_4/task_7_C9H10N2O2PF2Cl/compare_GuacaMol_20260824_152102/runs/spectralmol/seed_4/case_GuacaMol_20260824_152103/benchmark_runs/2026_08_24_evolution_ga_benchmark_15_21_06/2026_08_24_evolution_ga_C9H10N2O2PF2Cl/scores.csv	PORTABLE_OUTPUT_ROOT/guacamol_frequency_ablation_merged_20260824_150715/full-spectrum/seed_4/task_7_C9H10N2O2PF2Cl/compare_GuacaMol_20260824_152102
full-spectrum	4	8	Median_molecules_1	0.3999999999999999	0.07100974484174342	13056.0	PORTABLE_USER_ROOT/spectralMol/guacamol_frequency_ablation_merged_20260824_150715/full-spectrum/seed_4/task_8_Median_molecules_1/compare_GuacaMol_20260824_152103/runs/spectralmol/seed_4/case_GuacaMol_20260824_152103/benchmark_runs/2026_08_24_evolution_ga_benchmark_15_21_06/2026_08_24_evolution_ga_Median_molecules_1/scores.csv	PORTABLE_OUTPUT_ROOT/guacamol_frequency_ablation_merged_20260824_150715/full-spectrum/seed_4/task_8_Median_molecules_1/compare_GuacaMol_20260824_152103
full-spectrum	4	9	Median_molecules_2	0.3623715376697393	0.020433437275583766	13056.0	PORTABLE_USER_ROOT/spectralMol/guacamol_frequency_ablation_merged_20260824_150715/full-spectrum/seed_4/task_9_Median_molecules_2/compare_GuacaMol_20260824_152103/runs/spectralmol/seed_4/case_GuacaMol_20260824_152103/benchmark_runs/2026_08_24_evolution_ga_benchmark_15_21_06/2026_08_24_evolution_ga_Median_molecules_2/scores.csv	PORTABLE_OUTPUT_ROOT/guacamol_frequency_ablation_merged_20260824_150715/full-spectrum/seed_4/task_9_Median_molecules_2/compare_GuacaMol_20260824_152103
full-spectrum	5	0	Celecoxib_rediscovery	1.0	0.04978510669365515	13056.0	PORTABLE_USER_ROOT/spectralMol/guacamol_frequency_ablation_merged_20260824_150715/full-spectrum/seed_5/task_0_Celecoxib_rediscovery/compare_GuacaMol_20260824_152109/runs/spectralmol/seed_5/case_GuacaMol_20260824_152111/benchmark_runs/2026_08_24_evolution_ga_benchmark_15_21_23/2026_08_24_evolution_ga_Celecoxib_rediscovery/scores.csv	PORTABLE_OUTPUT_ROOT/guacamol_frequency_ablation_merged_20260824_150715/full-spectrum/seed_5/task_0_Celecoxib_rediscovery/compare_GuacaMol_20260824_152109
full-spectrum	5	10	Osimertinib_MPO	0.9757781231511572	0.04849414330604309	13056.0	PORTABLE_USER_ROOT/spectralMol/guacamol_frequency_ablation_merged_20260824_150715/full-spectrum/seed_5/task_10_Osimertinib_MPO/compare_GuacaMol_20260824_152103/runs/spectralmol/seed_5/case_GuacaMol_20260824_152104/benchmark_runs/2026_08_24_evolution_ga_benchmark_15_21_07/2026_08_24_evolution_ga_Osimertinib_MPO/scores.csv	PORTABLE_OUTPUT_ROOT/guacamol_frequency_ablation_merged_20260824_150715/full-spectrum/seed_5/task_10_Osimertinib_MPO/compare_GuacaMol_20260824_152103
full-spectrum	5	11	Fexofenadine_MPO	0.9543200471949992	0.2339325424821968	13056.0	PORTABLE_USER_ROOT/spectralMol/guacamol_frequency_ablation_merged_20260824_150715/full-spectrum/seed_5/task_11_Fexofenadine_MPO/compare_GuacaMol_20260824_152103/runs/spectralmol/seed_5/case_GuacaMol_20260824_152104/benchmark_runs/2026_08_24_evolution_ga_benchmark_15_21_07/2026_08_24_evolution_ga_Fexofenadine_MPO/scores.csv	PORTABLE_OUTPUT_ROOT/guacamol_frequency_ablation_merged_20260824_150715/full-spectrum/seed_5/task_11_Fexofenadine_MPO/compare_GuacaMol_20260824_152103
full-spectrum	5	12	Ranolazine_MPO	0.7374023299594898	0.02458459367283507	13056.0	PORTABLE_USER_ROOT/spectralMol/guacamol_frequency_ablation_merged_20260824_150715/full-spectrum/seed_5/task_12_Ranolazine_MPO/compare_GuacaMol_20260824_152117/runs/spectralmol/seed_5/case_GuacaMol_20260824_152120/benchmark_runs/2026_08_24_evolution_ga_benchmark_15_21_31/2026_08_24_evolution_ga_Ranolazine_MPO/scores.csv	PORTABLE_OUTPUT_ROOT/guacamol_frequency_ablation_merged_20260824_150715/full-spectrum/seed_5/task_12_Ranolazine_MPO/compare_GuacaMol_20260824_152117
full-spectrum	5	13	Perindopril_MPO	0.4518721961743084	0.007542769982421644	13056.0	PORTABLE_USER_ROOT/spectralMol/guacamol_frequency_ablation_merged_20260824_150715/full-spectrum/seed_5/task_13_Perindopril_MPO/compare_GuacaMol_20260824_152112/runs/spectralmol/seed_5/case_GuacaMol_20260824_152115/benchmark_runs/2026_08_24_evolution_ga_benchmark_15_21_25/2026_08_24_evolution_ga_Perindopril_MPO/scores.csv	PORTABLE_OUTPUT_ROOT/guacamol_frequency_ablation_merged_20260824_150715/full-spectrum/seed_5/task_13_Perindopril_MPO/compare_GuacaMol_20260824_152112
full-spectrum	5	14	Amlodipine_MPO	0.5516772843673705	0.010875512657891839	13056.0	PORTABLE_USER_ROOT/spectralMol/guacamol_frequency_ablation_merged_20260824_150715/full-spectrum/seed_5/task_14_Amlodipine_MPO/compare_GuacaMol_20260824_152117/runs/spectralmol/seed_5/case_GuacaMol_20260824_152120/benchmark_runs/2026_08_24_evolution_ga_benchmark_15_21_31/2026_08_24_evolution_ga_Amlodipine_MPO/scores.csv	PORTABLE_OUTPUT_ROOT/guacamol_frequency_ablation_merged_20260824_150715/full-spectrum/seed_5/task_14_Amlodipine_MPO/compare_GuacaMol_20260824_152117
full-spectrum	5	15	Sitagliptin_MPO	0.7461870954734979	0.0246358653828276	13056.0	PORTABLE_USER_ROOT/spectralMol/guacamol_frequency_ablation_merged_20260824_150715/full-spectrum/seed_5/task_15_Sitagliptin_MPO/compare_GuacaMol_20260824_152107/runs/spectralmol/seed_5/case_GuacaMol_20260824_152110/benchmark_runs/2026_08_24_evolution_ga_benchmark_15_21_21/2026_08_24_evolution_ga_Sitagliptin_MPO/scores.csv	PORTABLE_OUTPUT_ROOT/guacamol_frequency_ablation_merged_20260824_150715/full-spectrum/seed_5/task_15_Sitagliptin_MPO/compare_GuacaMol_20260824_152107
full-spectrum	5	16	Zaleplon_MPO	0.6983075798185957	0.022179124949151783	13056.0	PORTABLE_USER_ROOT/spectralMol/guacamol_frequency_ablation_merged_20260824_150715/full-spectrum/seed_5/task_16_Zaleplon_MPO/compare_GuacaMol_20260824_152117/runs/spectralmol/seed_5/case_GuacaMol_20260824_152120/benchmark_runs/2026_08_24_evolution_ga_benchmark_15_21_31/2026_08_24_evolution_ga_Zaleplon_MPO/scores.csv	PORTABLE_OUTPUT_ROOT/guacamol_frequency_ablation_merged_20260824_150715/full-spectrum/seed_5/task_16_Zaleplon_MPO/compare_GuacaMol_20260824_152117
full-spectrum	5	17	Valsartan_smarts	0.0261982728599297	5.126048347228177e-05	13056.0	PORTABLE_USER_ROOT/spectralMol/guacamol_frequency_ablation_merged_20260824_150715/full-spectrum/seed_5/task_17_Valsartan_smarts/compare_GuacaMol_20260824_152112/runs/spectralmol/seed_5/case_GuacaMol_20260824_152115/benchmark_runs/2026_08_24_evolution_ga_benchmark_15_21_25/2026_08_24_evolution_ga_Valsartan_smarts/scores.csv	PORTABLE_OUTPUT_ROOT/guacamol_frequency_ablation_merged_20260824_150715/full-spectrum/seed_5/task_17_Valsartan_smarts/compare_GuacaMol_20260824_152112
full-spectrum	5	18	Deco_hop	0.5975515928120063	0.4997778312407348	13056.0	PORTABLE_USER_ROOT/spectralMol/guacamol_frequency_ablation_merged_20260824_150715/full-spectrum/seed_5/task_18_Deco_hop/compare_GuacaMol_20260824_152117/runs/spectralmol/seed_5/case_GuacaMol_20260824_152118/benchmark_runs/2026_08_24_evolution_ga_benchmark_15_21_22/2026_08_24_evolution_ga_Deco_hop/scores.csv	PORTABLE_OUTPUT_ROOT/guacamol_frequency_ablation_merged_20260824_150715/full-spectrum/seed_5/task_18_Deco_hop/compare_GuacaMol_20260824_152117
full-spectrum	5	19	Scaffold_hop	0.666667	0.35845771756211176	13056.0	PORTABLE_USER_ROOT/spectralMol/guacamol_frequency_ablation_merged_20260824_150715/full-spectrum/seed_5/task_19_Scaffold_hop/compare_GuacaMol_20260824_152259/runs/spectralmol/seed_5/case_GuacaMol_20260824_152259/benchmark_runs/2026_08_24_evolution_ga_benchmark_15_23_02/2026_08_24_evolution_ga_Scaffold_hop/scores.csv	PORTABLE_OUTPUT_ROOT/guacamol_frequency_ablation_merged_20260824_150715/full-spectrum/seed_5/task_19_Scaffold_hop/compare_GuacaMol_20260824_152259
full-spectrum	5	1	Troglitazone_rediscovery	1.0	0.05968897154058583	13056.0	PORTABLE_USER_ROOT/spectralMol/guacamol_frequency_ablation_merged_20260824_150715/full-spectrum/seed_5/task_1_Troglitazone_rediscovery/compare_GuacaMol_20260824_152107/runs/spectralmol/seed_5/case_GuacaMol_20260824_152110/benchmark_runs/2026_08_24_evolution_ga_benchmark_15_21_21/2026_08_24_evolution_ga_Troglitazone_rediscovery/scores.csv	PORTABLE_OUTPUT_ROOT/guacamol_frequency_ablation_merged_20260824_150715/full-spectrum/seed_5/task_1_Troglitazone_rediscovery/compare_GuacaMol_20260824_152107
full-spectrum	5	2	Thiothixene_rediscovery	1.0	0.07037279875881419	13056.0	PORTABLE_USER_ROOT/spectralMol/guacamol_frequency_ablation_merged_20260824_150715/full-spectrum/seed_5/task_2_Thiothixene_rediscovery/compare_GuacaMol_20260824_152108/runs/spectralmol/seed_5/case_GuacaMol_20260824_152110/benchmark_runs/2026_08_24_evolution_ga_benchmark_15_21_21/2026_08_24_evolution_ga_Thiothixene_rediscovery/scores.csv	PORTABLE_OUTPUT_ROOT/guacamol_frequency_ablation_merged_20260824_150715/full-spectrum/seed_5/task_2_Thiothixene_rediscovery/compare_GuacaMol_20260824_152108
full-spectrum	5	3	Aripiprazole_similarity	1.0	0.15351589736955187	13056.0	PORTABLE_USER_ROOT/spectralMol/guacamol_frequency_ablation_merged_20260824_150715/full-spectrum/seed_5/task_3_Aripiprazole_similarity/compare_GuacaMol_20260824_152103/runs/spectralmol/seed_5/case_GuacaMol_20260824_152103/benchmark_runs/2026_08_24_evolution_ga_benchmark_15_21_06/2026_08_24_evolution_ga_Aripiprazole_similarity/scores.csv	PORTABLE_OUTPUT_ROOT/guacamol_frequency_ablation_merged_20260824_150715/full-spectrum/seed_5/task_3_Aripiprazole_similarity/compare_GuacaMol_20260824_152103
full-spectrum	5	4	Albuterol_similarity	0.5679012345679012	0.1896983372517348	13056.0	PORTABLE_USER_ROOT/spectralMol/guacamol_frequency_ablation_merged_20260824_150715/full-spectrum/seed_5/task_4_Albuterol_similarity/compare_GuacaMol_20260824_152102/runs/spectralmol/seed_5/case_GuacaMol_20260824_152102/benchmark_runs/2026_08_24_evolution_ga_benchmark_15_21_05/2026_08_24_evolution_ga_Albuterol_similarity/scores.csv	PORTABLE_OUTPUT_ROOT/guacamol_frequency_ablation_merged_20260824_150715/full-spectrum/seed_5/task_4_Albuterol_similarity/compare_GuacaMol_20260824_152102
full-spectrum	5	5	Mestranol_similarity	1.0	0.15968664853970918	13056.0	PORTABLE_USER_ROOT/spectralMol/guacamol_frequency_ablation_merged_20260824_150715/full-spectrum/seed_5/task_5_Mestranol_similarity/compare_GuacaMol_20260824_152103/runs/spectralmol/seed_5/case_GuacaMol_20260824_152103/benchmark_runs/2026_08_24_evolution_ga_benchmark_15_21_06/2026_08_24_evolution_ga_Mestranol_similarity/scores.csv	PORTABLE_OUTPUT_ROOT/guacamol_frequency_ablation_merged_20260824_150715/full-spectrum/seed_5/task_5_Mestranol_similarity/compare_GuacaMol_20260824_152103
full-spectrum	5	6	C11H24	1.0	0.03861306692928611	13056.0	PORTABLE_USER_ROOT/spectralMol/guacamol_frequency_ablation_merged_20260824_150715/full-spectrum/seed_5/task_6_C11H24/compare_GuacaMol_20260824_152102/runs/spectralmol/seed_5/case_GuacaMol_20260824_152102/benchmark_runs/2026_08_24_evolution_ga_benchmark_15_21_05/2026_08_24_evolution_ga_C11H24/scores.csv	PORTABLE_OUTPUT_ROOT/guacamol_frequency_ablation_merged_20260824_150715/full-spectrum/seed_5/task_6_C11H24/compare_GuacaMol_20260824_152102
full-spectrum	5	7	C9H10N2O2PF2Cl	0.8348063012807894	0.15747030763507736	13056.0	PORTABLE_USER_ROOT/spectralMol/guacamol_frequency_ablation_merged_20260824_150715/full-spectrum/seed_5/task_7_C9H10N2O2PF2Cl/compare_GuacaMol_20260824_152103/runs/spectralmol/seed_5/case_GuacaMol_20260824_152104/benchmark_runs/2026_08_24_evolution_ga_benchmark_15_21_07/2026_08_24_evolution_ga_C9H10N2O2PF2Cl/scores.csv	PORTABLE_OUTPUT_ROOT/guacamol_frequency_ablation_merged_20260824_150715/full-spectrum/seed_5/task_7_C9H10N2O2PF2Cl/compare_GuacaMol_20260824_152103
full-spectrum	5	8	Median_molecules_1	0.3999999999999999	0.06376030743214754	13056.0	PORTABLE_USER_ROOT/spectralMol/guacamol_frequency_ablation_merged_20260824_150715/full-spectrum/seed_5/task_8_Median_molecules_1/compare_GuacaMol_20260824_152103/runs/spectralmol/seed_5/case_GuacaMol_20260824_152104/benchmark_runs/2026_08_24_evolution_ga_benchmark_15_21_07/2026_08_24_evolution_ga_Median_molecules_1/scores.csv	PORTABLE_OUTPUT_ROOT/guacamol_frequency_ablation_merged_20260824_150715/full-spectrum/seed_5/task_8_Median_molecules_1/compare_GuacaMol_20260824_152103
full-spectrum	5	9	Median_molecules_2	0.1982225094075473	0.018865918253640635	13056.0	PORTABLE_USER_ROOT/spectralMol/guacamol_frequency_ablation_merged_20260824_150715/full-spectrum/seed_5/task_9_Median_molecules_2/compare_GuacaMol_20260824_152103/runs/spectralmol/seed_5/case_GuacaMol_20260824_152104/benchmark_runs/2026_08_24_evolution_ga_benchmark_15_21_07/2026_08_24_evolution_ga_Median_molecules_2/scores.csv	PORTABLE_OUTPUT_ROOT/guacamol_frequency_ablation_merged_20260824_150715/full-spectrum/seed_5/task_9_Median_molecules_2/compare_GuacaMol_20260824_152103
high-only	0	0	Celecoxib_rediscovery	1.0	0.02158482174224293	13056.0	PORTABLE_USER_ROOT/spectralMol/guacamol_frequency_ablation_merged_20260824_150715/high-only/seed_0/task_0_Celecoxib_rediscovery/compare_GuacaMol_20260824_152313/runs/spectralmol/seed_0/case_GuacaMol_20260824_152314/benchmark_runs/2026_08_24_evolution_ga_benchmark_15_23_17/2026_08_24_evolution_ga_Celecoxib_rediscovery/scores.csv	PORTABLE_OUTPUT_ROOT/guacamol_frequency_ablation_merged_20260824_150715/high-only/seed_0/task_0_Celecoxib_rediscovery/compare_GuacaMol_20260824_152313
high-only	0	10	Osimertinib_MPO	0.8012841587673166	0.019704909805325823	13056.0	PORTABLE_USER_ROOT/spectralMol/guacamol_frequency_ablation_merged_20260824_150715/high-only/seed_0/task_10_Osimertinib_MPO/compare_GuacaMol_20260824_152401/runs/spectralmol/seed_0/case_GuacaMol_20260824_152402/benchmark_runs/2026_08_24_evolution_ga_benchmark_15_24_09/2026_08_24_evolution_ga_Osimertinib_MPO/scores.csv	PORTABLE_OUTPUT_ROOT/guacamol_frequency_ablation_merged_20260824_150715/high-only/seed_0/task_10_Osimertinib_MPO/compare_GuacaMol_20260824_152401
high-only	0	11	Fexofenadine_MPO	0.6737751741830859	0.0061834176019074085	13056.0	PORTABLE_USER_ROOT/spectralMol/guacamol_frequency_ablation_merged_20260824_150715/high-only/seed_0/task_11_Fexofenadine_MPO/compare_GuacaMol_20260824_152401/runs/spectralmol/seed_0/case_GuacaMol_20260824_152402/benchmark_runs/2026_08_24_evolution_ga_benchmark_15_24_05/2026_08_24_evolution_ga_Fexofenadine_MPO/scores.csv	PORTABLE_OUTPUT_ROOT/guacamol_frequency_ablation_merged_20260824_150715/high-only/seed_0/task_11_Fexofenadine_MPO/compare_GuacaMol_20260824_152401
high-only	0	12	Ranolazine_MPO	0.6925677830065992	0.004750859761212759	13056.0	PORTABLE_USER_ROOT/spectralMol/guacamol_frequency_ablation_merged_20260824_150715/high-only/seed_0/task_12_Ranolazine_MPO/compare_GuacaMol_20260824_152404/runs/spectralmol/seed_0/case_GuacaMol_20260824_152405/benchmark_runs/2026_08_24_evolution_ga_benchmark_15_24_07/2026_08_24_evolution_ga_Ranolazine_MPO/scores.csv	PORTABLE_OUTPUT_ROOT/guacamol_frequency_ablation_merged_20260824_150715/high-only/seed_0/task_12_Ranolazine_MPO/compare_GuacaMol_20260824_152404
high-only	0	13	Perindopril_MPO	0.4284207088802645	0.005889503011254792	13056.0	PORTABLE_USER_ROOT/spectralMol/guacamol_frequency_ablation_merged_20260824_150715/high-only/seed_0/task_13_Perindopril_MPO/compare_GuacaMol_20260824_152412/runs/spectralmol/seed_0/case_GuacaMol_20260824_152414/benchmark_runs/2026_08_24_evolution_ga_benchmark_15_24_24/2026_08_24_evolution_ga_Perindopril_MPO/scores.csv	PORTABLE_OUTPUT_ROOT/guacamol_frequency_ablation_merged_20260824_150715/high-only/seed_0/task_13_Perindopril_MPO/compare_GuacaMol_20260824_152412
high-only	0	14	Amlodipine_MPO	0.5516772843673705	0.005258028167457297	13056.0	PORTABLE_USER_ROOT/spectralMol/guacamol_frequency_ablation_merged_20260824_150715/high-only/seed_0/task_14_Amlodipine_MPO/compare_GuacaMol_20260824_152407/runs/spectralmol/seed_0/case_GuacaMol_20260824_152408/benchmark_runs/2026_08_24_evolution_ga_benchmark_15_24_10/2026_08_24_evolution_ga_Amlodipine_MPO/scores.csv	PORTABLE_OUTPUT_ROOT/guacamol_frequency_ablation_merged_20260824_150715/high-only/seed_0/task_14_Amlodipine_MPO/compare_GuacaMol_20260824_152407
high-only	0	15	Sitagliptin_MPO	0.2669860087252616	0.0005300509324838626	13056.0	PORTABLE_USER_ROOT/spectralMol/guacamol_frequency_ablation_merged_20260824_150715/high-only/seed_0/task_15_Sitagliptin_MPO/compare_GuacaMol_20260824_152407/runs/spectralmol/seed_0/case_GuacaMol_20260824_152408/benchmark_runs/2026_08_24_evolution_ga_benchmark_15_24_10/2026_08_24_evolution_ga_Sitagliptin_MPO/scores.csv	PORTABLE_OUTPUT_ROOT/guacamol_frequency_ablation_merged_20260824_150715/high-only/seed_0/task_15_Sitagliptin_MPO/compare_GuacaMol_20260824_152407
high-only	0	16	Zaleplon_MPO	0.6036166986445207	0.0033686844866413065	13056.0	PORTABLE_USER_ROOT/spectralMol/guacamol_frequency_ablation_merged_20260824_150715/high-only/seed_0/task_16_Zaleplon_MPO/compare_GuacaMol_20260824_152407/runs/spectralmol/seed_0/case_GuacaMol_20260824_152408/benchmark_runs/2026_08_24_evolution_ga_benchmark_15_24_10/2026_08_24_evolution_ga_Zaleplon_MPO/scores.csv	PORTABLE_OUTPUT_ROOT/guacamol_frequency_ablation_merged_20260824_150715/high-only/seed_0/task_16_Zaleplon_MPO/compare_GuacaMol_20260824_152407
high-only	0	17	Valsartan_smarts	0.0212118960310793	1.869159172970346e-05	13056.0	PORTABLE_USER_ROOT/spectralMol/guacamol_frequency_ablation_merged_20260824_150715/high-only/seed_0/task_17_Valsartan_smarts/compare_GuacaMol_20260824_152414/runs/spectralmol/seed_0/case_GuacaMol_20260824_152416/benchmark_runs/2026_08_24_evolution_ga_benchmark_15_24_27/2026_08_24_evolution_ga_Valsartan_smarts/scores.csv	PORTABLE_OUTPUT_ROOT/guacamol_frequency_ablation_merged_20260824_150715/high-only/seed_0/task_17_Valsartan_smarts/compare_GuacaMol_20260824_152414
high-only	0	18	Deco_hop	0.596045447740113	0.5011206814731972	13056.0	PORTABLE_USER_ROOT/spectralMol/guacamol_frequency_ablation_merged_20260824_150715/high-only/seed_0/task_18_Deco_hop/compare_GuacaMol_20260824_152416/runs/spectralmol/seed_0/case_GuacaMol_20260824_152418/benchmark_runs/2026_08_24_evolution_ga_benchmark_15_24_30/2026_08_24_evolution_ga_Deco_hop/scores.csv	PORTABLE_OUTPUT_ROOT/guacamol_frequency_ablation_merged_20260824_150715/high-only/seed_0/task_18_Deco_hop/compare_GuacaMol_20260824_152416
high-only	0	19	Scaffold_hop	0.666667	0.3362526955562474	13056.0	PORTABLE_USER_ROOT/spectralMol/guacamol_frequency_ablation_merged_20260824_150715/high-only/seed_0/task_19_Scaffold_hop/compare_GuacaMol_20260824_152418/runs/spectralmol/seed_0/case_GuacaMol_20260824_152420/benchmark_runs/2026_08_24_evolution_ga_benchmark_15_24_30/2026_08_24_evolution_ga_Scaffold_hop/scores.csv	PORTABLE_OUTPUT_ROOT/guacamol_frequency_ablation_merged_20260824_150715/high-only/seed_0/task_19_Scaffold_hop/compare_GuacaMol_20260824_152418
high-only	0	1	Troglitazone_rediscovery	1.0	0.028730984250938126	13056.0	PORTABLE_USER_ROOT/spectralMol/guacamol_frequency_ablation_merged_20260824_150715/high-only/seed_0/task_1_Troglitazone_rediscovery/compare_GuacaMol_20260824_152319/runs/spectralmol/seed_0/case_GuacaMol_20260824_152320/benchmark_runs/2026_08_24_evolution_ga_benchmark_15_23_23/2026_08_24_evolution_ga_Troglitazone_rediscovery/scores.csv	PORTABLE_OUTPUT_ROOT/guacamol_frequency_ablation_merged_20260824_150715/high-only/seed_0/task_1_Troglitazone_rediscovery/compare_GuacaMol_20260824_152319
high-only	0	2	Thiothixene_rediscovery	1.0	0.0338770690640606	13056.0	PORTABLE_USER_ROOT/spectralMol/guacamol_frequency_ablation_merged_20260824_150715/high-only/seed_0/task_2_Thiothixene_rediscovery/compare_GuacaMol_20260824_152326/runs/spectralmol/seed_0/case_GuacaMol_20260824_152327/benchmark_runs/2026_08_24_evolution_ga_benchmark_15_23_30/2026_08_24_evolution_ga_Thiothixene_rediscovery/scores.csv	PORTABLE_OUTPUT_ROOT/guacamol_frequency_ablation_merged_20260824_150715/high-only/seed_0/task_2_Thiothixene_rediscovery/compare_GuacaMol_20260824_152326
high-only	0	3	Aripiprazole_similarity	1.0	0.0324360690144145	13056.0	PORTABLE_USER_ROOT/spectralMol/guacamol_frequency_ablation_merged_20260824_150715/high-only/seed_0/task_3_Aripiprazole_similarity/compare_GuacaMol_20260824_152326/runs/spectralmol/seed_0/case_GuacaMol_20260824_152327/benchmark_runs/2026_08_24_evolution_ga_benchmark_15_23_30/2026_08_24_evolution_ga_Aripiprazole_similarity/scores.csv	PORTABLE_OUTPUT_ROOT/guacamol_frequency_ablation_merged_20260824_150715/high-only/seed_0/task_3_Aripiprazole_similarity/compare_GuacaMol_20260824_152326
high-only	0	4	Albuterol_similarity	0.5714285714285714	0.13490686228734897	13056.0	PORTABLE_USER_ROOT/spectralMol/guacamol_frequency_ablation_merged_20260824_150715/high-only/seed_0/task_4_Albuterol_similarity/compare_GuacaMol_20260824_152332/runs/spectralmol/seed_0/case_GuacaMol_20260824_152333/benchmark_runs/2026_08_24_evolution_ga_benchmark_15_23_35/2026_08_24_evolution_ga_Albuterol_similarity/scores.csv	PORTABLE_OUTPUT_ROOT/guacamol_frequency_ablation_merged_20260824_150715/high-only/seed_0/task_4_Albuterol_similarity/compare_GuacaMol_20260824_152332
high-only	0	5	Mestranol_similarity	1.0	0.04717562335410537	13056.0	PORTABLE_USER_ROOT/spectralMol/guacamol_frequency_ablation_merged_20260824_150715/high-only/seed_0/task_5_Mestranol_similarity/compare_GuacaMol_20260824_152341/runs/spectralmol/seed_0/case_GuacaMol_20260824_152342/benchmark_runs/2026_08_24_evolution_ga_benchmark_15_23_44/2026_08_24_evolution_ga_Mestranol_similarity/scores.csv	PORTABLE_OUTPUT_ROOT/guacamol_frequency_ablation_merged_20260824_150715/high-only/seed_0/task_5_Mestranol_similarity/compare_GuacaMol_20260824_152341
high-only	0	6	C11H24	1.0	0.010022650878587166	13056.0	PORTABLE_USER_ROOT/spectralMol/guacamol_frequency_ablation_merged_20260824_150715/high-only/seed_0/task_6_C11H24/compare_GuacaMol_20260824_152343/runs/spectralmol/seed_0/case_GuacaMol_20260824_152344/benchmark_runs/2026_08_24_evolution_ga_benchmark_15_23_46/2026_08_24_evolution_ga_C11H24/scores.csv	PORTABLE_OUTPUT_ROOT/guacamol_frequency_ablation_merged_20260824_150715/high-only/seed_0/task_6_C11H24/compare_GuacaMol_20260824_152343
high-only	0	7	C9H10N2O2PF2Cl	0.7202729799554398	0.028110451231124926	13056.0	PORTABLE_USER_ROOT/spectralMol/guacamol_frequency_ablation_merged_20260824_150715/high-only/seed_0/task_7_C9H10N2O2PF2Cl/compare_GuacaMol_20260824_152351/runs/spectralmol/seed_0/case_GuacaMol_20260824_152353/benchmark_runs/2026_08_24_evolution_ga_benchmark_15_24_04/2026_08_24_evolution_ga_C9H10N2O2PF2Cl/scores.csv	PORTABLE_OUTPUT_ROOT/guacamol_frequency_ablation_merged_20260824_150715/high-only/seed_0/task_7_C9H10N2O2PF2Cl/compare_GuacaMol_20260824_152351
high-only	0	8	Median_molecules_1	0.3999999999999999	0.03305844579791487	13056.0	PORTABLE_USER_ROOT/spectralMol/guacamol_frequency_ablation_merged_20260824_150715/high-only/seed_0/task_8_Median_molecules_1/compare_GuacaMol_20260824_152350/runs/spectralmol/seed_0/case_GuacaMol_20260824_152350/benchmark_runs/2026_08_24_evolution_ga_benchmark_15_23_53/2026_08_24_evolution_ga_Median_molecules_1/scores.csv	PORTABLE_OUTPUT_ROOT/guacamol_frequency_ablation_merged_20260824_150715/high-only/seed_0/task_8_Median_molecules_1/compare_GuacaMol_20260824_152350
high-only	0	9	Median_molecules_2	0.3623715376697393	0.012107082432881864	13056.0	PORTABLE_USER_ROOT/spectralMol/guacamol_frequency_ablation_merged_20260824_150715/high-only/seed_0/task_9_Median_molecules_2/compare_GuacaMol_20260824_152404/runs/spectralmol/seed_0/case_GuacaMol_20260824_152406/benchmark_runs/2026_08_24_evolution_ga_benchmark_15_24_17/2026_08_24_evolution_ga_Median_molecules_2/scores.csv	PORTABLE_OUTPUT_ROOT/guacamol_frequency_ablation_merged_20260824_150715/high-only/seed_0/task_9_Median_molecules_2/compare_GuacaMol_20260824_152404
high-only	1	0	Celecoxib_rediscovery	1.0	0.024709811821575334	13056.0	PORTABLE_USER_ROOT/spectralMol/guacamol_frequency_ablation_merged_20260824_150715/high-only/seed_1/task_0_Celecoxib_rediscovery/compare_GuacaMol_20260824_152421/runs/spectralmol/seed_1/case_GuacaMol_20260824_152424/benchmark_runs/2026_08_24_evolution_ga_benchmark_15_24_37/2026_08_24_evolution_ga_Celecoxib_rediscovery/scores.csv	PORTABLE_OUTPUT_ROOT/guacamol_frequency_ablation_merged_20260824_150715/high-only/seed_1/task_0_Celecoxib_rediscovery/compare_GuacaMol_20260824_152421
high-only	1	10	Osimertinib_MPO	0.8058577676402566	0.019664376667007506	13056.0	PORTABLE_USER_ROOT/spectralMol/guacamol_frequency_ablation_merged_20260824_150715/high-only/seed_1/task_10_Osimertinib_MPO/compare_GuacaMol_20260824_152454/runs/spectralmol/seed_1/case_GuacaMol_20260824_152456/benchmark_runs/2026_08_24_evolution_ga_benchmark_15_25_07/2026_08_24_evolution_ga_Osimertinib_MPO/scores.csv	PORTABLE_OUTPUT_ROOT/guacamol_frequency_ablation_merged_20260824_150715/high-only/seed_1/task_10_Osimertinib_MPO/compare_GuacaMol_20260824_152454
high-only	1	11	Fexofenadine_MPO	0.668686006851705	0.006273112095718461	13056.0	PORTABLE_USER_ROOT/spectralMol/guacamol_frequency_ablation_merged_20260824_150715/high-only/seed_1/task_11_Fexofenadine_MPO/compare_GuacaMol_20260824_152620/runs/spectralmol/seed_1/case_GuacaMol_20260824_152623/benchmark_runs/2026_08_24_evolution_ga_benchmark_15_26_34/2026_08_24_evolution_ga_Fexofenadine_MPO/scores.csv	PORTABLE_OUTPUT_ROOT/guacamol_frequency_ablation_merged_20260824_150715/high-only/seed_1/task_11_Fexofenadine_MPO/compare_GuacaMol_20260824_152620
high-only	1	12	Ranolazine_MPO	0.6925677830065992	0.004956442481700877	13056.0	PORTABLE_USER_ROOT/spectralMol/guacamol_frequency_ablation_merged_20260824_150715/high-only/seed_1/task_12_Ranolazine_MPO/compare_GuacaMol_20260824_152620/runs/spectralmol/seed_1/case_GuacaMol_20260824_152622/benchmark_runs/2026_08_24_evolution_ga_benchmark_15_26_33/2026_08_24_evolution_ga_Ranolazine_MPO/scores.csv	PORTABLE_OUTPUT_ROOT/guacamol_frequency_ablation_merged_20260824_150715/high-only/seed_1/task_12_Ranolazine_MPO/compare_GuacaMol_20260824_152620
high-only	1	13	Perindopril_MPO	0.4364357804719847	0.006020781877181426	13056.0	PORTABLE_USER_ROOT/spectralMol/guacamol_frequency_ablation_merged_20260824_150715/high-only/seed_1/task_13_Perindopril_MPO/compare_GuacaMol_20260824_152620/runs/spectralmol/seed_1/case_GuacaMol_20260824_152622/benchmark_runs/2026_08_24_evolution_ga_benchmark_15_26_33/2026_08_24_evolution_ga_Perindopril_MPO/scores.csv	PORTABLE_OUTPUT_ROOT/guacamol_frequency_ablation_merged_20260824_150715/high-only/seed_1/task_13_Perindopril_MPO/compare_GuacaMol_20260824_152620
high-only	1	14	Amlodipine_MPO	0.511766315719159	0.005039182935445134	13056.0	PORTABLE_USER_ROOT/spectralMol/guacamol_frequency_ablation_merged_20260824_150715/high-only/seed_1/task_14_Amlodipine_MPO/compare_GuacaMol_20260824_152621/runs/spectralmol/seed_1/case_GuacaMol_20260824_152623/benchmark_runs/2026_08_24_evolution_ga_benchmark_15_26_36/2026_08_24_evolution_ga_Amlodipine_MPO/scores.csv	PORTABLE_OUTPUT_ROOT/guacamol_frequency_ablation_merged_20260824_150715/high-only/seed_1/task_14_Amlodipine_MPO/compare_GuacaMol_20260824_152621
high-only	1	15	Sitagliptin_MPO	0.143280380167193	0.00046265248652837475	13056.0	PORTABLE_USER_ROOT/spectralMol/guacamol_frequency_ablation_merged_20260824_150715/high-only/seed_1/task_15_Sitagliptin_MPO/compare_GuacaMol_20260824_152616/runs/spectralmol/seed_1/case_GuacaMol_20260824_152616/benchmark_runs/2026_08_24_evolution_ga_benchmark_15_26_19/2026_08_24_evolution_ga_Sitagliptin_MPO/scores.csv	PORTABLE_OUTPUT_ROOT/guacamol_frequency_ablation_merged_20260824_150715/high-only/seed_1/task_15_Sitagliptin_MPO/compare_GuacaMol_20260824_152616
high-only	1	16	Zaleplon_MPO	0.4664987211828483	0.001788554564372933	13056.0	PORTABLE_USER_ROOT/spectralMol/guacamol_frequency_ablation_merged_20260824_150715/high-only/seed_1/task_16_Zaleplon_MPO/compare_GuacaMol_20260824_152616/runs/spectralmol/seed_1/case_GuacaMol_20260824_152616/benchmark_runs/2026_08_24_evolution_ga_benchmark_15_26_19/2026_08_24_evolution_ga_Zaleplon_MPO/scores.csv	PORTABLE_OUTPUT_ROOT/guacamol_frequency_ablation_merged_20260824_150715/high-only/seed_1/task_16_Zaleplon_MPO/compare_GuacaMol_20260824_152616
high-only	1	17	Valsartan_smarts	0.0139593793552943	1.6257700457916167e-05	13056.0	PORTABLE_USER_ROOT/spectralMol/guacamol_frequency_ablation_merged_20260824_150715/high-only/seed_1/task_17_Valsartan_smarts/compare_GuacaMol_20260824_152620/runs/spectralmol/seed_1/case_GuacaMol_20260824_152623/benchmark_runs/2026_08_24_evolution_ga_benchmark_15_26_34/2026_08_24_evolution_ga_Valsartan_smarts/scores.csv	PORTABLE_OUTPUT_ROOT/guacamol_frequency_ablation_merged_20260824_150715/high-only/seed_1/task_17_Valsartan_smarts/compare_GuacaMol_20260824_152620
high-only	1	18	Deco_hop	0.6031088988150201	0.5011000827519737	13056.0	PORTABLE_USER_ROOT/spectralMol/guacamol_frequency_ablation_merged_20260824_150715/high-only/seed_1/task_18_Deco_hop/compare_GuacaMol_20260824_152620/runs/spectralmol/seed_1/case_GuacaMol_20260824_152623/benchmark_runs/2026_08_24_evolution_ga_benchmark_15_26_34/2026_08_24_evolution_ga_Deco_hop/scores.csv	PORTABLE_OUTPUT_ROOT/guacamol_frequency_ablation_merged_20260824_150715/high-only/seed_1/task_18_Deco_hop/compare_GuacaMol_20260824_152620
high-only	1	19	Scaffold_hop	0.666667	0.3370288078953791	13056.0	PORTABLE_USER_ROOT/spectralMol/guacamol_frequency_ablation_merged_20260824_150715/high-only/seed_1/task_19_Scaffold_hop/compare_GuacaMol_20260824_152616/runs/spectralmol/seed_1/case_GuacaMol_20260824_152617/benchmark_runs/2026_08_24_evolution_ga_benchmark_15_26_20/2026_08_24_evolution_ga_Scaffold_hop/scores.csv	PORTABLE_OUTPUT_ROOT/guacamol_frequency_ablation_merged_20260824_150715/high-only/seed_1/task_19_Scaffold_hop/compare_GuacaMol_20260824_152616
high-only	1	1	Troglitazone_rediscovery	1.0	0.02566704589571581	13056.0	PORTABLE_USER_ROOT/spectralMol/guacamol_frequency_ablation_merged_20260824_150715/high-only/seed_1/task_1_Troglitazone_rediscovery/compare_GuacaMol_20260824_152425/runs/spectralmol/seed_1/case_GuacaMol_20260824_152427/benchmark_runs/2026_08_24_evolution_ga_benchmark_15_24_40/2026_08_24_evolution_ga_Troglitazone_rediscovery/scores.csv	PORTABLE_OUTPUT_ROOT/guacamol_frequency_ablation_merged_20260824_150715/high-only/seed_1/task_1_Troglitazone_rediscovery/compare_GuacaMol_20260824_152425
high-only	1	2	Thiothixene_rediscovery	1.0	0.03166582604178695	13056.0	PORTABLE_USER_ROOT/spectralMol/guacamol_frequency_ablation_merged_20260824_150715/high-only/seed_1/task_2_Thiothixene_rediscovery/compare_GuacaMol_20260824_152423/runs/spectralmol/seed_1/case_GuacaMol_20260824_152424/benchmark_runs/2026_08_24_evolution_ga_benchmark_15_24_27/2026_08_24_evolution_ga_Thiothixene_rediscovery/scores.csv	PORTABLE_OUTPUT_ROOT/guacamol_frequency_ablation_merged_20260824_150715/high-only/seed_1/task_2_Thiothixene_rediscovery/compare_GuacaMol_20260824_152423
high-only	1	3	Aripiprazole_similarity	1.0	0.037521428263045394	13056.0	PORTABLE_USER_ROOT/spectralMol/guacamol_frequency_ablation_merged_20260824_150715/high-only/seed_1/task_3_Aripiprazole_similarity/compare_GuacaMol_20260824_152431/runs/spectralmol/seed_1/case_GuacaMol_20260824_152434/benchmark_runs/2026_08_24_evolution_ga_benchmark_15_24_47/2026_08_24_evolution_ga_Aripiprazole_similarity/scores.csv	PORTABLE_OUTPUT_ROOT/guacamol_frequency_ablation_merged_20260824_150715/high-only/seed_1/task_3_Aripiprazole_similarity/compare_GuacaMol_20260824_152431
high-only	1	4	Albuterol_similarity	0.5	0.13558071720727796	13056.0	PORTABLE_USER_ROOT/spectralMol/guacamol_frequency_ablation_merged_20260824_150715/high-only/seed_1/task_4_Albuterol_similarity/compare_GuacaMol_20260824_152435/runs/spectralmol/seed_1/case_GuacaMol_20260824_152437/benchmark_runs/2026_08_24_evolution_ga_benchmark_15_24_50/2026_08_24_evolution_ga_Albuterol_similarity/scores.csv	PORTABLE_OUTPUT_ROOT/guacamol_frequency_ablation_merged_20260824_150715/high-only/seed_1/task_4_Albuterol_similarity/compare_GuacaMol_20260824_152435
high-only	1	5	Mestranol_similarity	1.0	0.04172773342138805	13056.0	PORTABLE_USER_ROOT/spectralMol/guacamol_frequency_ablation_merged_20260824_150715/high-only/seed_1/task_5_Mestranol_similarity/compare_GuacaMol_20260824_152433/runs/spectralmol/seed_1/case_GuacaMol_20260824_152435/benchmark_runs/2026_08_24_evolution_ga_benchmark_15_24_46/2026_08_24_evolution_ga_Mestranol_similarity/scores.csv	PORTABLE_OUTPUT_ROOT/guacamol_frequency_ablation_merged_20260824_150715/high-only/seed_1/task_5_Mestranol_similarity/compare_GuacaMol_20260824_152433
high-only	1	6	C11H24	0.8553453273074225	0.015248111859485885	13056.0	PORTABLE_USER_ROOT/spectralMol/guacamol_frequency_ablation_merged_20260824_150715/high-only/seed_1/task_6_C11H24/compare_GuacaMol_20260824_152436/runs/spectralmol/seed_1/case_GuacaMol_20260824_152438/benchmark_runs/2026_08_24_evolution_ga_benchmark_15_24_50/2026_08_24_evolution_ga_C11H24/scores.csv	PORTABLE_OUTPUT_ROOT/guacamol_frequency_ablation_merged_20260824_150715/high-only/seed_1/task_6_C11H24/compare_GuacaMol_20260824_152436
high-only	1	7	C9H10N2O2PF2Cl	0.5981648531319816	0.035372038910716413	13056.0	PORTABLE_USER_ROOT/spectralMol/guacamol_frequency_ablation_merged_20260824_150715/high-only/seed_1/task_7_C9H10N2O2PF2Cl/compare_GuacaMol_20260824_152436/runs/spectralmol/seed_1/case_GuacaMol_20260824_152438/benchmark_runs/2026_08_24_evolution_ga_benchmark_15_24_50/2026_08_24_evolution_ga_C9H10N2O2PF2Cl/scores.csv	PORTABLE_OUTPUT_ROOT/guacamol_frequency_ablation_merged_20260824_150715/high-only/seed_1/task_7_C9H10N2O2PF2Cl/compare_GuacaMol_20260824_152436
high-only	1	8	Median_molecules_1	0.3999999999999999	0.037154453427543865	13056.0	PORTABLE_USER_ROOT/spectralMol/guacamol_frequency_ablation_merged_20260824_150715/high-only/seed_1/task_8_Median_molecules_1/compare_GuacaMol_20260824_152443/runs/spectralmol/seed_1/case_GuacaMol_20260824_152445/benchmark_runs/2026_08_24_evolution_ga_benchmark_15_24_57/2026_08_24_evolution_ga_Median_molecules_1/scores.csv	PORTABLE_OUTPUT_ROOT/guacamol_frequency_ablation_merged_20260824_150715/high-only/seed_1/task_8_Median_molecules_1/compare_GuacaMol_20260824_152443
high-only	1	9	Median_molecules_2	0.3623715376697393	0.012598237517897716	13056.0	PORTABLE_USER_ROOT/spectralMol/guacamol_frequency_ablation_merged_20260824_150715/high-only/seed_1/task_9_Median_molecules_2/compare_GuacaMol_20260824_152444/runs/spectralmol/seed_1/case_GuacaMol_20260824_152444/benchmark_runs/2026_08_24_evolution_ga_benchmark_15_24_48/2026_08_24_evolution_ga_Median_molecules_2/scores.csv	PORTABLE_OUTPUT_ROOT/guacamol_frequency_ablation_merged_20260824_150715/high-only/seed_1/task_9_Median_molecules_2/compare_GuacaMol_20260824_152444
high-only	2	0	Celecoxib_rediscovery	1.0	0.024513536094276204	13056.0	PORTABLE_USER_ROOT/spectralMol/guacamol_frequency_ablation_merged_20260824_150715/high-only/seed_2/task_0_Celecoxib_rediscovery/compare_GuacaMol_20260824_152625/runs/spectralmol/seed_2/case_GuacaMol_20260824_152629/benchmark_runs/2026_08_24_evolution_ga_benchmark_15_26_49/2026_08_24_evolution_ga_Celecoxib_rediscovery/scores.csv	PORTABLE_OUTPUT_ROOT/guacamol_frequency_ablation_merged_20260824_150715/high-only/seed_2/task_0_Celecoxib_rediscovery/compare_GuacaMol_20260824_152625
high-only	2	10	Osimertinib_MPO	0.7588646476479823	0.01965807603678457	13056.0	PORTABLE_USER_ROOT/spectralMol/guacamol_frequency_ablation_merged_20260824_150715/high-only/seed_2/task_10_Osimertinib_MPO/compare_GuacaMol_20260824_152658/runs/spectralmol/seed_2/case_GuacaMol_20260824_152700/benchmark_runs/2026_08_24_evolution_ga_benchmark_15_27_11/2026_08_24_evolution_ga_Osimertinib_MPO/scores.csv	PORTABLE_OUTPUT_ROOT/guacamol_frequency_ablation_merged_20260824_150715/high-only/seed_2/task_10_Osimertinib_MPO/compare_GuacaMol_20260824_152658
high-only	2	11	Fexofenadine_MPO	0.7093452434576857	0.006016275520223404	13056.0	PORTABLE_USER_ROOT/spectralMol/guacamol_frequency_ablation_merged_20260824_150715/high-only/seed_2/task_11_Fexofenadine_MPO/compare_GuacaMol_20260824_152702/runs/spectralmol/seed_2/case_GuacaMol_20260824_152703/benchmark_runs/2026_08_24_evolution_ga_benchmark_15_27_05/2026_08_24_evolution_ga_Fexofenadine_MPO/scores.csv	PORTABLE_OUTPUT_ROOT/guacamol_frequency_ablation_merged_20260824_150715/high-only/seed_2/task_11_Fexofenadine_MPO/compare_GuacaMol_20260824_152702
high-only	2	12	Ranolazine_MPO	0.6925677830065992	0.004878380655437746	13056.0	PORTABLE_USER_ROOT/spectralMol/guacamol_frequency_ablation_merged_20260824_150715/high-only/seed_2/task_12_Ranolazine_MPO/compare_GuacaMol_20260824_152705/runs/spectralmol/seed_2/case_GuacaMol_20260824_152705/benchmark_runs/2026_08_24_evolution_ga_benchmark_15_27_08/2026_08_24_evolution_ga_Ranolazine_MPO/scores.csv	PORTABLE_OUTPUT_ROOT/guacamol_frequency_ablation_merged_20260824_150715/high-only/seed_2/task_12_Ranolazine_MPO/compare_GuacaMol_20260824_152705
high-only	2	13	Perindopril_MPO	0.4096159602595202	0.0058808256228745455	13056.0	PORTABLE_USER_ROOT/spectralMol/guacamol_frequency_ablation_merged_20260824_150715/high-only/seed_2/task_13_Perindopril_MPO/compare_GuacaMol_20260824_152705/runs/spectralmol/seed_2/case_GuacaMol_20260824_152705/benchmark_runs/2026_08_24_evolution_ga_benchmark_15_27_08/2026_08_24_evolution_ga_Perindopril_MPO/scores.csv	PORTABLE_OUTPUT_ROOT/guacamol_frequency_ablation_merged_20260824_150715/high-only/seed_2/task_13_Perindopril_MPO/compare_GuacaMol_20260824_152705
high-only	2	14	Amlodipine_MPO	0.8146387933534492	0.004940194205271498	13056.0	PORTABLE_USER_ROOT/spectralMol/guacamol_frequency_ablation_merged_20260824_150715/high-only/seed_2/task_14_Amlodipine_MPO/compare_GuacaMol_20260824_152719/runs/spectralmol/seed_2/case_GuacaMol_20260824_152721/benchmark_runs/2026_08_24_evolution_ga_benchmark_15_27_32/2026_08_24_evolution_ga_Amlodipine_MPO/scores.csv	PORTABLE_OUTPUT_ROOT/guacamol_frequency_ablation_merged_20260824_150715/high-only/seed_2/task_14_Amlodipine_MPO/compare_GuacaMol_20260824_152719
high-only	2	15	Sitagliptin_MPO	0.2586476905467342	0.0004599075332637279	13056.0	PORTABLE_USER_ROOT/spectralMol/guacamol_frequency_ablation_merged_20260824_150715/high-only/seed_2/task_15_Sitagliptin_MPO/compare_GuacaMol_20260824_152714/runs/spectralmol/seed_2/case_GuacaMol_20260824_152714/benchmark_runs/2026_08_24_evolution_ga_benchmark_15_27_17/2026_08_24_evolution_ga_Sitagliptin_MPO/scores.csv	PORTABLE_OUTPUT_ROOT/guacamol_frequency_ablation_merged_20260824_150715/high-only/seed_2/task_15_Sitagliptin_MPO/compare_GuacaMol_20260824_152714
high-only	2	16	Zaleplon_MPO	0.4873916144867115	0.0015558926276637525	13056.0	PORTABLE_USER_ROOT/spectralMol/guacamol_frequency_ablation_merged_20260824_150715/high-only/seed_2/task_16_Zaleplon_MPO/compare_GuacaMol_20260824_152725/runs/spectralmol/seed_2/case_GuacaMol_20260824_152727/benchmark_runs/2026_08_24_evolution_ga_benchmark_15_27_38/2026_08_24_evolution_ga_Zaleplon_MPO/scores.csv	PORTABLE_OUTPUT_ROOT/guacamol_frequency_ablation_merged_20260824_150715/high-only/seed_2/task_16_Zaleplon_MPO/compare_GuacaMol_20260824_152725
high-only	2	17	Valsartan_smarts	0.0275364183180079	1.745429837324133e-05	13056.0	PORTABLE_USER_ROOT/spectralMol/guacamol_frequency_ablation_merged_20260824_150715/high-only/seed_2/task_17_Valsartan_smarts/compare_GuacaMol_20260824_152729/runs/spectralmol/seed_2/case_GuacaMol_20260824_152731/benchmark_runs/2026_08_24_evolution_ga_benchmark_15_27_43/2026_08_24_evolution_ga_Valsartan_smarts/scores.csv	PORTABLE_OUTPUT_ROOT/guacamol_frequency_ablation_merged_20260824_150715/high-only/seed_2/task_17_Valsartan_smarts/compare_GuacaMol_20260824_152729
high-only	2	18	Deco_hop	0.59375025	0.5008352677852693	13056.0	PORTABLE_USER_ROOT/spectralMol/guacamol_frequency_ablation_merged_20260824_150715/high-only/seed_2/task_18_Deco_hop/compare_GuacaMol_20260824_152736/runs/spectralmol/seed_2/case_GuacaMol_20260824_152739/benchmark_runs/2026_08_24_evolution_ga_benchmark_15_27_52/2026_08_24_evolution_ga_Deco_hop/scores.csv	PORTABLE_OUTPUT_ROOT/guacamol_frequency_ablation_merged_20260824_150715/high-only/seed_2/task_18_Deco_hop/compare_GuacaMol_20260824_152736
high-only	2	19	Scaffold_hop	0.666667	0.3367211686329544	13056.0	PORTABLE_USER_ROOT/spectralMol/guacamol_frequency_ablation_merged_20260824_150715/high-only/seed_2/task_19_Scaffold_hop/compare_GuacaMol_20260824_152730/runs/spectralmol/seed_2/case_GuacaMol_20260824_152731/benchmark_runs/2026_08_24_evolution_ga_benchmark_15_27_33/2026_08_24_evolution_ga_Scaffold_hop/scores.csv	PORTABLE_OUTPUT_ROOT/guacamol_frequency_ablation_merged_20260824_150715/high-only/seed_2/task_19_Scaffold_hop/compare_GuacaMol_20260824_152730
high-only	2	1	Troglitazone_rediscovery	1.0	0.027843489595956793	13056.0	PORTABLE_USER_ROOT/spectralMol/guacamol_frequency_ablation_merged_20260824_150715/high-only/seed_2/task_1_Troglitazone_rediscovery/compare_GuacaMol_20260824_152618/runs/spectralmol/seed_2/case_GuacaMol_20260824_152619/benchmark_runs/2026_08_24_evolution_ga_benchmark_15_26_21/2026_08_24_evolution_ga_Troglitazone_rediscovery/scores.csv	PORTABLE_OUTPUT_ROOT/guacamol_frequency_ablation_merged_20260824_150715/high-only/seed_2/task_1_Troglitazone_rediscovery/compare_GuacaMol_20260824_152618
high-only	2	2	Thiothixene_rediscovery	1.0	0.03105798504799656	13056.0	PORTABLE_USER_ROOT/spectralMol/guacamol_frequency_ablation_merged_20260824_150715/high-only/seed_2/task_2_Thiothixene_rediscovery/compare_GuacaMol_20260824_152618/runs/spectralmol/seed_2/case_GuacaMol_20260824_152619/benchmark_runs/2026_08_24_evolution_ga_benchmark_15_26_21/2026_08_24_evolution_ga_Thiothixene_rediscovery/scores.csv	PORTABLE_OUTPUT_ROOT/guacamol_frequency_ablation_merged_20260824_150715/high-only/seed_2/task_2_Thiothixene_rediscovery/compare_GuacaMol_20260824_152618
high-only	2	3	Aripiprazole_similarity	1.0	0.04185367437399293	13056.0	PORTABLE_USER_ROOT/spectralMol/guacamol_frequency_ablation_merged_20260824_150715/high-only/seed_2/task_3_Aripiprazole_similarity/compare_GuacaMol_20260824_152621/runs/spectralmol/seed_2/case_GuacaMol_20260824_152621/benchmark_runs/2026_08_24_evolution_ga_benchmark_15_26_24/2026_08_24_evolution_ga_Aripiprazole_similarity/scores.csv	PORTABLE_OUTPUT_ROOT/guacamol_frequency_ablation_merged_20260824_150715/high-only/seed_2/task_3_Aripiprazole_similarity/compare_GuacaMol_20260824_152621
high-only	2	4	Albuterol_similarity	0.519774011299435	0.1545866869000516	13056.0	PORTABLE_USER_ROOT/spectralMol/guacamol_frequency_ablation_merged_20260824_150715/high-only/seed_2/task_4_Albuterol_similarity/compare_GuacaMol_20260824_152621/runs/spectralmol/seed_2/case_GuacaMol_20260824_152621/benchmark_runs/2026_08_24_evolution_ga_benchmark_15_26_24/2026_08_24_evolution_ga_Albuterol_similarity/scores.csv	PORTABLE_OUTPUT_ROOT/guacamol_frequency_ablation_merged_20260824_150715/high-only/seed_2/task_4_Albuterol_similarity/compare_GuacaMol_20260824_152621
high-only	2	5	Mestranol_similarity	1.0	0.04726444614867139	13056.0	PORTABLE_USER_ROOT/spectralMol/guacamol_frequency_ablation_merged_20260824_150715/high-only/seed_2/task_5_Mestranol_similarity/compare_GuacaMol_20260824_152620/runs/spectralmol/seed_2/case_GuacaMol_20260824_152620/benchmark_runs/2026_08_24_evolution_ga_benchmark_15_26_23/2026_08_24_evolution_ga_Mestranol_similarity/scores.csv	PORTABLE_OUTPUT_ROOT/guacamol_frequency_ablation_merged_20260824_150715/high-only/seed_2/task_5_Mestranol_similarity/compare_GuacaMol_20260824_152620
high-only	2	6	C11H24	1.0	0.010053092219149552	13056.0	PORTABLE_USER_ROOT/spectralMol/guacamol_frequency_ablation_merged_20260824_150715/high-only/seed_2/task_6_C11H24/compare_GuacaMol_20260824_152626/runs/spectralmol/seed_2/case_GuacaMol_20260824_152626/benchmark_runs/2026_08_24_evolution_ga_benchmark_15_26_29/2026_08_24_evolution_ga_C11H24/scores.csv	PORTABLE_OUTPUT_ROOT/guacamol_frequency_ablation_merged_20260824_150715/high-only/seed_2/task_6_C11H24/compare_GuacaMol_20260824_152626
high-only	2	7	C9H10N2O2PF2Cl	0.7574651283969664	0.05008425734799012	13056.0	PORTABLE_USER_ROOT/spectralMol/guacamol_frequency_ablation_merged_20260824_150715/high-only/seed_2/task_7_C9H10N2O2PF2Cl/compare_GuacaMol_20260824_152633/runs/spectralmol/seed_2/case_GuacaMol_20260824_152633/benchmark_runs/2026_08_24_evolution_ga_benchmark_15_26_36/2026_08_24_evolution_ga_C9H10N2O2PF2Cl/scores.csv	PORTABLE_OUTPUT_ROOT/guacamol_frequency_ablation_merged_20260824_150715/high-only/seed_2/task_7_C9H10N2O2PF2Cl/compare_GuacaMol_20260824_152633
high-only	2	8	Median_molecules_1	0.3999999999999999	0.033491178336151395	13056.0	PORTABLE_USER_ROOT/spectralMol/guacamol_frequency_ablation_merged_20260824_150715/high-only/seed_2/task_8_Median_molecules_1/compare_GuacaMol_20260824_152641/runs/spectralmol/seed_2/case_GuacaMol_20260824_152643/benchmark_runs/2026_08_24_evolution_ga_benchmark_15_26_54/2026_08_24_evolution_ga_Median_molecules_1/scores.csv	PORTABLE_OUTPUT_ROOT/guacamol_frequency_ablation_merged_20260824_150715/high-only/seed_2/task_8_Median_molecules_1/compare_GuacaMol_20260824_152641
high-only	2	9	Median_molecules_2	0.3623715376697393	0.012764299800978167	13056.0	PORTABLE_USER_ROOT/spectralMol/guacamol_frequency_ablation_merged_20260824_150715/high-only/seed_2/task_9_Median_molecules_2/compare_GuacaMol_20260824_152645/runs/spectralmol/seed_2/case_GuacaMol_20260824_152645/benchmark_runs/2026_08_24_evolution_ga_benchmark_15_26_48/2026_08_24_evolution_ga_Median_molecules_2/scores.csv	PORTABLE_OUTPUT_ROOT/guacamol_frequency_ablation_merged_20260824_150715/high-only/seed_2/task_9_Median_molecules_2/compare_GuacaMol_20260824_152645
high-only	3	0	Celecoxib_rediscovery	1.0	0.022319216024146535	13056.0	PORTABLE_USER_ROOT/spectralMol/guacamol_frequency_ablation_merged_20260824_150715/high-only/seed_3/task_0_Celecoxib_rediscovery/compare_GuacaMol_20260824_152739/runs/spectralmol/seed_3/case_GuacaMol_20260824_152741/benchmark_runs/2026_08_24_evolution_ga_benchmark_15_27_54/2026_08_24_evolution_ga_Celecoxib_rediscovery/scores.csv	PORTABLE_OUTPUT_ROOT/guacamol_frequency_ablation_merged_20260824_150715/high-only/seed_3/task_0_Celecoxib_rediscovery/compare_GuacaMol_20260824_152739
high-only	3	10	Osimertinib_MPO	0.7987738724462514	0.019586548589363255	13056.0	PORTABLE_USER_ROOT/spectralMol/guacamol_frequency_ablation_merged_20260824_150715/high-only/seed_3/task_10_Osimertinib_MPO/compare_GuacaMol_20260824_152849/runs/spectralmol/seed_3/case_GuacaMol_20260824_152851/benchmark_runs/2026_08_24_evolution_ga_benchmark_15_29_02/2026_08_24_evolution_ga_Osimertinib_MPO/scores.csv	PORTABLE_OUTPUT_ROOT/guacamol_frequency_ablation_merged_20260824_150715/high-only/seed_3/task_10_Osimertinib_MPO/compare_GuacaMol_20260824_152849
high-only	3	11	Fexofenadine_MPO	0.9407528966601862	0.00722629833603822	13056.0	PORTABLE_USER_ROOT/spectralMol/guacamol_frequency_ablation_merged_20260824_150715/high-only/seed_3/task_11_Fexofenadine_MPO/compare_GuacaMol_20260824_152848/runs/spectralmol/seed_3/case_GuacaMol_20260824_152849/benchmark_runs/2026_08_24_evolution_ga_benchmark_15_28_51/2026_08_24_evolution_ga_Fexofenadine_MPO/scores.csv	PORTABLE_OUTPUT_ROOT/guacamol_frequency_ablation_merged_20260824_150715/high-only/seed_3/task_11_Fexofenadine_MPO/compare_GuacaMol_20260824_152848
high-only	3	12	Ranolazine_MPO	0.5979197019636554	0.005112208052301116	13056.0	PORTABLE_USER_ROOT/spectralMol/guacamol_frequency_ablation_merged_20260824_150715/high-only/seed_3/task_12_Ranolazine_MPO/compare_GuacaMol_20260824_152850/runs/spectralmol/seed_3/case_GuacaMol_20260824_152850/benchmark_runs/2026_08_24_evolution_ga_benchmark_15_28_53/2026_08_24_evolution_ga_Ranolazine_MPO/scores.csv	PORTABLE_OUTPUT_ROOT/guacamol_frequency_ablation_merged_20260824_150715/high-only/seed_3/task_12_Ranolazine_MPO/compare_GuacaMol_20260824_152850
high-only	3	13	Perindopril_MPO	0.4703604341917986	0.005578278724208914	13056.0	PORTABLE_USER_ROOT/spectralMol/guacamol_frequency_ablation_merged_20260824_150715/high-only/seed_3/task_13_Perindopril_MPO/compare_GuacaMol_20260824_152902/runs/spectralmol/seed_3/case_GuacaMol_20260824_152903/benchmark_runs/2026_08_24_evolution_ga_benchmark_15_29_06/2026_08_24_evolution_ga_Perindopril_MPO/scores.csv	PORTABLE_OUTPUT_ROOT/guacamol_frequency_ablation_merged_20260824_150715/high-only/seed_3/task_13_Perindopril_MPO/compare_GuacaMol_20260824_152902
high-only	3	14	Amlodipine_MPO	0.5516772843673705	0.005036898926504489	13056.0	PORTABLE_USER_ROOT/spectralMol/guacamol_frequency_ablation_merged_20260824_150715/high-only/seed_3/task_14_Amlodipine_MPO/compare_GuacaMol_20260824_152908/runs/spectralmol/seed_3/case_GuacaMol_20260824_152909/benchmark_runs/2026_08_24_evolution_ga_benchmark_15_29_11/2026_08_24_evolution_ga_Amlodipine_MPO/scores.csv	PORTABLE_OUTPUT_ROOT/guacamol_frequency_ablation_merged_20260824_150715/high-only/seed_3/task_14_Amlodipine_MPO/compare_GuacaMol_20260824_152908
high-only	3	15	Sitagliptin_MPO	0.2207731387469688	0.00038225389678313656	13056.0	PORTABLE_USER_ROOT/spectralMol/guacamol_frequency_ablation_merged_20260824_150715/high-only/seed_3/task_15_Sitagliptin_MPO/compare_GuacaMol_20260824_152914/runs/spectralmol/seed_3/case_GuacaMol_20260824_152914/benchmark_runs/2026_08_24_evolution_ga_benchmark_15_29_17/2026_08_24_evolution_ga_Sitagliptin_MPO/scores.csv	PORTABLE_OUTPUT_ROOT/guacamol_frequency_ablation_merged_20260824_150715/high-only/seed_3/task_15_Sitagliptin_MPO/compare_GuacaMol_20260824_152914
high-only	3	16	Zaleplon_MPO	0.616398018569061	0.0027615299725753362	13056.0	PORTABLE_USER_ROOT/spectralMol/guacamol_frequency_ablation_merged_20260824_150715/high-only/seed_3/task_16_Zaleplon_MPO/compare_GuacaMol_20260824_152914/runs/spectralmol/seed_3/case_GuacaMol_20260824_152915/benchmark_runs/2026_08_24_evolution_ga_benchmark_15_29_17/2026_08_24_evolution_ga_Zaleplon_MPO/scores.csv	PORTABLE_OUTPUT_ROOT/guacamol_frequency_ablation_merged_20260824_150715/high-only/seed_3/task_16_Zaleplon_MPO/compare_GuacaMol_20260824_152914
high-only	3	17	Valsartan_smarts	0.0254170736932165	1.5990626943597566e-05	13056.0	PORTABLE_USER_ROOT/spectralMol/guacamol_frequency_ablation_merged_20260824_150715/high-only/seed_3/task_17_Valsartan_smarts/compare_GuacaMol_20260824_152917/runs/spectralmol/seed_3/case_GuacaMol_20260824_152917/benchmark_runs/2026_08_24_evolution_ga_benchmark_15_29_20/2026_08_24_evolution_ga_Valsartan_smarts/scores.csv	PORTABLE_OUTPUT_ROOT/guacamol_frequency_ablation_merged_20260824_150715/high-only/seed_3/task_17_Valsartan_smarts/compare_GuacaMol_20260824_152917
high-only	3	18	Deco_hop	0.5931828467797191	0.5009032414825085	13056.0	PORTABLE_USER_ROOT/spectralMol/guacamol_frequency_ablation_merged_20260824_150715/high-only/seed_3/task_18_Deco_hop/compare_GuacaMol_20260824_152917/runs/spectralmol/seed_3/case_GuacaMol_20260824_152917/benchmark_runs/2026_08_24_evolution_ga_benchmark_15_29_20/2026_08_24_evolution_ga_Deco_hop/scores.csv	PORTABLE_OUTPUT_ROOT/guacamol_frequency_ablation_merged_20260824_150715/high-only/seed_3/task_18_Deco_hop/compare_GuacaMol_20260824_152917
high-only	3	19	Scaffold_hop	0.666667	0.3368425972639712	13056.0	PORTABLE_USER_ROOT/spectralMol/guacamol_frequency_ablation_merged_20260824_150715/high-only/seed_3/task_19_Scaffold_hop/compare_GuacaMol_20260824_152920/runs/spectralmol/seed_3/case_GuacaMol_20260824_152921/benchmark_runs/2026_08_24_evolution_ga_benchmark_15_29_24/2026_08_24_evolution_ga_Scaffold_hop/scores.csv	PORTABLE_OUTPUT_ROOT/guacamol_frequency_ablation_merged_20260824_150715/high-only/seed_3/task_19_Scaffold_hop/compare_GuacaMol_20260824_152920
high-only	3	1	Troglitazone_rediscovery	1.0	0.0376646620753613	13056.0	PORTABLE_USER_ROOT/spectralMol/guacamol_frequency_ablation_merged_20260824_150715/high-only/seed_3/task_1_Troglitazone_rediscovery/compare_GuacaMol_20260824_152738/runs/spectralmol/seed_3/case_GuacaMol_20260824_152740/benchmark_runs/2026_08_24_evolution_ga_benchmark_15_27_51/2026_08_24_evolution_ga_Troglitazone_rediscovery/scores.csv	PORTABLE_OUTPUT_ROOT/guacamol_frequency_ablation_merged_20260824_150715/high-only/seed_3/task_1_Troglitazone_rediscovery/compare_GuacaMol_20260824_152738
high-only	3	2	Thiothixene_rediscovery	1.0	0.034538155510855297	13056.0	PORTABLE_USER_ROOT/spectralMol/guacamol_frequency_ablation_merged_20260824_150715/high-only/seed_3/task_2_Thiothixene_rediscovery/compare_GuacaMol_20260824_152741/runs/spectralmol/seed_3/case_GuacaMol_20260824_152744/benchmark_runs/2026_08_24_evolution_ga_benchmark_15_27_56/2026_08_24_evolution_ga_Thiothixene_rediscovery/scores.csv	PORTABLE_OUTPUT_ROOT/guacamol_frequency_ablation_merged_20260824_150715/high-only/seed_3/task_2_Thiothixene_rediscovery/compare_GuacaMol_20260824_152741
high-only	3	3	Aripiprazole_similarity	1.0	0.04039160229508328	13056.0	PORTABLE_USER_ROOT/spectralMol/guacamol_frequency_ablation_merged_20260824_150715/high-only/seed_3/task_3_Aripiprazole_similarity/compare_GuacaMol_20260824_152741/runs/spectralmol/seed_3/case_GuacaMol_20260824_152744/benchmark_runs/2026_08_24_evolution_ga_benchmark_15_27_55/2026_08_24_evolution_ga_Aripiprazole_similarity/scores.csv	PORTABLE_OUTPUT_ROOT/guacamol_frequency_ablation_merged_20260824_150715/high-only/seed_3/task_3_Aripiprazole_similarity/compare_GuacaMol_20260824_152741
high-only	3	4	Albuterol_similarity	0.5217391304347826	0.13050188690776635	13056.0	PORTABLE_USER_ROOT/spectralMol/guacamol_frequency_ablation_merged_20260824_150715/high-only/seed_3/task_4_Albuterol_similarity/compare_GuacaMol_20260824_152736/runs/spectralmol/seed_3/case_GuacaMol_20260824_152736/benchmark_runs/2026_08_24_evolution_ga_benchmark_15_27_39/2026_08_24_evolution_ga_Albuterol_similarity/scores.csv	PORTABLE_OUTPUT_ROOT/guacamol_frequency_ablation_merged_20260824_150715/high-only/seed_3/task_4_Albuterol_similarity/compare_GuacaMol_20260824_152736
high-only	3	5	Mestranol_similarity	1.0	0.05673104097084134	13056.0	PORTABLE_USER_ROOT/spectralMol/guacamol_frequency_ablation_merged_20260824_150715/high-only/seed_3/task_5_Mestranol_similarity/compare_GuacaMol_20260824_152748/runs/spectralmol/seed_3/case_GuacaMol_20260824_152751/benchmark_runs/2026_08_24_evolution_ga_benchmark_15_28_04/2026_08_24_evolution_ga_Mestranol_similarity/scores.csv	PORTABLE_OUTPUT_ROOT/guacamol_frequency_ablation_merged_20260824_150715/high-only/seed_3/task_5_Mestranol_similarity/compare_GuacaMol_20260824_152748
high-only	3	6	C11H24	1.0	0.0037224315997209513	13056.0	PORTABLE_USER_ROOT/spectralMol/guacamol_frequency_ablation_merged_20260824_150715/high-only/seed_3/task_6_C11H24/compare_GuacaMol_20260824_152756/runs/spectralmol/seed_3/case_GuacaMol_20260824_152757/benchmark_runs/2026_08_24_evolution_ga_benchmark_15_28_00/2026_08_24_evolution_ga_C11H24/scores.csv	PORTABLE_OUTPUT_ROOT/guacamol_frequency_ablation_merged_20260824_150715/high-only/seed_3/task_6_C11H24/compare_GuacaMol_20260824_152756
high-only	3	7	C9H10N2O2PF2Cl	0.645648526427892	0.057980853436345625	13056.0	PORTABLE_USER_ROOT/spectralMol/guacamol_frequency_ablation_merged_20260824_150715/high-only/seed_3/task_7_C9H10N2O2PF2Cl/compare_GuacaMol_20260824_152802/runs/spectralmol/seed_3/case_GuacaMol_20260824_152803/benchmark_runs/2026_08_24_evolution_ga_benchmark_15_28_10/2026_08_24_evolution_ga_C9H10N2O2PF2Cl/scores.csv	PORTABLE_OUTPUT_ROOT/guacamol_frequency_ablation_merged_20260824_150715/high-only/seed_3/task_7_C9H10N2O2PF2Cl/compare_GuacaMol_20260824_152802
high-only	3	8	Median_molecules_1	0.3999999999999999	0.043931035196760296	13056.0	PORTABLE_USER_ROOT/spectralMol/guacamol_frequency_ablation_merged_20260824_150715/high-only/seed_3/task_8_Median_molecules_1/compare_GuacaMol_20260824_152819/runs/spectralmol/seed_3/case_GuacaMol_20260824_152821/benchmark_runs/2026_08_24_evolution_ga_benchmark_15_28_32/2026_08_24_evolution_ga_Median_molecules_1/scores.csv	PORTABLE_OUTPUT_ROOT/guacamol_frequency_ablation_merged_20260824_150715/high-only/seed_3/task_8_Median_molecules_1/compare_GuacaMol_20260824_152819
high-only	3	9	Median_molecules_2	0.3623715376697393	0.011286998916167383	13056.0	PORTABLE_USER_ROOT/spectralMol/guacamol_frequency_ablation_merged_20260824_150715/high-only/seed_3/task_9_Median_molecules_2/compare_GuacaMol_20260824_152832/runs/spectralmol/seed_3/case_GuacaMol_20260824_152833/benchmark_runs/2026_08_24_evolution_ga_benchmark_15_28_36/2026_08_24_evolution_ga_Median_molecules_2/scores.csv	PORTABLE_OUTPUT_ROOT/guacamol_frequency_ablation_merged_20260824_150715/high-only/seed_3/task_9_Median_molecules_2/compare_GuacaMol_20260824_152832
high-only	4	0	Celecoxib_rediscovery	1.0	0.018534016535440467	13056.0	PORTABLE_USER_ROOT/spectralMol/guacamol_frequency_ablation_merged_20260824_150715/high-only/seed_4/task_0_Celecoxib_rediscovery/compare_GuacaMol_20260824_152927/runs/spectralmol/seed_4/case_GuacaMol_20260824_152928/benchmark_runs/2026_08_24_evolution_ga_benchmark_15_29_39/2026_08_24_evolution_ga_Celecoxib_rediscovery/scores.csv	PORTABLE_OUTPUT_ROOT/guacamol_frequency_ablation_merged_20260824_150715/high-only/seed_4/task_0_Celecoxib_rediscovery/compare_GuacaMol_20260824_152927
high-only	4	10	Osimertinib_MPO	0.7781581271306612	0.02000881480272165	13056.0	PORTABLE_USER_ROOT/spectralMol/guacamol_frequency_ablation_merged_20260824_150715/high-only/seed_4/task_10_Osimertinib_MPO/compare_GuacaMol_20260824_153010/runs/spectralmol/seed_4/case_GuacaMol_20260824_153011/benchmark_runs/2026_08_24_evolution_ga_benchmark_15_30_17/2026_08_24_evolution_ga_Osimertinib_MPO/scores.csv	PORTABLE_OUTPUT_ROOT/guacamol_frequency_ablation_merged_20260824_150715/high-only/seed_4/task_10_Osimertinib_MPO/compare_GuacaMol_20260824_153010
high-only	4	11	Fexofenadine_MPO	0.6746643498920586	0.0063479116239228365	13056.0	PORTABLE_USER_ROOT/spectralMol/guacamol_frequency_ablation_merged_20260824_150715/high-only/seed_4/task_11_Fexofenadine_MPO/compare_GuacaMol_20260824_153022/runs/spectralmol/seed_4/case_GuacaMol_20260824_153024/benchmark_runs/2026_08_24_evolution_ga_benchmark_15_30_35/2026_08_24_evolution_ga_Fexofenadine_MPO/scores.csv	PORTABLE_OUTPUT_ROOT/guacamol_frequency_ablation_merged_20260824_150715/high-only/seed_4/task_11_Fexofenadine_MPO/compare_GuacaMol_20260824_153022
high-only	4	12	Ranolazine_MPO	0.639172446924367	0.004794819637533848	13056.0	PORTABLE_USER_ROOT/spectralMol/guacamol_frequency_ablation_merged_20260824_150715/high-only/seed_4/task_12_Ranolazine_MPO/compare_GuacaMol_20260824_153026/runs/spectralmol/seed_4/case_GuacaMol_20260824_153027/benchmark_runs/2026_08_24_evolution_ga_benchmark_15_30_29/2026_08_24_evolution_ga_Ranolazine_MPO/scores.csv	PORTABLE_OUTPUT_ROOT/guacamol_frequency_ablation_merged_20260824_150715/high-only/seed_4/task_12_Ranolazine_MPO/compare_GuacaMol_20260824_153026
high-only	4	13	Perindopril_MPO	0.4388537257362555	0.00590844542928651	13056.0	PORTABLE_USER_ROOT/spectralMol/guacamol_frequency_ablation_merged_20260824_150715/high-only/seed_4/task_13_Perindopril_MPO/compare_GuacaMol_20260824_153027/runs/spectralmol/seed_4/case_GuacaMol_20260824_153028/benchmark_runs/2026_08_24_evolution_ga_benchmark_15_30_32/2026_08_24_evolution_ga_Perindopril_MPO/scores.csv	PORTABLE_OUTPUT_ROOT/guacamol_frequency_ablation_merged_20260824_150715/high-only/seed_4/task_13_Perindopril_MPO/compare_GuacaMol_20260824_153027
high-only	4	14	Amlodipine_MPO	0.5516772843673705	0.005237820108698192	13056.0	PORTABLE_USER_ROOT/spectralMol/guacamol_frequency_ablation_merged_20260824_150715/high-only/seed_4/task_14_Amlodipine_MPO/compare_GuacaMol_20260824_153049/runs/spectralmol/seed_4/case_GuacaMol_20260824_153051/benchmark_runs/2026_08_24_evolution_ga_benchmark_15_31_01/2026_08_24_evolution_ga_Amlodipine_MPO/scores.csv	PORTABLE_OUTPUT_ROOT/guacamol_frequency_ablation_merged_20260824_150715/high-only/seed_4/task_14_Amlodipine_MPO/compare_GuacaMol_20260824_153049
high-only	4	15	Sitagliptin_MPO	0.3210228953303072	0.0004257234932924695	13056.0	PORTABLE_USER_ROOT/spectralMol/guacamol_frequency_ablation_merged_20260824_150715/high-only/seed_4/task_15_Sitagliptin_MPO/compare_GuacaMol_20260824_153044/runs/spectralmol/seed_4/case_GuacaMol_20260824_153046/benchmark_runs/2026_08_24_evolution_ga_benchmark_15_30_58/2026_08_24_evolution_ga_Sitagliptin_MPO/scores.csv	PORTABLE_OUTPUT_ROOT/guacamol_frequency_ablation_merged_20260824_150715/high-only/seed_4/task_15_Sitagliptin_MPO/compare_GuacaMol_20260824_153044
high-only	4	16	Zaleplon_MPO	0.6703185813403711	0.0042947815288538055	13056.0	PORTABLE_USER_ROOT/spectralMol/guacamol_frequency_ablation_merged_20260824_150715/high-only/seed_4/task_16_Zaleplon_MPO/compare_GuacaMol_20260824_153044/runs/spectralmol/seed_4/case_GuacaMol_20260824_153045/benchmark_runs/2026_08_24_evolution_ga_benchmark_15_30_47/2026_08_24_evolution_ga_Zaleplon_MPO/scores.csv	PORTABLE_OUTPUT_ROOT/guacamol_frequency_ablation_merged_20260824_150715/high-only/seed_4/task_16_Zaleplon_MPO/compare_GuacaMol_20260824_153044
high-only	4	17	Valsartan_smarts	0.0293717370214787	1.8181644788709263e-05	13056.0	PORTABLE_USER_ROOT/spectralMol/guacamol_frequency_ablation_merged_20260824_150715/high-only/seed_4/task_17_Valsartan_smarts/compare_GuacaMol_20260824_153056/runs/spectralmol/seed_4/case_GuacaMol_20260824_153059/benchmark_runs/2026_08_24_evolution_ga_benchmark_15_31_12/2026_08_24_evolution_ga_Valsartan_smarts/scores.csv	PORTABLE_OUTPUT_ROOT/guacamol_frequency_ablation_merged_20260824_150715/high-only/seed_4/task_17_Valsartan_smarts/compare_GuacaMol_20260824_153056
high-only	4	18	Deco_hop	0.5834821275995247	0.5009307075670739	13056.0	PORTABLE_USER_ROOT/spectralMol/guacamol_frequency_ablation_merged_20260824_150715/high-only/seed_4/task_18_Deco_hop/compare_GuacaMol_20260824_153056/runs/spectralmol/seed_4/case_GuacaMol_20260824_153059/benchmark_runs/2026_08_24_evolution_ga_benchmark_15_31_12/2026_08_24_evolution_ga_Deco_hop/scores.csv	PORTABLE_OUTPUT_ROOT/guacamol_frequency_ablation_merged_20260824_150715/high-only/seed_4/task_18_Deco_hop/compare_GuacaMol_20260824_153056
high-only	4	19	Scaffold_hop	0.666667	0.33593209628763376	13056.0	PORTABLE_USER_ROOT/spectralMol/guacamol_frequency_ablation_merged_20260824_150715/high-only/seed_4/task_19_Scaffold_hop/compare_GuacaMol_20260824_153054/runs/spectralmol/seed_4/case_GuacaMol_20260824_153056/benchmark_runs/2026_08_24_evolution_ga_benchmark_15_31_07/2026_08_24_evolution_ga_Scaffold_hop/scores.csv	PORTABLE_OUTPUT_ROOT/guacamol_frequency_ablation_merged_20260824_150715/high-only/seed_4/task_19_Scaffold_hop/compare_GuacaMol_20260824_153054
high-only	4	1	Troglitazone_rediscovery	1.0	0.026373688772303207	13056.0	PORTABLE_USER_ROOT/spectralMol/guacamol_frequency_ablation_merged_20260824_150715/high-only/seed_4/task_1_Troglitazone_rediscovery/compare_GuacaMol_20260824_152927/runs/spectralmol/seed_4/case_GuacaMol_20260824_152929/benchmark_runs/2026_08_24_evolution_ga_benchmark_15_29_39/2026_08_24_evolution_ga_Troglitazone_rediscovery/scores.csv	PORTABLE_OUTPUT_ROOT/guacamol_frequency_ablation_merged_20260824_150715/high-only/seed_4/task_1_Troglitazone_rediscovery/compare_GuacaMol_20260824_152927
high-only	4	2	Thiothixene_rediscovery	1.0	0.03560623920544475	13056.0	PORTABLE_USER_ROOT/spectralMol/guacamol_frequency_ablation_merged_20260824_150715/high-only/seed_4/task_2_Thiothixene_rediscovery/compare_GuacaMol_20260824_152926/runs/spectralmol/seed_4/case_GuacaMol_20260824_152927/benchmark_runs/2026_08_24_evolution_ga_benchmark_15_29_29/2026_08_24_evolution_ga_Thiothixene_rediscovery/scores.csv	PORTABLE_OUTPUT_ROOT/guacamol_frequency_ablation_merged_20260824_150715/high-only/seed_4/task_2_Thiothixene_rediscovery/compare_GuacaMol_20260824_152926
high-only	4	3	Aripiprazole_similarity	1.0	0.037387768267342816	13056.0	PORTABLE_USER_ROOT/spectralMol/guacamol_frequency_ablation_merged_20260824_150715/high-only/seed_4/task_3_Aripiprazole_similarity/compare_GuacaMol_20260824_152932/runs/spectralmol/seed_4/case_GuacaMol_20260824_152932/benchmark_runs/2026_08_24_evolution_ga_benchmark_15_29_35/2026_08_24_evolution_ga_Aripiprazole_similarity/scores.csv	PORTABLE_OUTPUT_ROOT/guacamol_frequency_ablation_merged_20260824_150715/high-only/seed_4/task_3_Aripiprazole_similarity/compare_GuacaMol_20260824_152932
high-only	4	4	Albuterol_similarity	0.5031446540880503	0.14272197283703256	13056.0	PORTABLE_USER_ROOT/spectralMol/guacamol_frequency_ablation_merged_20260824_150715/high-only/seed_4/task_4_Albuterol_similarity/compare_GuacaMol_20260824_152944/runs/spectralmol/seed_4/case_GuacaMol_20260824_152947/benchmark_runs/2026_08_24_evolution_ga_benchmark_15_29_58/2026_08_24_evolution_ga_Albuterol_similarity/scores.csv	PORTABLE_OUTPUT_ROOT/guacamol_frequency_ablation_merged_20260824_150715/high-only/seed_4/task_4_Albuterol_similarity/compare_GuacaMol_20260824_152944
high-only	4	5	Mestranol_similarity	1.0	0.04623245407067478	13056.0	PORTABLE_USER_ROOT/spectralMol/guacamol_frequency_ablation_merged_20260824_150715/high-only/seed_4/task_5_Mestranol_similarity/compare_GuacaMol_20260824_152946/runs/spectralmol/seed_4/case_GuacaMol_20260824_152949/benchmark_runs/2026_08_24_evolution_ga_benchmark_15_30_00/2026_08_24_evolution_ga_Mestranol_similarity/scores.csv	PORTABLE_OUTPUT_ROOT/guacamol_frequency_ablation_merged_20260824_150715/high-only/seed_4/task_5_Mestranol_similarity/compare_GuacaMol_20260824_152946
high-only	4	6	C11H24	1.0	0.0024612427621660098	13056.0	PORTABLE_USER_ROOT/spectralMol/guacamol_frequency_ablation_merged_20260824_150715/high-only/seed_4/task_6_C11H24/compare_GuacaMol_20260824_152958/runs/spectralmol/seed_4/case_GuacaMol_20260824_153000/benchmark_runs/2026_08_24_evolution_ga_benchmark_15_30_12/2026_08_24_evolution_ga_C11H24/scores.csv	PORTABLE_OUTPUT_ROOT/guacamol_frequency_ablation_merged_20260824_150715/high-only/seed_4/task_6_C11H24/compare_GuacaMol_20260824_152958
high-only	4	7	C9H10N2O2PF2Cl	0.7202729799554398	0.022381181575050847	13056.0	PORTABLE_USER_ROOT/spectralMol/guacamol_frequency_ablation_merged_20260824_150715/high-only/seed_4/task_7_C9H10N2O2PF2Cl/compare_GuacaMol_20260824_153002/runs/spectralmol/seed_4/case_GuacaMol_20260824_153003/benchmark_runs/2026_08_24_evolution_ga_benchmark_15_30_05/2026_08_24_evolution_ga_C9H10N2O2PF2Cl/scores.csv	PORTABLE_OUTPUT_ROOT/guacamol_frequency_ablation_merged_20260824_150715/high-only/seed_4/task_7_C9H10N2O2PF2Cl/compare_GuacaMol_20260824_153002
high-only	4	8	Median_molecules_1	0.3999999999999999	0.03231369965753116	13056.0	PORTABLE_USER_ROOT/spectralMol/guacamol_frequency_ablation_merged_20260824_150715/high-only/seed_4/task_8_Median_molecules_1/compare_GuacaMol_20260824_153006/runs/spectralmol/seed_4/case_GuacaMol_20260824_153007/benchmark_runs/2026_08_24_evolution_ga_benchmark_15_30_10/2026_08_24_evolution_ga_Median_molecules_1/scores.csv	PORTABLE_OUTPUT_ROOT/guacamol_frequency_ablation_merged_20260824_150715/high-only/seed_4/task_8_Median_molecules_1/compare_GuacaMol_20260824_153006
high-only	4	9	Median_molecules_2	0.3623715376697393	0.011319655512284633	13056.0	PORTABLE_USER_ROOT/spectralMol/guacamol_frequency_ablation_merged_20260824_150715/high-only/seed_4/task_9_Median_molecules_2/compare_GuacaMol_20260824_153008/runs/spectralmol/seed_4/case_GuacaMol_20260824_153009/benchmark_runs/2026_08_24_evolution_ga_benchmark_15_30_11/2026_08_24_evolution_ga_Median_molecules_2/scores.csv	PORTABLE_OUTPUT_ROOT/guacamol_frequency_ablation_merged_20260824_150715/high-only/seed_4/task_9_Median_molecules_2/compare_GuacaMol_20260824_153008
high-only	5	0	Celecoxib_rediscovery	1.0	0.024073741331428224	13056.0	PORTABLE_USER_ROOT/spectralMol/guacamol_frequency_ablation_merged_20260824_150715/high-only/seed_5/task_0_Celecoxib_rediscovery/compare_GuacaMol_20260824_153054/runs/spectralmol/seed_5/case_GuacaMol_20260824_153056/benchmark_runs/2026_08_24_evolution_ga_benchmark_15_31_06/2026_08_24_evolution_ga_Celecoxib_rediscovery/scores.csv	PORTABLE_OUTPUT_ROOT/guacamol_frequency_ablation_merged_20260824_150715/high-only/seed_5/task_0_Celecoxib_rediscovery/compare_GuacaMol_20260824_153054
high-only	5	10	Osimertinib_MPO	0.8012841587673166	0.020634109578497612	13056.0	PORTABLE_USER_ROOT/spectralMol/guacamol_frequency_ablation_merged_20260824_150715/high-only/seed_5/task_10_Osimertinib_MPO/compare_GuacaMol_20260824_153144/runs/spectralmol/seed_5/case_GuacaMol_20260824_153145/benchmark_runs/2026_08_24_evolution_ga_benchmark_15_31_47/2026_08_24_evolution_ga_Osimertinib_MPO/scores.csv	PORTABLE_OUTPUT_ROOT/guacamol_frequency_ablation_merged_20260824_150715/high-only/seed_5/task_10_Osimertinib_MPO/compare_GuacaMol_20260824_153144
high-only	5	11	Fexofenadine_MPO	0.970650410074838	0.007132955034551913	13056.0	PORTABLE_USER_ROOT/spectralMol/guacamol_frequency_ablation_merged_20260824_150715/high-only/seed_5/task_11_Fexofenadine_MPO/compare_GuacaMol_20260824_153159/runs/spectralmol/seed_5/case_GuacaMol_20260824_153200/benchmark_runs/2026_08_24_evolution_ga_benchmark_15_32_02/2026_08_24_evolution_ga_Fexofenadine_MPO/scores.csv	PORTABLE_OUTPUT_ROOT/guacamol_frequency_ablation_merged_20260824_150715/high-only/seed_5/task_11_Fexofenadine_MPO/compare_GuacaMol_20260824_153159
high-only	5	12	Ranolazine_MPO	0.7374023299594898	0.005040927688721923	13056.0	PORTABLE_USER_ROOT/spectralMol/guacamol_frequency_ablation_merged_20260824_150715/high-only/seed_5/task_12_Ranolazine_MPO/compare_GuacaMol_20260824_153208/runs/spectralmol/seed_5/case_GuacaMol_20260824_153210/benchmark_runs/2026_08_24_evolution_ga_benchmark_15_32_22/2026_08_24_evolution_ga_Ranolazine_MPO/scores.csv	PORTABLE_OUTPUT_ROOT/guacamol_frequency_ablation_merged_20260824_150715/high-only/seed_5/task_12_Ranolazine_MPO/compare_GuacaMol_20260824_153208
high-only	5	13	Perindopril_MPO	0.4518721961743084	0.0055734443831472824	13056.0	PORTABLE_USER_ROOT/spectralMol/guacamol_frequency_ablation_merged_20260824_150715/high-only/seed_5/task_13_Perindopril_MPO/compare_GuacaMol_20260824_153208/runs/spectralmol/seed_5/case_GuacaMol_20260824_153209/benchmark_runs/2026_08_24_evolution_ga_benchmark_15_32_11/2026_08_24_evolution_ga_Perindopril_MPO/scores.csv	PORTABLE_OUTPUT_ROOT/guacamol_frequency_ablation_merged_20260824_150715/high-only/seed_5/task_13_Perindopril_MPO/compare_GuacaMol_20260824_153208
high-only	5	14	Amlodipine_MPO	0.5516772843673705	0.005434991419528438	13056.0	PORTABLE_USER_ROOT/spectralMol/guacamol_frequency_ablation_merged_20260824_150715/high-only/seed_5/task_14_Amlodipine_MPO/compare_GuacaMol_20260824_153216/runs/spectralmol/seed_5/case_GuacaMol_20260824_153218/benchmark_runs/2026_08_24_evolution_ga_benchmark_15_32_28/2026_08_24_evolution_ga_Amlodipine_MPO/scores.csv	PORTABLE_OUTPUT_ROOT/guacamol_frequency_ablation_merged_20260824_150715/high-only/seed_5/task_14_Amlodipine_MPO/compare_GuacaMol_20260824_153216
high-only	5	15	Sitagliptin_MPO	0.3038942465712229	0.00041978548616393885	13056.0	PORTABLE_USER_ROOT/spectralMol/guacamol_frequency_ablation_merged_20260824_150715/high-only/seed_5/task_15_Sitagliptin_MPO/compare_GuacaMol_20260824_153211/runs/spectralmol/seed_5/case_GuacaMol_20260824_153211/benchmark_runs/2026_08_24_evolution_ga_benchmark_15_32_14/2026_08_24_evolution_ga_Sitagliptin_MPO/scores.csv	PORTABLE_OUTPUT_ROOT/guacamol_frequency_ablation_merged_20260824_150715/high-only/seed_5/task_15_Sitagliptin_MPO/compare_GuacaMol_20260824_153211
high-only	5	16	Zaleplon_MPO	0.6036166986445207	0.006048012964685583	13056.0	PORTABLE_USER_ROOT/spectralMol/guacamol_frequency_ablation_merged_20260824_150715/high-only/seed_5/task_16_Zaleplon_MPO/compare_GuacaMol_20260824_153218/runs/spectralmol/seed_5/case_GuacaMol_20260824_153219/benchmark_runs/2026_08_24_evolution_ga_benchmark_15_32_21/2026_08_24_evolution_ga_Zaleplon_MPO/scores.csv	PORTABLE_OUTPUT_ROOT/guacamol_frequency_ablation_merged_20260824_150715/high-only/seed_5/task_16_Zaleplon_MPO/compare_GuacaMol_20260824_153218
high-only	5	17	Valsartan_smarts	0.0261982728599297	1.7041923040020372e-05	13056.0	PORTABLE_USER_ROOT/spectralMol/guacamol_frequency_ablation_merged_20260824_150715/high-only/seed_5/task_17_Valsartan_smarts/compare_GuacaMol_20260824_153225/runs/spectralmol/seed_5/case_GuacaMol_20260824_153227/benchmark_runs/2026_08_24_evolution_ga_benchmark_15_32_38/2026_08_24_evolution_ga_Valsartan_smarts/scores.csv	PORTABLE_OUTPUT_ROOT/guacamol_frequency_ablation_merged_20260824_150715/high-only/seed_5/task_17_Valsartan_smarts/compare_GuacaMol_20260824_153225
high-only	5	18	Deco_hop	0.5975515928120063	0.5008832801021593	13056.0	PORTABLE_USER_ROOT/spectralMol/guacamol_frequency_ablation_merged_20260824_150715/high-only/seed_5/task_18_Deco_hop/compare_GuacaMol_20260824_153220/runs/spectralmol/seed_5/case_GuacaMol_20260824_153221/benchmark_runs/2026_08_24_evolution_ga_benchmark_15_32_24/2026_08_24_evolution_ga_Deco_hop/scores.csv	PORTABLE_OUTPUT_ROOT/guacamol_frequency_ablation_merged_20260824_150715/high-only/seed_5/task_18_Deco_hop/compare_GuacaMol_20260824_153220
high-only	5	19	Scaffold_hop	0.666667	0.33608366527340355	13056.0	PORTABLE_USER_ROOT/spectralMol/guacamol_frequency_ablation_merged_20260824_150715/high-only/seed_5/task_19_Scaffold_hop/compare_GuacaMol_20260824_153229/runs/spectralmol/seed_5/case_GuacaMol_20260824_153229/benchmark_runs/2026_08_24_evolution_ga_benchmark_15_32_32/2026_08_24_evolution_ga_Scaffold_hop/scores.csv	PORTABLE_OUTPUT_ROOT/guacamol_frequency_ablation_merged_20260824_150715/high-only/seed_5/task_19_Scaffold_hop/compare_GuacaMol_20260824_153229
high-only	5	1	Troglitazone_rediscovery	1.0	0.02737814209468546	13056.0	PORTABLE_USER_ROOT/spectralMol/guacamol_frequency_ablation_merged_20260824_150715/high-only/seed_5/task_1_Troglitazone_rediscovery/compare_GuacaMol_20260824_153059/runs/spectralmol/seed_5/case_GuacaMol_20260824_153101/benchmark_runs/2026_08_24_evolution_ga_benchmark_15_31_12/2026_08_24_evolution_ga_Troglitazone_rediscovery/scores.csv	PORTABLE_OUTPUT_ROOT/guacamol_frequency_ablation_merged_20260824_150715/high-only/seed_5/task_1_Troglitazone_rediscovery/compare_GuacaMol_20260824_153059
high-only	5	2	Thiothixene_rediscovery	1.0	0.034113495349555996	13056.0	PORTABLE_USER_ROOT/spectralMol/guacamol_frequency_ablation_merged_20260824_150715/high-only/seed_5/task_2_Thiothixene_rediscovery/compare_GuacaMol_20260824_153104/runs/spectralmol/seed_5/case_GuacaMol_20260824_153106/benchmark_runs/2026_08_24_evolution_ga_benchmark_15_31_20/2026_08_24_evolution_ga_Thiothixene_rediscovery/scores.csv	PORTABLE_OUTPUT_ROOT/guacamol_frequency_ablation_merged_20260824_150715/high-only/seed_5/task_2_Thiothixene_rediscovery/compare_GuacaMol_20260824_153104
high-only	5	3	Aripiprazole_similarity	1.0	0.043178906074451934	13056.0	PORTABLE_USER_ROOT/spectralMol/guacamol_frequency_ablation_merged_20260824_150715/high-only/seed_5/task_3_Aripiprazole_similarity/compare_GuacaMol_20260824_153104/runs/spectralmol/seed_5/case_GuacaMol_20260824_153106/benchmark_runs/2026_08_24_evolution_ga_benchmark_15_31_20/2026_08_24_evolution_ga_Aripiprazole_similarity/scores.csv	PORTABLE_OUTPUT_ROOT/guacamol_frequency_ablation_merged_20260824_150715/high-only/seed_5/task_3_Aripiprazole_similarity/compare_GuacaMol_20260824_153104
high-only	5	4	Albuterol_similarity	0.4931506849315068	0.13095227524199296	13056.0	PORTABLE_USER_ROOT/spectralMol/guacamol_frequency_ablation_merged_20260824_150715/high-only/seed_5/task_4_Albuterol_similarity/compare_GuacaMol_20260824_153057/runs/spectralmol/seed_5/case_GuacaMol_20260824_153058/benchmark_runs/2026_08_24_evolution_ga_benchmark_15_31_00/2026_08_24_evolution_ga_Albuterol_similarity/scores.csv	PORTABLE_OUTPUT_ROOT/guacamol_frequency_ablation_merged_20260824_150715/high-only/seed_5/task_4_Albuterol_similarity/compare_GuacaMol_20260824_153057
high-only	5	5	Mestranol_similarity	1.0	0.04363777152743093	13056.0	PORTABLE_USER_ROOT/spectralMol/guacamol_frequency_ablation_merged_20260824_150715/high-only/seed_5/task_5_Mestranol_similarity/compare_GuacaMol_20260824_153107/runs/spectralmol/seed_5/case_GuacaMol_20260824_153110/benchmark_runs/2026_08_24_evolution_ga_benchmark_15_31_22/2026_08_24_evolution_ga_Mestranol_similarity/scores.csv	PORTABLE_OUTPUT_ROOT/guacamol_frequency_ablation_merged_20260824_150715/high-only/seed_5/task_5_Mestranol_similarity/compare_GuacaMol_20260824_153107
high-only	5	6	C11H24	0.8553453273074225	0.011179450711003876	13056.0	PORTABLE_USER_ROOT/spectralMol/guacamol_frequency_ablation_merged_20260824_150715/high-only/seed_5/task_6_C11H24/compare_GuacaMol_20260824_153111/runs/spectralmol/seed_5/case_GuacaMol_20260824_153112/benchmark_runs/2026_08_24_evolution_ga_benchmark_15_31_15/2026_08_24_evolution_ga_C11H24/scores.csv	PORTABLE_OUTPUT_ROOT/guacamol_frequency_ablation_merged_20260824_150715/high-only/seed_5/task_6_C11H24/compare_GuacaMol_20260824_153111
high-only	5	7	C9H10N2O2PF2Cl	0.645648526427892	0.05488479245956301	13056.0	PORTABLE_USER_ROOT/spectralMol/guacamol_frequency_ablation_merged_20260824_150715/high-only/seed_5/task_7_C9H10N2O2PF2Cl/compare_GuacaMol_20260824_153119/runs/spectralmol/seed_5/case_GuacaMol_20260824_153121/benchmark_runs/2026_08_24_evolution_ga_benchmark_15_31_31/2026_08_24_evolution_ga_C9H10N2O2PF2Cl/scores.csv	PORTABLE_OUTPUT_ROOT/guacamol_frequency_ablation_merged_20260824_150715/high-only/seed_5/task_7_C9H10N2O2PF2Cl/compare_GuacaMol_20260824_153119
high-only	5	8	Median_molecules_1	0.3999999999999999	0.029742237870534472	13056.0	PORTABLE_USER_ROOT/spectralMol/guacamol_frequency_ablation_merged_20260824_150715/high-only/seed_5/task_8_Median_molecules_1/compare_GuacaMol_20260824_153130/runs/spectralmol/seed_5/case_GuacaMol_20260824_153132/benchmark_runs/2026_08_24_evolution_ga_benchmark_15_31_44/2026_08_24_evolution_ga_Median_molecules_1/scores.csv	PORTABLE_OUTPUT_ROOT/guacamol_frequency_ablation_merged_20260824_150715/high-only/seed_5/task_8_Median_molecules_1/compare_GuacaMol_20260824_153130
high-only	5	9	Median_molecules_2	0.3623715376697393	0.012263299017003558	13056.0	PORTABLE_USER_ROOT/spectralMol/guacamol_frequency_ablation_merged_20260824_150715/high-only/seed_5/task_9_Median_molecules_2/compare_GuacaMol_20260824_153134/runs/spectralmol/seed_5/case_GuacaMol_20260824_153137/benchmark_runs/2026_08_24_evolution_ga_benchmark_15_31_49/2026_08_24_evolution_ga_Median_molecules_2/scores.csv	PORTABLE_OUTPUT_ROOT/guacamol_frequency_ablation_merged_20260824_150715/high-only/seed_5/task_9_Median_molecules_2/compare_GuacaMol_20260824_153134
low-only	0	0	Celecoxib_rediscovery	1.0	0.06879222653312728	13056.0	PORTABLE_USER_ROOT/spectralMol/guacamol_frequency_ablation_merged_20260824_150715/low-only/seed_0/task_0_Celecoxib_rediscovery/compare_GuacaMol_20260824_153235/runs/spectralmol/seed_0/case_GuacaMol_20260824_153235/benchmark_runs/2026_08_24_evolution_ga_benchmark_15_32_38/2026_08_24_evolution_ga_Celecoxib_rediscovery/scores.csv	PORTABLE_OUTPUT_ROOT/guacamol_frequency_ablation_merged_20260824_150715/low-only/seed_0/task_0_Celecoxib_rediscovery/compare_GuacaMol_20260824_153235
low-only	0	10	Osimertinib_MPO	0.8012841587673166	0.027197848377836245	13056.0	PORTABLE_USER_ROOT/spectralMol/guacamol_frequency_ablation_merged_20260824_150715/low-only/seed_0/task_10_Osimertinib_MPO/compare_GuacaMol_20260824_153326/runs/spectralmol/seed_0/case_GuacaMol_20260824_153326/benchmark_runs/2026_08_24_evolution_ga_benchmark_15_33_29/2026_08_24_evolution_ga_Osimertinib_MPO/scores.csv	PORTABLE_OUTPUT_ROOT/guacamol_frequency_ablation_merged_20260824_150715/low-only/seed_0/task_10_Osimertinib_MPO/compare_GuacaMol_20260824_153326
low-only	0	11	Fexofenadine_MPO	1.0	0.15446843182970682	13056.0	PORTABLE_USER_ROOT/spectralMol/guacamol_frequency_ablation_merged_20260824_150715/low-only/seed_0/task_11_Fexofenadine_MPO/compare_GuacaMol_20260824_153326/runs/spectralmol/seed_0/case_GuacaMol_20260824_153326/benchmark_runs/2026_08_24_evolution_ga_benchmark_15_33_29/2026_08_24_evolution_ga_Fexofenadine_MPO/scores.csv	PORTABLE_OUTPUT_ROOT/guacamol_frequency_ablation_merged_20260824_150715/low-only/seed_0/task_11_Fexofenadine_MPO/compare_GuacaMol_20260824_153326
low-only	0	12	Ranolazine_MPO	0.6925677830065992	0.0445860125894149	13056.0	PORTABLE_USER_ROOT/spectralMol/guacamol_frequency_ablation_merged_20260824_150715/low-only/seed_0/task_12_Ranolazine_MPO/compare_GuacaMol_20260824_153337/runs/spectralmol/seed_0/case_GuacaMol_20260824_153339/benchmark_runs/2026_08_24_evolution_ga_benchmark_15_33_50/2026_08_24_evolution_ga_Ranolazine_MPO/scores.csv	PORTABLE_OUTPUT_ROOT/guacamol_frequency_ablation_merged_20260824_150715/low-only/seed_0/task_12_Ranolazine_MPO/compare_GuacaMol_20260824_153337
low-only	0	13	Perindopril_MPO	0.4284207088802645	0.007471526310458948	13056.0	PORTABLE_USER_ROOT/spectralMol/guacamol_frequency_ablation_merged_20260824_150715/low-only/seed_0/task_13_Perindopril_MPO/compare_GuacaMol_20260824_153332/runs/spectralmol/seed_0/case_GuacaMol_20260824_153333/benchmark_runs/2026_08_24_evolution_ga_benchmark_15_33_36/2026_08_24_evolution_ga_Perindopril_MPO/scores.csv	PORTABLE_OUTPUT_ROOT/guacamol_frequency_ablation_merged_20260824_150715/low-only/seed_0/task_13_Perindopril_MPO/compare_GuacaMol_20260824_153332
low-only	0	14	Amlodipine_MPO	0.8907739673281686	0.039655489505860946	13056.0	PORTABLE_USER_ROOT/spectralMol/guacamol_frequency_ablation_merged_20260824_150715/low-only/seed_0/task_14_Amlodipine_MPO/compare_GuacaMol_20260824_153351/runs/spectralmol/seed_0/case_GuacaMol_20260824_153353/benchmark_runs/2026_08_24_evolution_ga_benchmark_15_34_05/2026_08_24_evolution_ga_Amlodipine_MPO/scores.csv	PORTABLE_OUTPUT_ROOT/guacamol_frequency_ablation_merged_20260824_150715/low-only/seed_0/task_14_Amlodipine_MPO/compare_GuacaMol_20260824_153351
low-only	0	15	Sitagliptin_MPO	0.6447440925300655	0.014884902213259488	13056.0	PORTABLE_USER_ROOT/spectralMol/guacamol_frequency_ablation_merged_20260824_150715/low-only/seed_0/task_15_Sitagliptin_MPO/compare_GuacaMol_20260824_153355/runs/spectralmol/seed_0/case_GuacaMol_20260824_153357/benchmark_runs/2026_08_24_evolution_ga_benchmark_15_34_07/2026_08_24_evolution_ga_Sitagliptin_MPO/scores.csv	PORTABLE_OUTPUT_ROOT/guacamol_frequency_ablation_merged_20260824_150715/low-only/seed_0/task_15_Sitagliptin_MPO/compare_GuacaMol_20260824_153355
low-only	0	16	Zaleplon_MPO	0.6983075798185957	0.01594526065096723	13056.0	PORTABLE_USER_ROOT/spectralMol/guacamol_frequency_ablation_merged_20260824_150715/low-only/seed_0/task_16_Zaleplon_MPO/compare_GuacaMol_20260824_153359/runs/spectralmol/seed_0/case_GuacaMol_20260824_153401/benchmark_runs/2026_08_24_evolution_ga_benchmark_15_34_12/2026_08_24_evolution_ga_Zaleplon_MPO/scores.csv	PORTABLE_OUTPUT_ROOT/guacamol_frequency_ablation_merged_20260824_150715/low-only/seed_0/task_16_Zaleplon_MPO/compare_GuacaMol_20260824_153359
low-only	0	17	Valsartan_smarts	0.0212118960310793	3.55385918565326e-05	13056.0	PORTABLE_USER_ROOT/spectralMol/guacamol_frequency_ablation_merged_20260824_150715/low-only/seed_0/task_17_Valsartan_smarts/compare_GuacaMol_20260824_153358/runs/spectralmol/seed_0/case_GuacaMol_20260824_153400/benchmark_runs/2026_08_24_evolution_ga_benchmark_15_34_11/2026_08_24_evolution_ga_Valsartan_smarts/scores.csv	PORTABLE_OUTPUT_ROOT/guacamol_frequency_ablation_merged_20260824_150715/low-only/seed_0/task_17_Valsartan_smarts/compare_GuacaMol_20260824_153358
low-only	0	18	Deco_hop	0.596045447740113	0.4950515030332599	13056.0	PORTABLE_USER_ROOT/spectralMol/guacamol_frequency_ablation_merged_20260824_150715/low-only/seed_0/task_18_Deco_hop/compare_GuacaMol_20260824_153411/runs/spectralmol/seed_0/case_GuacaMol_20260824_153413/benchmark_runs/2026_08_24_evolution_ga_benchmark_15_34_25/2026_08_24_evolution_ga_Deco_hop/scores.csv	PORTABLE_OUTPUT_ROOT/guacamol_frequency_ablation_merged_20260824_150715/low-only/seed_0/task_18_Deco_hop/compare_GuacaMol_20260824_153411
low-only	0	19	Scaffold_hop	0.666667	0.3533100249504507	13056.0	PORTABLE_USER_ROOT/spectralMol/guacamol_frequency_ablation_merged_20260824_150715/low-only/seed_0/task_19_Scaffold_hop/compare_GuacaMol_20260824_153410/runs/spectralmol/seed_0/case_GuacaMol_20260824_153412/benchmark_runs/2026_08_24_evolution_ga_benchmark_15_34_22/2026_08_24_evolution_ga_Scaffold_hop/scores.csv	PORTABLE_OUTPUT_ROOT/guacamol_frequency_ablation_merged_20260824_150715/low-only/seed_0/task_19_Scaffold_hop/compare_GuacaMol_20260824_153410
low-only	0	1	Troglitazone_rediscovery	1.0	0.10235888014581505	13056.0	PORTABLE_USER_ROOT/spectralMol/guacamol_frequency_ablation_merged_20260824_150715/low-only/seed_0/task_1_Troglitazone_rediscovery/compare_GuacaMol_20260824_153238/runs/spectralmol/seed_0/case_GuacaMol_20260824_153239/benchmark_runs/2026_08_24_evolution_ga_benchmark_15_32_41/2026_08_24_evolution_ga_Troglitazone_rediscovery/scores.csv	PORTABLE_OUTPUT_ROOT/guacamol_frequency_ablation_merged_20260824_150715/low-only/seed_0/task_1_Troglitazone_rediscovery/compare_GuacaMol_20260824_153238
low-only	0	2	Thiothixene_rediscovery	1.0	0.10353595790446622	13056.0	PORTABLE_USER_ROOT/spectralMol/guacamol_frequency_ablation_merged_20260824_150715/low-only/seed_0/task_2_Thiothixene_rediscovery/compare_GuacaMol_20260824_153238/runs/spectralmol/seed_0/case_GuacaMol_20260824_153239/benchmark_runs/2026_08_24_evolution_ga_benchmark_15_32_42/2026_08_24_evolution_ga_Thiothixene_rediscovery/scores.csv	PORTABLE_OUTPUT_ROOT/guacamol_frequency_ablation_merged_20260824_150715/low-only/seed_0/task_2_Thiothixene_rediscovery/compare_GuacaMol_20260824_153238
low-only	0	3	Aripiprazole_similarity	1.0	0.13219408522722167	13056.0	PORTABLE_USER_ROOT/spectralMol/guacamol_frequency_ablation_merged_20260824_150715/low-only/seed_0/task_3_Aripiprazole_similarity/compare_GuacaMol_20260824_153241/runs/spectralmol/seed_0/case_GuacaMol_20260824_153241/benchmark_runs/2026_08_24_evolution_ga_benchmark_15_32_44/2026_08_24_evolution_ga_Aripiprazole_similarity/scores.csv	PORTABLE_OUTPUT_ROOT/guacamol_frequency_ablation_merged_20260824_150715/low-only/seed_0/task_3_Aripiprazole_similarity/compare_GuacaMol_20260824_153241
low-only	0	4	Albuterol_similarity	0.5714285714285714	0.22031068704304707	13056.0	PORTABLE_USER_ROOT/spectralMol/guacamol_frequency_ablation_merged_20260824_150715/low-only/seed_0/task_4_Albuterol_similarity/compare_GuacaMol_20260824_153244/runs/spectralmol/seed_0/case_GuacaMol_20260824_153244/benchmark_runs/2026_08_24_evolution_ga_benchmark_15_32_47/2026_08_24_evolution_ga_Albuterol_similarity/scores.csv	PORTABLE_OUTPUT_ROOT/guacamol_frequency_ablation_merged_20260824_150715/low-only/seed_0/task_4_Albuterol_similarity/compare_GuacaMol_20260824_153244
low-only	0	5	Mestranol_similarity	1.0	0.16991703035985517	13056.0	PORTABLE_USER_ROOT/spectralMol/guacamol_frequency_ablation_merged_20260824_150715/low-only/seed_0/task_5_Mestranol_similarity/compare_GuacaMol_20260824_153312/runs/spectralmol/seed_0/case_GuacaMol_20260824_153314/benchmark_runs/2026_08_24_evolution_ga_benchmark_15_33_27/2026_08_24_evolution_ga_Mestranol_similarity/scores.csv	PORTABLE_OUTPUT_ROOT/guacamol_frequency_ablation_merged_20260824_150715/low-only/seed_0/task_5_Mestranol_similarity/compare_GuacaMol_20260824_153312
low-only	0	6	C11H24	1.0	0.048682500916607696	13056.0	PORTABLE_USER_ROOT/spectralMol/guacamol_frequency_ablation_merged_20260824_150715/low-only/seed_0/task_6_C11H24/compare_GuacaMol_20260824_153312/runs/spectralmol/seed_0/case_GuacaMol_20260824_153314/benchmark_runs/2026_08_24_evolution_ga_benchmark_15_33_27/2026_08_24_evolution_ga_C11H24/scores.csv	PORTABLE_OUTPUT_ROOT/guacamol_frequency_ablation_merged_20260824_150715/low-only/seed_0/task_6_C11H24/compare_GuacaMol_20260824_153312
low-only	0	7	C9H10N2O2PF2Cl	0.8824969025845953	0.16256683363128926	13056.0	PORTABLE_USER_ROOT/spectralMol/guacamol_frequency_ablation_merged_20260824_150715/low-only/seed_0/task_7_C9H10N2O2PF2Cl/compare_GuacaMol_20260824_153311/runs/spectralmol/seed_0/case_GuacaMol_20260824_153312/benchmark_runs/2026_08_24_evolution_ga_benchmark_15_33_14/2026_08_24_evolution_ga_C9H10N2O2PF2Cl/scores.csv	PORTABLE_OUTPUT_ROOT/guacamol_frequency_ablation_merged_20260824_150715/low-only/seed_0/task_7_C9H10N2O2PF2Cl/compare_GuacaMol_20260824_153311
low-only	0	8	Median_molecules_1	0.3999999999999999	0.06482471866493889	13056.0	PORTABLE_USER_ROOT/spectralMol/guacamol_frequency_ablation_merged_20260824_150715/low-only/seed_0/task_8_Median_molecules_1/compare_GuacaMol_20260824_153315/runs/spectralmol/seed_0/case_GuacaMol_20260824_153317/benchmark_runs/2026_08_24_evolution_ga_benchmark_15_33_23/2026_08_24_evolution_ga_Median_molecules_1/scores.csv	PORTABLE_OUTPUT_ROOT/guacamol_frequency_ablation_merged_20260824_150715/low-only/seed_0/task_8_Median_molecules_1/compare_GuacaMol_20260824_153315
low-only	0	9	Median_molecules_2	0.3863606522039072	0.07309019363486773	13056.0	PORTABLE_USER_ROOT/spectralMol/guacamol_frequency_ablation_merged_20260824_150715/low-only/seed_0/task_9_Median_molecules_2/compare_GuacaMol_20260824_153320/runs/spectralmol/seed_0/case_GuacaMol_20260824_153321/benchmark_runs/2026_08_24_evolution_ga_benchmark_15_33_24/2026_08_24_evolution_ga_Median_molecules_2/scores.csv	PORTABLE_OUTPUT_ROOT/guacamol_frequency_ablation_merged_20260824_150715/low-only/seed_0/task_9_Median_molecules_2/compare_GuacaMol_20260824_153320
low-only	1	0	Celecoxib_rediscovery	1.0	0.07053882595277228	13056.0	PORTABLE_USER_ROOT/spectralMol/guacamol_frequency_ablation_merged_20260824_150715/low-only/seed_1/task_0_Celecoxib_rediscovery/compare_GuacaMol_20260824_153410/runs/spectralmol/seed_1/case_GuacaMol_20260824_153412/benchmark_runs/2026_08_24_evolution_ga_benchmark_15_34_24/2026_08_24_evolution_ga_Celecoxib_rediscovery/scores.csv	PORTABLE_OUTPUT_ROOT/guacamol_frequency_ablation_merged_20260824_150715/low-only/seed_1/task_0_Celecoxib_rediscovery/compare_GuacaMol_20260824_153410
low-only	1	10	Osimertinib_MPO	0.8058577676402566	0.029603772869724942	13056.0	PORTABLE_USER_ROOT/spectralMol/guacamol_frequency_ablation_merged_20260824_150715/low-only/seed_1/task_10_Osimertinib_MPO/compare_GuacaMol_20260824_153459/runs/spectralmol/seed_1/case_GuacaMol_20260824_153459/benchmark_runs/2026_08_24_evolution_ga_benchmark_15_35_02/2026_08_24_evolution_ga_Osimertinib_MPO/scores.csv	PORTABLE_OUTPUT_ROOT/guacamol_frequency_ablation_merged_20260824_150715/low-only/seed_1/task_10_Osimertinib_MPO/compare_GuacaMol_20260824_153459
low-only	1	11	Fexofenadine_MPO	0.9982144954964556	0.2686129223219105	13056.0	PORTABLE_USER_ROOT/spectralMol/guacamol_frequency_ablation_merged_20260824_150715/low-only/seed_1/task_11_Fexofenadine_MPO/compare_GuacaMol_20260824_153510/runs/spectralmol/seed_1/case_GuacaMol_20260824_153512/benchmark_runs/2026_08_24_evolution_ga_benchmark_15_35_23/2026_08_24_evolution_ga_Fexofenadine_MPO/scores.csv	PORTABLE_OUTPUT_ROOT/guacamol_frequency_ablation_merged_20260824_150715/low-only/seed_1/task_11_Fexofenadine_MPO/compare_GuacaMol_20260824_153510
low-only	1	12	Ranolazine_MPO	0.6925677830065992	0.030089991308793543	13056.0	PORTABLE_USER_ROOT/spectralMol/guacamol_frequency_ablation_merged_20260824_150715/low-only/seed_1/task_12_Ranolazine_MPO/compare_GuacaMol_20260824_153505/runs/spectralmol/seed_1/case_GuacaMol_20260824_153506/benchmark_runs/2026_08_24_evolution_ga_benchmark_15_35_08/2026_08_24_evolution_ga_Ranolazine_MPO/scores.csv	PORTABLE_OUTPUT_ROOT/guacamol_frequency_ablation_merged_20260824_150715/low-only/seed_1/task_12_Ranolazine_MPO/compare_GuacaMol_20260824_153505
low-only	1	13	Perindopril_MPO	0.4364357804719847	0.007957057150845302	13056.0	PORTABLE_USER_ROOT/spectralMol/guacamol_frequency_ablation_merged_20260824_150715/low-only/seed_1/task_13_Perindopril_MPO/compare_GuacaMol_20260824_153514/runs/spectralmol/seed_1/case_GuacaMol_20260824_153515/benchmark_runs/2026_08_24_evolution_ga_benchmark_15_35_17/2026_08_24_evolution_ga_Perindopril_MPO/scores.csv	PORTABLE_OUTPUT_ROOT/guacamol_frequency_ablation_merged_20260824_150715/low-only/seed_1/task_13_Perindopril_MPO/compare_GuacaMol_20260824_153514
low-only	1	14	Amlodipine_MPO	0.8751899489873673	0.015236799122618092	13056.0	PORTABLE_USER_ROOT/spectralMol/guacamol_frequency_ablation_merged_20260824_150715/low-only/seed_1/task_14_Amlodipine_MPO/compare_GuacaMol_20260824_153526/runs/spectralmol/seed_1/case_GuacaMol_20260824_153528/benchmark_runs/2026_08_24_evolution_ga_benchmark_15_35_40/2026_08_24_evolution_ga_Amlodipine_MPO/scores.csv	PORTABLE_OUTPUT_ROOT/guacamol_frequency_ablation_merged_20260824_150715/low-only/seed_1/task_14_Amlodipine_MPO/compare_GuacaMol_20260824_153526
low-only	1	15	Sitagliptin_MPO	0.6393460994155079	0.018224290196674695	13056.0	PORTABLE_USER_ROOT/spectralMol/guacamol_frequency_ablation_merged_20260824_150715/low-only/seed_1/task_15_Sitagliptin_MPO/compare_GuacaMol_20260824_153520/runs/spectralmol/seed_1/case_GuacaMol_20260824_153521/benchmark_runs/2026_08_24_evolution_ga_benchmark_15_35_23/2026_08_24_evolution_ga_Sitagliptin_MPO/scores.csv	PORTABLE_OUTPUT_ROOT/guacamol_frequency_ablation_merged_20260824_150715/low-only/seed_1/task_15_Sitagliptin_MPO/compare_GuacaMol_20260824_153520
low-only	1	16	Zaleplon_MPO	0.6936365736837096	0.012626613562061123	13056.0	PORTABLE_USER_ROOT/spectralMol/guacamol_frequency_ablation_merged_20260824_150715/low-only/seed_1/task_16_Zaleplon_MPO/compare_GuacaMol_20260824_153523/runs/spectralmol/seed_1/case_GuacaMol_20260824_153524/benchmark_runs/2026_08_24_evolution_ga_benchmark_15_35_26/2026_08_24_evolution_ga_Zaleplon_MPO/scores.csv	PORTABLE_OUTPUT_ROOT/guacamol_frequency_ablation_merged_20260824_150715/low-only/seed_1/task_16_Zaleplon_MPO/compare_GuacaMol_20260824_153523
low-only	1	17	Valsartan_smarts	0.0139593793552943	3.078413675001087e-05	13056.0	PORTABLE_USER_ROOT/spectralMol/guacamol_frequency_ablation_merged_20260824_150715/low-only/seed_1/task_17_Valsartan_smarts/compare_GuacaMol_20260824_153523/runs/spectralmol/seed_1/case_GuacaMol_20260824_153524/benchmark_runs/2026_08_24_evolution_ga_benchmark_15_35_26/2026_08_24_evolution_ga_Valsartan_smarts/scores.csv	PORTABLE_OUTPUT_ROOT/guacamol_frequency_ablation_merged_20260824_150715/low-only/seed_1/task_17_Valsartan_smarts/compare_GuacaMol_20260824_153523
low-only	1	18	Deco_hop	0.6031088988150201	0.5007814215376761	13056.0	PORTABLE_USER_ROOT/spectralMol/guacamol_frequency_ablation_merged_20260824_150715/low-only/seed_1/task_18_Deco_hop/compare_GuacaMol_20260824_153532/runs/spectralmol/seed_1/case_GuacaMol_20260824_153533/benchmark_runs/2026_08_24_evolution_ga_benchmark_15_35_36/2026_08_24_evolution_ga_Deco_hop/scores.csv	PORTABLE_OUTPUT_ROOT/guacamol_frequency_ablation_merged_20260824_150715/low-only/seed_1/task_18_Deco_hop/compare_GuacaMol_20260824_153532
low-only	1	19	Scaffold_hop	0.666667	0.35238324599678683	13056.0	PORTABLE_USER_ROOT/spectralMol/guacamol_frequency_ablation_merged_20260824_150715/low-only/seed_1/task_19_Scaffold_hop/compare_GuacaMol_20260824_153535/runs/spectralmol/seed_1/case_GuacaMol_20260824_153535/benchmark_runs/2026_08_24_evolution_ga_benchmark_15_35_38/2026_08_24_evolution_ga_Scaffold_hop/scores.csv	PORTABLE_OUTPUT_ROOT/guacamol_frequency_ablation_merged_20260824_150715/low-only/seed_1/task_19_Scaffold_hop/compare_GuacaMol_20260824_153535
low-only	1	1	Troglitazone_rediscovery	1.0	0.09235095526639624	13056.0	PORTABLE_USER_ROOT/spectralMol/guacamol_frequency_ablation_merged_20260824_150715/low-only/seed_1/task_1_Troglitazone_rediscovery/compare_GuacaMol_20260824_153409/runs/spectralmol/seed_1/case_GuacaMol_20260824_153409/benchmark_runs/2026_08_24_evolution_ga_benchmark_15_34_12/2026_08_24_evolution_ga_Troglitazone_rediscovery/scores.csv	PORTABLE_OUTPUT_ROOT/guacamol_frequency_ablation_merged_20260824_150715/low-only/seed_1/task_1_Troglitazone_rediscovery/compare_GuacaMol_20260824_153409
low-only	1	2	Thiothixene_rediscovery	1.0	0.097650759114026	13056.0	PORTABLE_USER_ROOT/spectralMol/guacamol_frequency_ablation_merged_20260824_150715/low-only/seed_1/task_2_Thiothixene_rediscovery/compare_GuacaMol_20260824_153416/runs/spectralmol/seed_1/case_GuacaMol_20260824_153419/benchmark_runs/2026_08_24_evolution_ga_benchmark_15_34_31/2026_08_24_evolution_ga_Thiothixene_rediscovery/scores.csv	PORTABLE_OUTPUT_ROOT/guacamol_frequency_ablation_merged_20260824_150715/low-only/seed_1/task_2_Thiothixene_rediscovery/compare_GuacaMol_20260824_153416
low-only	1	3	Aripiprazole_similarity	1.0	0.11976571417767233	13056.0	PORTABLE_USER_ROOT/spectralMol/guacamol_frequency_ablation_merged_20260824_150715/low-only/seed_1/task_3_Aripiprazole_similarity/compare_GuacaMol_20260824_153420/runs/spectralmol/seed_1/case_GuacaMol_20260824_153422/benchmark_runs/2026_08_24_evolution_ga_benchmark_15_34_33/2026_08_24_evolution_ga_Aripiprazole_similarity/scores.csv	PORTABLE_OUTPUT_ROOT/guacamol_frequency_ablation_merged_20260824_150715/low-only/seed_1/task_3_Aripiprazole_similarity/compare_GuacaMol_20260824_153420
low-only	1	4	Albuterol_similarity	1.0	0.21998272042812736	13056.0	PORTABLE_USER_ROOT/spectralMol/guacamol_frequency_ablation_merged_20260824_150715/low-only/seed_1/task_4_Albuterol_similarity/compare_GuacaMol_20260824_153429/runs/spectralmol/seed_1/case_GuacaMol_20260824_153431/benchmark_runs/2026_08_24_evolution_ga_benchmark_15_34_43/2026_08_24_evolution_ga_Albuterol_similarity/scores.csv	PORTABLE_OUTPUT_ROOT/guacamol_frequency_ablation_merged_20260824_150715/low-only/seed_1/task_4_Albuterol_similarity/compare_GuacaMol_20260824_153429
low-only	1	5	Mestranol_similarity	1.0	0.11446897372760786	13056.0	PORTABLE_USER_ROOT/spectralMol/guacamol_frequency_ablation_merged_20260824_150715/low-only/seed_1/task_5_Mestranol_similarity/compare_GuacaMol_20260824_153428/runs/spectralmol/seed_1/case_GuacaMol_20260824_153430/benchmark_runs/2026_08_24_evolution_ga_benchmark_15_34_41/2026_08_24_evolution_ga_Mestranol_similarity/scores.csv	PORTABLE_OUTPUT_ROOT/guacamol_frequency_ablation_merged_20260824_150715/low-only/seed_1/task_5_Mestranol_similarity/compare_GuacaMol_20260824_153428
low-only	1	6	C11H24	1.0	0.13141414506640328	13056.0	PORTABLE_USER_ROOT/spectralMol/guacamol_frequency_ablation_merged_20260824_150715/low-only/seed_1/task_6_C11H24/compare_GuacaMol_20260824_153428/runs/spectralmol/seed_1/case_GuacaMol_20260824_153431/benchmark_runs/2026_08_24_evolution_ga_benchmark_15_34_42/2026_08_24_evolution_ga_C11H24/scores.csv	PORTABLE_OUTPUT_ROOT/guacamol_frequency_ablation_merged_20260824_150715/low-only/seed_1/task_6_C11H24/compare_GuacaMol_20260824_153428
low-only	1	7	C9H10N2O2PF2Cl	0.8161762130223398	0.10494895106831838	13056.0	PORTABLE_USER_ROOT/spectralMol/guacamol_frequency_ablation_merged_20260824_150715/low-only/seed_1/task_7_C9H10N2O2PF2Cl/compare_GuacaMol_20260824_153423/runs/spectralmol/seed_1/case_GuacaMol_20260824_153423/benchmark_runs/2026_08_24_evolution_ga_benchmark_15_34_26/2026_08_24_evolution_ga_C9H10N2O2PF2Cl/scores.csv	PORTABLE_OUTPUT_ROOT/guacamol_frequency_ablation_merged_20260824_150715/low-only/seed_1/task_7_C9H10N2O2PF2Cl/compare_GuacaMol_20260824_153423
low-only	1	8	Median_molecules_1	0.4067796610169492	0.08145230771026181	13056.0	PORTABLE_USER_ROOT/spectralMol/guacamol_frequency_ablation_merged_20260824_150715/low-only/seed_1/task_8_Median_molecules_1/compare_GuacaMol_20260824_153434/runs/spectralmol/seed_1/case_GuacaMol_20260824_153436/benchmark_runs/2026_08_24_evolution_ga_benchmark_15_34_47/2026_08_24_evolution_ga_Median_molecules_1/scores.csv	PORTABLE_OUTPUT_ROOT/guacamol_frequency_ablation_merged_20260824_150715/low-only/seed_1/task_8_Median_molecules_1/compare_GuacaMol_20260824_153434
low-only	1	9	Median_molecules_2	0.1971753561701729	0.0179499468682243	13056.0	PORTABLE_USER_ROOT/spectralMol/guacamol_frequency_ablation_merged_20260824_150715/low-only/seed_1/task_9_Median_molecules_2/compare_GuacaMol_20260824_153456/runs/spectralmol/seed_1/case_GuacaMol_20260824_153459/benchmark_runs/2026_08_24_evolution_ga_benchmark_15_35_11/2026_08_24_evolution_ga_Median_molecules_2/scores.csv	PORTABLE_OUTPUT_ROOT/guacamol_frequency_ablation_merged_20260824_150715/low-only/seed_1/task_9_Median_molecules_2/compare_GuacaMol_20260824_153456
low-only	2	0	Celecoxib_rediscovery	1.0	0.07609870274344756	13056.0	PORTABLE_USER_ROOT/spectralMol/guacamol_frequency_ablation_merged_20260824_150715/low-only/seed_2/task_0_Celecoxib_rediscovery/compare_GuacaMol_20260824_153540/runs/spectralmol/seed_2/case_GuacaMol_20260824_153541/benchmark_runs/2026_08_24_evolution_ga_benchmark_15_35_43/2026_08_24_evolution_ga_Celecoxib_rediscovery/scores.csv	PORTABLE_OUTPUT_ROOT/guacamol_frequency_ablation_merged_20260824_150715/low-only/seed_2/task_0_Celecoxib_rediscovery/compare_GuacaMol_20260824_153540
low-only	2	10	Osimertinib_MPO	0.7588646476479823	0.026764712457512666	13056.0	PORTABLE_USER_ROOT/spectralMol/guacamol_frequency_ablation_merged_20260824_150715/low-only/seed_2/task_10_Osimertinib_MPO/compare_GuacaMol_20260824_153630/runs/spectralmol/seed_2/case_GuacaMol_20260824_153630/benchmark_runs/2026_08_24_evolution_ga_benchmark_15_36_33/2026_08_24_evolution_ga_Osimertinib_MPO/scores.csv	PORTABLE_OUTPUT_ROOT/guacamol_frequency_ablation_merged_20260824_150715/low-only/seed_2/task_10_Osimertinib_MPO/compare_GuacaMol_20260824_153630
low-only	2	11	Fexofenadine_MPO	1.0	0.13784988201762877	13056.0	PORTABLE_USER_ROOT/spectralMol/guacamol_frequency_ablation_merged_20260824_150715/low-only/seed_2/task_11_Fexofenadine_MPO/compare_GuacaMol_20260824_153642/runs/spectralmol/seed_2/case_GuacaMol_20260824_153644/benchmark_runs/2026_08_24_evolution_ga_benchmark_15_36_55/2026_08_24_evolution_ga_Fexofenadine_MPO/scores.csv	PORTABLE_OUTPUT_ROOT/guacamol_frequency_ablation_merged_20260824_150715/low-only/seed_2/task_11_Fexofenadine_MPO/compare_GuacaMol_20260824_153642
low-only	2	12	Ranolazine_MPO	0.6925677830065992	0.02266781460318069	13056.0	PORTABLE_USER_ROOT/spectralMol/guacamol_frequency_ablation_merged_20260824_150715/low-only/seed_2/task_12_Ranolazine_MPO/compare_GuacaMol_20260824_153645/runs/spectralmol/seed_2/case_GuacaMol_20260824_153647/benchmark_runs/2026_08_24_evolution_ga_benchmark_15_36_58/2026_08_24_evolution_ga_Ranolazine_MPO/scores.csv	PORTABLE_OUTPUT_ROOT/guacamol_frequency_ablation_merged_20260824_150715/low-only/seed_2/task_12_Ranolazine_MPO/compare_GuacaMol_20260824_153645
low-only	2	13	Perindopril_MPO	0.4096159602595202	0.007722097326737317	13056.0	PORTABLE_USER_ROOT/spectralMol/guacamol_frequency_ablation_merged_20260824_150715/low-only/seed_2/task_13_Perindopril_MPO/compare_GuacaMol_20260824_153658/runs/spectralmol/seed_2/case_GuacaMol_20260824_153700/benchmark_runs/2026_08_24_evolution_ga_benchmark_15_37_12/2026_08_24_evolution_ga_Perindopril_MPO/scores.csv	PORTABLE_OUTPUT_ROOT/guacamol_frequency_ablation_merged_20260824_150715/low-only/seed_2/task_13_Perindopril_MPO/compare_GuacaMol_20260824_153658
low-only	2	14	Amlodipine_MPO	0.9045340337332908	0.07245411487936138	13056.0	PORTABLE_USER_ROOT/spectralMol/guacamol_frequency_ablation_merged_20260824_150715/low-only/seed_2/task_14_Amlodipine_MPO/compare_GuacaMol_20260824_153659/runs/spectralmol/seed_2/case_GuacaMol_20260824_153700/benchmark_runs/2026_08_24_evolution_ga_benchmark_15_37_02/2026_08_24_evolution_ga_Amlodipine_MPO/scores.csv	PORTABLE_OUTPUT_ROOT/guacamol_frequency_ablation_merged_20260824_150715/low-only/seed_2/task_14_Amlodipine_MPO/compare_GuacaMol_20260824_153659
low-only	2	15	Sitagliptin_MPO	0.6702815990699754	0.018497951046633324	13056.0	PORTABLE_USER_ROOT/spectralMol/guacamol_frequency_ablation_merged_20260824_150715/low-only/seed_2/task_15_Sitagliptin_MPO/compare_GuacaMol_20260824_153705/runs/spectralmol/seed_2/case_GuacaMol_20260824_153705/benchmark_runs/2026_08_24_evolution_ga_benchmark_15_37_08/2026_08_24_evolution_ga_Sitagliptin_MPO/scores.csv	PORTABLE_OUTPUT_ROOT/guacamol_frequency_ablation_merged_20260824_150715/low-only/seed_2/task_15_Sitagliptin_MPO/compare_GuacaMol_20260824_153705
low-only	2	16	Zaleplon_MPO	0.6279890468083102	0.014351087781936356	13056.0	PORTABLE_USER_ROOT/spectralMol/guacamol_frequency_ablation_merged_20260824_150715/low-only/seed_2/task_16_Zaleplon_MPO/compare_GuacaMol_20260824_153720/runs/spectralmol/seed_2/case_GuacaMol_20260824_153722/benchmark_runs/2026_08_24_evolution_ga_benchmark_15_37_33/2026_08_24_evolution_ga_Zaleplon_MPO/scores.csv	PORTABLE_OUTPUT_ROOT/guacamol_frequency_ablation_merged_20260824_150715/low-only/seed_2/task_16_Zaleplon_MPO/compare_GuacaMol_20260824_153720
low-only	2	17	Valsartan_smarts	0.0275364183180079	3.149277286882992e-05	13056.0	PORTABLE_USER_ROOT/spectralMol/guacamol_frequency_ablation_merged_20260824_150715/low-only/seed_2/task_17_Valsartan_smarts/compare_GuacaMol_20260824_153718/runs/spectralmol/seed_2/case_GuacaMol_20260824_153719/benchmark_runs/2026_08_24_evolution_ga_benchmark_15_37_22/2026_08_24_evolution_ga_Valsartan_smarts/scores.csv	PORTABLE_OUTPUT_ROOT/guacamol_frequency_ablation_merged_20260824_150715/low-only/seed_2/task_17_Valsartan_smarts/compare_GuacaMol_20260824_153718
low-only	2	18	Deco_hop	0.59375025	0.5008045513325038	13056.0	PORTABLE_USER_ROOT/spectralMol/guacamol_frequency_ablation_merged_20260824_150715/low-only/seed_2/task_18_Deco_hop/compare_GuacaMol_20260824_153718/runs/spectralmol/seed_2/case_GuacaMol_20260824_153719/benchmark_runs/2026_08_24_evolution_ga_benchmark_15_37_23/2026_08_24_evolution_ga_Deco_hop/scores.csv	PORTABLE_OUTPUT_ROOT/guacamol_frequency_ablation_merged_20260824_150715/low-only/seed_2/task_18_Deco_hop/compare_GuacaMol_20260824_153718
low-only	2	19	Scaffold_hop	0.666667	0.35523755329170464	13056.0	PORTABLE_USER_ROOT/spectralMol/guacamol_frequency_ablation_merged_20260824_150715/low-only/seed_2/task_19_Scaffold_hop/compare_GuacaMol_20260824_153723/runs/spectralmol/seed_2/case_GuacaMol_20260824_153724/benchmark_runs/2026_08_24_evolution_ga_benchmark_15_37_26/2026_08_24_evolution_ga_Scaffold_hop/scores.csv	PORTABLE_OUTPUT_ROOT/guacamol_frequency_ablation_merged_20260824_150715/low-only/seed_2/task_19_Scaffold_hop/compare_GuacaMol_20260824_153723
low-only	2	1	Troglitazone_rediscovery	1.0	0.1597726148851331	13056.0	PORTABLE_USER_ROOT/spectralMol/guacamol_frequency_ablation_merged_20260824_150715/low-only/seed_2/task_1_Troglitazone_rediscovery/compare_GuacaMol_20260824_153549/runs/spectralmol/seed_2/case_GuacaMol_20260824_153551/benchmark_runs/2026_08_24_evolution_ga_benchmark_15_36_02/2026_08_24_evolution_ga_Troglitazone_rediscovery/scores.csv	PORTABLE_OUTPUT_ROOT/guacamol_frequency_ablation_merged_20260824_150715/low-only/seed_2/task_1_Troglitazone_rediscovery/compare_GuacaMol_20260824_153549
low-only	2	2	Thiothixene_rediscovery	1.0	0.0649233573428271	13056.0	PORTABLE_USER_ROOT/spectralMol/guacamol_frequency_ablation_merged_20260824_150715/low-only/seed_2/task_2_Thiothixene_rediscovery/compare_GuacaMol_20260824_153548/runs/spectralmol/seed_2/case_GuacaMol_20260824_153549/benchmark_runs/2026_08_24_evolution_ga_benchmark_15_35_51/2026_08_24_evolution_ga_Thiothixene_rediscovery/scores.csv	PORTABLE_OUTPUT_ROOT/guacamol_frequency_ablation_merged_20260824_150715/low-only/seed_2/task_2_Thiothixene_rediscovery/compare_GuacaMol_20260824_153548
low-only	2	3	Aripiprazole_similarity	1.0	0.1371289018362741	13056.0	PORTABLE_USER_ROOT/spectralMol/guacamol_frequency_ablation_merged_20260824_150715/low-only/seed_2/task_3_Aripiprazole_similarity/compare_GuacaMol_20260824_153557/runs/spectralmol/seed_2/case_GuacaMol_20260824_153559/benchmark_runs/2026_08_24_evolution_ga_benchmark_15_36_04/2026_08_24_evolution_ga_Aripiprazole_similarity/scores.csv	PORTABLE_OUTPUT_ROOT/guacamol_frequency_ablation_merged_20260824_150715/low-only/seed_2/task_3_Aripiprazole_similarity/compare_GuacaMol_20260824_153557
low-only	2	4	Albuterol_similarity	0.5977011494252874	0.27390337406580895	13056.0	PORTABLE_USER_ROOT/spectralMol/guacamol_frequency_ablation_merged_20260824_150715/low-only/seed_2/task_4_Albuterol_similarity/compare_GuacaMol_20260824_153605/runs/spectralmol/seed_2/case_GuacaMol_20260824_153606/benchmark_runs/2026_08_24_evolution_ga_benchmark_15_36_09/2026_08_24_evolution_ga_Albuterol_similarity/scores.csv	PORTABLE_OUTPUT_ROOT/guacamol_frequency_ablation_merged_20260824_150715/low-only/seed_2/task_4_Albuterol_similarity/compare_GuacaMol_20260824_153605
low-only	2	5	Mestranol_similarity	1.0	0.15757961833826878	13056.0	PORTABLE_USER_ROOT/spectralMol/guacamol_frequency_ablation_merged_20260824_150715/low-only/seed_2/task_5_Mestranol_similarity/compare_GuacaMol_20260824_153620/runs/spectralmol/seed_2/case_GuacaMol_20260824_153623/benchmark_runs/2026_08_24_evolution_ga_benchmark_15_36_34/2026_08_24_evolution_ga_Mestranol_similarity/scores.csv	PORTABLE_OUTPUT_ROOT/guacamol_frequency_ablation_merged_20260824_150715/low-only/seed_2/task_5_Mestranol_similarity/compare_GuacaMol_20260824_153620
low-only	2	6	C11H24	1.0	0.14753383297940073	13056.0	PORTABLE_USER_ROOT/spectralMol/guacamol_frequency_ablation_merged_20260824_150715/low-only/seed_2/task_6_C11H24/compare_GuacaMol_20260824_153615/runs/spectralmol/seed_2/case_GuacaMol_20260824_153616/benchmark_runs/2026_08_24_evolution_ga_benchmark_15_36_18/2026_08_24_evolution_ga_C11H24/scores.csv	PORTABLE_OUTPUT_ROOT/guacamol_frequency_ablation_merged_20260824_150715/low-only/seed_2/task_6_C11H24/compare_GuacaMol_20260824_153615
low-only	2	7	C9H10N2O2PF2Cl	0.8290291181804004	0.14075199697971727	13056.0	PORTABLE_USER_ROOT/spectralMol/guacamol_frequency_ablation_merged_20260824_150715/low-only/seed_2/task_7_C9H10N2O2PF2Cl/compare_GuacaMol_20260824_153615/runs/spectralmol/seed_2/case_GuacaMol_20260824_153616/benchmark_runs/2026_08_24_evolution_ga_benchmark_15_36_19/2026_08_24_evolution_ga_C9H10N2O2PF2Cl/scores.csv	PORTABLE_OUTPUT_ROOT/guacamol_frequency_ablation_merged_20260824_150715/low-only/seed_2/task_7_C9H10N2O2PF2Cl/compare_GuacaMol_20260824_153615
low-only	2	8	Median_molecules_1	0.3999999999999999	0.05790248340871114	13056.0	PORTABLE_USER_ROOT/spectralMol/guacamol_frequency_ablation_merged_20260824_150715/low-only/seed_2/task_8_Median_molecules_1/compare_GuacaMol_20260824_153627/runs/spectralmol/seed_2/case_GuacaMol_20260824_153629/benchmark_runs/2026_08_24_evolution_ga_benchmark_15_36_42/2026_08_24_evolution_ga_Median_molecules_1/scores.csv	PORTABLE_OUTPUT_ROOT/guacamol_frequency_ablation_merged_20260824_150715/low-only/seed_2/task_8_Median_molecules_1/compare_GuacaMol_20260824_153627
low-only	2	9	Median_molecules_2	0.3623715376697393	0.021080650834163266	13056.0	PORTABLE_USER_ROOT/spectralMol/guacamol_frequency_ablation_merged_20260824_150715/low-only/seed_2/task_9_Median_molecules_2/compare_GuacaMol_20260824_153626/runs/spectralmol/seed_2/case_GuacaMol_20260824_153627/benchmark_runs/2026_08_24_evolution_ga_benchmark_15_36_30/2026_08_24_evolution_ga_Median_molecules_2/scores.csv	PORTABLE_OUTPUT_ROOT/guacamol_frequency_ablation_merged_20260824_150715/low-only/seed_2/task_9_Median_molecules_2/compare_GuacaMol_20260824_153626
low-only	3	0	Celecoxib_rediscovery	1.0	0.07005967641570976	13056.0	PORTABLE_USER_ROOT/spectralMol/guacamol_frequency_ablation_merged_20260824_150715/low-only/seed_3/task_0_Celecoxib_rediscovery/compare_GuacaMol_20260824_153732/runs/spectralmol/seed_3/case_GuacaMol_20260824_153734/benchmark_runs/2026_08_24_evolution_ga_benchmark_15_37_47/2026_08_24_evolution_ga_Celecoxib_rediscovery/scores.csv	PORTABLE_OUTPUT_ROOT/guacamol_frequency_ablation_merged_20260824_150715/low-only/seed_3/task_0_Celecoxib_rediscovery/compare_GuacaMol_20260824_153732
low-only	3	10	Osimertinib_MPO	0.9629150006714218	0.13546856477313968	13056.0	PORTABLE_USER_ROOT/spectralMol/guacamol_frequency_ablation_merged_20260824_150715/low-only/seed_3/task_10_Osimertinib_MPO/compare_GuacaMol_20260824_153806/runs/spectralmol/seed_3/case_GuacaMol_20260824_153808/benchmark_runs/2026_08_24_evolution_ga_benchmark_15_38_21/2026_08_24_evolution_ga_Osimertinib_MPO/scores.csv	PORTABLE_OUTPUT_ROOT/guacamol_frequency_ablation_merged_20260824_150715/low-only/seed_3/task_10_Osimertinib_MPO/compare_GuacaMol_20260824_153806
low-only	3	11	Fexofenadine_MPO	0.9982144954964556	0.13980128929980465	13056.0	PORTABLE_USER_ROOT/spectralMol/guacamol_frequency_ablation_merged_20260824_150715/low-only/seed_3/task_11_Fexofenadine_MPO/compare_GuacaMol_20260824_153836/runs/spectralmol/seed_3/case_GuacaMol_20260824_153838/benchmark_runs/2026_08_24_evolution_ga_benchmark_15_38_50/2026_08_24_evolution_ga_Fexofenadine_MPO/scores.csv	PORTABLE_OUTPUT_ROOT/guacamol_frequency_ablation_merged_20260824_150715/low-only/seed_3/task_11_Fexofenadine_MPO/compare_GuacaMol_20260824_153836
low-only	3	12	Ranolazine_MPO	0.7372485823510055	0.024368500203797785	13056.0	PORTABLE_USER_ROOT/spectralMol/guacamol_frequency_ablation_merged_20260824_150715/low-only/seed_3/task_12_Ranolazine_MPO/compare_GuacaMol_20260824_153830/runs/spectralmol/seed_3/case_GuacaMol_20260824_153830/benchmark_runs/2026_08_24_evolution_ga_benchmark_15_38_33/2026_08_24_evolution_ga_Ranolazine_MPO/scores.csv	PORTABLE_OUTPUT_ROOT/guacamol_frequency_ablation_merged_20260824_150715/low-only/seed_3/task_12_Ranolazine_MPO/compare_GuacaMol_20260824_153830
low-only	3	13	Perindopril_MPO	0.4703604341917986	0.007677805657929617	13056.0	PORTABLE_USER_ROOT/spectralMol/guacamol_frequency_ablation_merged_20260824_150715/low-only/seed_3/task_13_Perindopril_MPO/compare_GuacaMol_20260824_153835/runs/spectralmol/seed_3/case_GuacaMol_20260824_153836/benchmark_runs/2026_08_24_evolution_ga_benchmark_15_38_39/2026_08_24_evolution_ga_Perindopril_MPO/scores.csv	PORTABLE_OUTPUT_ROOT/guacamol_frequency_ablation_merged_20260824_150715/low-only/seed_3/task_13_Perindopril_MPO/compare_GuacaMol_20260824_153835
low-only	3	14	Amlodipine_MPO	0.8660254037844387	0.03522673531908295	13056.0	PORTABLE_USER_ROOT/spectralMol/guacamol_frequency_ablation_merged_20260824_150715/low-only/seed_3/task_14_Amlodipine_MPO/compare_GuacaMol_20260824_153844/runs/spectralmol/seed_3/case_GuacaMol_20260824_153846/benchmark_runs/2026_08_24_evolution_ga_benchmark_15_38_57/2026_08_24_evolution_ga_Amlodipine_MPO/scores.csv	PORTABLE_OUTPUT_ROOT/guacamol_frequency_ablation_merged_20260824_150715/low-only/seed_3/task_14_Amlodipine_MPO/compare_GuacaMol_20260824_153844
low-only	3	15	Sitagliptin_MPO	0.5803670695560404	0.018149717106732233	13056.0	PORTABLE_USER_ROOT/spectralMol/guacamol_frequency_ablation_merged_20260824_150715/low-only/seed_3/task_15_Sitagliptin_MPO/compare_GuacaMol_20260824_153844/runs/spectralmol/seed_3/case_GuacaMol_20260824_153844/benchmark_runs/2026_08_24_evolution_ga_benchmark_15_38_47/2026_08_24_evolution_ga_Sitagliptin_MPO/scores.csv	PORTABLE_OUTPUT_ROOT/guacamol_frequency_ablation_merged_20260824_150715/low-only/seed_3/task_15_Sitagliptin_MPO/compare_GuacaMol_20260824_153844
low-only	3	16	Zaleplon_MPO	0.6983075798185957	0.02260387452621747	13056.0	PORTABLE_USER_ROOT/spectralMol/guacamol_frequency_ablation_merged_20260824_150715/low-only/seed_3/task_16_Zaleplon_MPO/compare_GuacaMol_20260824_153858/runs/spectralmol/seed_3/case_GuacaMol_20260824_153900/benchmark_runs/2026_08_24_evolution_ga_benchmark_15_39_13/2026_08_24_evolution_ga_Zaleplon_MPO/scores.csv	PORTABLE_OUTPUT_ROOT/guacamol_frequency_ablation_merged_20260824_150715/low-only/seed_3/task_16_Zaleplon_MPO/compare_GuacaMol_20260824_153858
low-only	3	17	Valsartan_smarts	0.0254170736932165	3.18571680667682e-05	13056.0	PORTABLE_USER_ROOT/spectralMol/guacamol_frequency_ablation_merged_20260824_150715/low-only/seed_3/task_17_Valsartan_smarts/compare_GuacaMol_20260824_153900/runs/spectralmol/seed_3/case_GuacaMol_20260824_153900/benchmark_runs/2026_08_24_evolution_ga_benchmark_15_39_04/2026_08_24_evolution_ga_Valsartan_smarts/scores.csv	PORTABLE_OUTPUT_ROOT/guacamol_frequency_ablation_merged_20260824_150715/low-only/seed_3/task_17_Valsartan_smarts/compare_GuacaMol_20260824_153900
low-only	3	18	Deco_hop	0.5931828467797191	0.5007643933086607	13056.0	PORTABLE_USER_ROOT/spectralMol/guacamol_frequency_ablation_merged_20260824_150715/low-only/seed_3/task_18_Deco_hop/compare_GuacaMol_20260824_153854/runs/spectralmol/seed_3/case_GuacaMol_20260824_153855/benchmark_runs/2026_08_24_evolution_ga_benchmark_15_38_57/2026_08_24_evolution_ga_Deco_hop/scores.csv	PORTABLE_OUTPUT_ROOT/guacamol_frequency_ablation_merged_20260824_150715/low-only/seed_3/task_18_Deco_hop/compare_GuacaMol_20260824_153854
low-only	3	19	Scaffold_hop	0.666667	0.3624369057328541	13056.0	PORTABLE_USER_ROOT/spectralMol/guacamol_frequency_ablation_merged_20260824_150715/low-only/seed_3/task_19_Scaffold_hop/compare_GuacaMol_20260824_153905/runs/spectralmol/seed_3/case_GuacaMol_20260824_153907/benchmark_runs/2026_08_24_evolution_ga_benchmark_15_39_18/2026_08_24_evolution_ga_Scaffold_hop/scores.csv	PORTABLE_OUTPUT_ROOT/guacamol_frequency_ablation_merged_20260824_150715/low-only/seed_3/task_19_Scaffold_hop/compare_GuacaMol_20260824_153905
low-only	3	1	Troglitazone_rediscovery	1.0	0.11366021797799057	13056.0	PORTABLE_USER_ROOT/spectralMol/guacamol_frequency_ablation_merged_20260824_150715/low-only/seed_3/task_1_Troglitazone_rediscovery/compare_GuacaMol_20260824_153732/runs/spectralmol/seed_3/case_GuacaMol_20260824_153734/benchmark_runs/2026_08_24_evolution_ga_benchmark_15_37_46/2026_08_24_evolution_ga_Troglitazone_rediscovery/scores.csv	PORTABLE_OUTPUT_ROOT/guacamol_frequency_ablation_merged_20260824_150715/low-only/seed_3/task_1_Troglitazone_rediscovery/compare_GuacaMol_20260824_153732
low-only	3	2	Thiothixene_rediscovery	1.0	0.09277268267288849	13056.0	PORTABLE_USER_ROOT/spectralMol/guacamol_frequency_ablation_merged_20260824_150715/low-only/seed_3/task_2_Thiothixene_rediscovery/compare_GuacaMol_20260824_153729/runs/spectralmol/seed_3/case_GuacaMol_20260824_153730/benchmark_runs/2026_08_24_evolution_ga_benchmark_15_37_32/2026_08_24_evolution_ga_Thiothixene_rediscovery/scores.csv	PORTABLE_OUTPUT_ROOT/guacamol_frequency_ablation_merged_20260824_150715/low-only/seed_3/task_2_Thiothixene_rediscovery/compare_GuacaMol_20260824_153729
low-only	3	3	Aripiprazole_similarity	1.0	0.13469555022200888	13056.0	PORTABLE_USER_ROOT/spectralMol/guacamol_frequency_ablation_merged_20260824_150715/low-only/seed_3/task_3_Aripiprazole_similarity/compare_GuacaMol_20260824_153738/runs/spectralmol/seed_3/case_GuacaMol_20260824_153740/benchmark_runs/2026_08_24_evolution_ga_benchmark_15_37_53/2026_08_24_evolution_ga_Aripiprazole_similarity/scores.csv	PORTABLE_OUTPUT_ROOT/guacamol_frequency_ablation_merged_20260824_150715/low-only/seed_3/task_3_Aripiprazole_similarity/compare_GuacaMol_20260824_153738
low-only	3	4	Albuterol_similarity	0.5901639344262295	0.20490535930090903	13056.0	PORTABLE_USER_ROOT/spectralMol/guacamol_frequency_ablation_merged_20260824_150715/low-only/seed_3/task_4_Albuterol_similarity/compare_GuacaMol_20260824_153737/runs/spectralmol/seed_3/case_GuacaMol_20260824_153739/benchmark_runs/2026_08_24_evolution_ga_benchmark_15_37_49/2026_08_24_evolution_ga_Albuterol_similarity/scores.csv	PORTABLE_OUTPUT_ROOT/guacamol_frequency_ablation_merged_20260824_150715/low-only/seed_3/task_4_Albuterol_similarity/compare_GuacaMol_20260824_153737
low-only	3	5	Mestranol_similarity	1.0	0.2470728785650197	13056.0	PORTABLE_USER_ROOT/spectralMol/guacamol_frequency_ablation_merged_20260824_150715/low-only/seed_3/task_5_Mestranol_similarity/compare_GuacaMol_20260824_153743/runs/spectralmol/seed_3/case_GuacaMol_20260824_153745/benchmark_runs/2026_08_24_evolution_ga_benchmark_15_37_55/2026_08_24_evolution_ga_Mestranol_similarity/scores.csv	PORTABLE_OUTPUT_ROOT/guacamol_frequency_ablation_merged_20260824_150715/low-only/seed_3/task_5_Mestranol_similarity/compare_GuacaMol_20260824_153743
low-only	3	6	C11H24	1.0	0.07429462232704336	13056.0	PORTABLE_USER_ROOT/spectralMol/guacamol_frequency_ablation_merged_20260824_150715/low-only/seed_3/task_6_C11H24/compare_GuacaMol_20260824_153741/runs/spectralmol/seed_3/case_GuacaMol_20260824_153742/benchmark_runs/2026_08_24_evolution_ga_benchmark_15_37_44/2026_08_24_evolution_ga_C11H24/scores.csv	PORTABLE_OUTPUT_ROOT/guacamol_frequency_ablation_merged_20260824_150715/low-only/seed_3/task_6_C11H24/compare_GuacaMol_20260824_153741
low-only	3	7	C9H10N2O2PF2Cl	0.7574651283969664	0.18189842592374966	13056.0	PORTABLE_USER_ROOT/spectralMol/guacamol_frequency_ablation_merged_20260824_150715/low-only/seed_3/task_7_C9H10N2O2PF2Cl/compare_GuacaMol_20260824_153750/runs/spectralmol/seed_3/case_GuacaMol_20260824_153753/benchmark_runs/2026_08_24_evolution_ga_benchmark_15_38_05/2026_08_24_evolution_ga_C9H10N2O2PF2Cl/scores.csv	PORTABLE_OUTPUT_ROOT/guacamol_frequency_ablation_merged_20260824_150715/low-only/seed_3/task_7_C9H10N2O2PF2Cl/compare_GuacaMol_20260824_153750
low-only	3	8	Median_molecules_1	0.4067796610169492	0.07622742486719086	13056.0	PORTABLE_USER_ROOT/spectralMol/guacamol_frequency_ablation_merged_20260824_150715/low-only/seed_3/task_8_Median_molecules_1/compare_GuacaMol_20260824_153752/runs/spectralmol/seed_3/case_GuacaMol_20260824_153754/benchmark_runs/2026_08_24_evolution_ga_benchmark_15_38_06/2026_08_24_evolution_ga_Median_molecules_1/scores.csv	PORTABLE_OUTPUT_ROOT/guacamol_frequency_ablation_merged_20260824_150715/low-only/seed_3/task_8_Median_molecules_1/compare_GuacaMol_20260824_153752
low-only	3	9	Median_molecules_2	0.1776672636296753	0.016632359025656872	13056.0	PORTABLE_USER_ROOT/spectralMol/guacamol_frequency_ablation_merged_20260824_150715/low-only/seed_3/task_9_Median_molecules_2/compare_GuacaMol_20260824_153753/runs/spectralmol/seed_3/case_GuacaMol_20260824_153755/benchmark_runs/2026_08_24_evolution_ga_benchmark_15_38_06/2026_08_24_evolution_ga_Median_molecules_2/scores.csv	PORTABLE_OUTPUT_ROOT/guacamol_frequency_ablation_merged_20260824_150715/low-only/seed_3/task_9_Median_molecules_2/compare_GuacaMol_20260824_153753
low-only	4	0	Celecoxib_rediscovery	1.0	0.0694704532127622	13056.0	PORTABLE_USER_ROOT/spectralMol/guacamol_frequency_ablation_merged_20260824_150715/low-only/seed_4/task_0_Celecoxib_rediscovery/compare_GuacaMol_20260824_153903/runs/spectralmol/seed_4/case_GuacaMol_20260824_153904/benchmark_runs/2026_08_24_evolution_ga_benchmark_15_39_06/2026_08_24_evolution_ga_Celecoxib_rediscovery/scores.csv	PORTABLE_OUTPUT_ROOT/guacamol_frequency_ablation_merged_20260824_150715/low-only/seed_4/task_0_Celecoxib_rediscovery/compare_GuacaMol_20260824_153903
low-only	4	10	Osimertinib_MPO	0.7781581271306612	0.028142642892954144	13056.0	PORTABLE_USER_ROOT/spectralMol/guacamol_frequency_ablation_merged_20260824_150715/low-only/seed_4/task_10_Osimertinib_MPO/compare_GuacaMol_20260824_153949/runs/spectralmol/seed_4/case_GuacaMol_20260824_153951/benchmark_runs/2026_08_24_evolution_ga_benchmark_15_40_02/2026_08_24_evolution_ga_Osimertinib_MPO/scores.csv	PORTABLE_OUTPUT_ROOT/guacamol_frequency_ablation_merged_20260824_150715/low-only/seed_4/task_10_Osimertinib_MPO/compare_GuacaMol_20260824_153949
low-only	4	11	Fexofenadine_MPO	0.9846454206371216	0.2563318288248053	13056.0	PORTABLE_USER_ROOT/spectralMol/guacamol_frequency_ablation_merged_20260824_150715/low-only/seed_4/task_11_Fexofenadine_MPO/compare_GuacaMol_20260824_154022/runs/spectralmol/seed_4/case_GuacaMol_20260824_154024/benchmark_runs/2026_08_24_evolution_ga_benchmark_15_40_36/2026_08_24_evolution_ga_Fexofenadine_MPO/scores.csv	PORTABLE_OUTPUT_ROOT/guacamol_frequency_ablation_merged_20260824_150715/low-only/seed_4/task_11_Fexofenadine_MPO/compare_GuacaMol_20260824_154022
low-only	4	12	Ranolazine_MPO	0.7664755665144796	0.07111853274096525	13056.0	PORTABLE_USER_ROOT/spectralMol/guacamol_frequency_ablation_merged_20260824_150715/low-only/seed_4/task_12_Ranolazine_MPO/compare_GuacaMol_20260824_154028/runs/spectralmol/seed_4/case_GuacaMol_20260824_154030/benchmark_runs/2026_08_24_evolution_ga_benchmark_15_40_40/2026_08_24_evolution_ga_Ranolazine_MPO/scores.csv	PORTABLE_OUTPUT_ROOT/guacamol_frequency_ablation_merged_20260824_150715/low-only/seed_4/task_12_Ranolazine_MPO/compare_GuacaMol_20260824_154028
low-only	4	13	Perindopril_MPO	0.4388537257362555	0.008249674820258972	13056.0	PORTABLE_USER_ROOT/spectralMol/guacamol_frequency_ablation_merged_20260824_150715/low-only/seed_4/task_13_Perindopril_MPO/compare_GuacaMol_20260824_154023/runs/spectralmol/seed_4/case_GuacaMol_20260824_154024/benchmark_runs/2026_08_24_evolution_ga_benchmark_15_40_26/2026_08_24_evolution_ga_Perindopril_MPO/scores.csv	PORTABLE_OUTPUT_ROOT/guacamol_frequency_ablation_merged_20260824_150715/low-only/seed_4/task_13_Perindopril_MPO/compare_GuacaMol_20260824_154023
low-only	4	14	Amlodipine_MPO	0.8907739673281686	0.07127419056395035	13056.0	PORTABLE_USER_ROOT/spectralMol/guacamol_frequency_ablation_merged_20260824_150715/low-only/seed_4/task_14_Amlodipine_MPO/compare_GuacaMol_20260824_154038/runs/spectralmol/seed_4/case_GuacaMol_20260824_154040/benchmark_runs/2026_08_24_evolution_ga_benchmark_15_40_51/2026_08_24_evolution_ga_Amlodipine_MPO/scores.csv	PORTABLE_OUTPUT_ROOT/guacamol_frequency_ablation_merged_20260824_150715/low-only/seed_4/task_14_Amlodipine_MPO/compare_GuacaMol_20260824_154038
low-only	4	15	Sitagliptin_MPO	0.4133521885185331	0.012086545335091074	13056.0	PORTABLE_USER_ROOT/spectralMol/guacamol_frequency_ablation_merged_20260824_150715/low-only/seed_4/task_15_Sitagliptin_MPO/compare_GuacaMol_20260824_154041/runs/spectralmol/seed_4/case_GuacaMol_20260824_154043/benchmark_runs/2026_08_24_evolution_ga_benchmark_15_40_55/2026_08_24_evolution_ga_Sitagliptin_MPO/scores.csv	PORTABLE_OUTPUT_ROOT/guacamol_frequency_ablation_merged_20260824_150715/low-only/seed_4/task_15_Sitagliptin_MPO/compare_GuacaMol_20260824_154041
low-only	4	16	Zaleplon_MPO	0.616673001986196	0.008530205672144171	13056.0	PORTABLE_USER_ROOT/spectralMol/guacamol_frequency_ablation_merged_20260824_150715/low-only/seed_4/task_16_Zaleplon_MPO/compare_GuacaMol_20260824_154040/runs/spectralmol/seed_4/case_GuacaMol_20260824_154041/benchmark_runs/2026_08_24_evolution_ga_benchmark_15_40_43/2026_08_24_evolution_ga_Zaleplon_MPO/scores.csv	PORTABLE_OUTPUT_ROOT/guacamol_frequency_ablation_merged_20260824_150715/low-only/seed_4/task_16_Zaleplon_MPO/compare_GuacaMol_20260824_154040
low-only	4	17	Valsartan_smarts	0.0293717370214787	2.908015515791432e-05	13056.0	PORTABLE_USER_ROOT/spectralMol/guacamol_frequency_ablation_merged_20260824_150715/low-only/seed_4/task_17_Valsartan_smarts/compare_GuacaMol_20260824_154050/runs/spectralmol/seed_4/case_GuacaMol_20260824_154052/benchmark_runs/2026_08_24_evolution_ga_benchmark_15_41_04/2026_08_24_evolution_ga_Valsartan_smarts/scores.csv	PORTABLE_OUTPUT_ROOT/guacamol_frequency_ablation_merged_20260824_150715/low-only/seed_4/task_17_Valsartan_smarts/compare_GuacaMol_20260824_154050
low-only	4	18	Deco_hop	0.6275306143724696	0.4868316075649328	13056.0	PORTABLE_USER_ROOT/spectralMol/guacamol_frequency_ablation_merged_20260824_150715/low-only/seed_4/task_18_Deco_hop/compare_GuacaMol_20260824_154052/runs/spectralmol/seed_4/case_GuacaMol_20260824_154054/benchmark_runs/2026_08_24_evolution_ga_benchmark_15_41_04/2026_08_24_evolution_ga_Deco_hop/scores.csv	PORTABLE_OUTPUT_ROOT/guacamol_frequency_ablation_merged_20260824_150715/low-only/seed_4/task_18_Deco_hop/compare_GuacaMol_20260824_154052
low-only	4	19	Scaffold_hop	0.666667	0.35304208023304134	13056.0	PORTABLE_USER_ROOT/spectralMol/guacamol_frequency_ablation_merged_20260824_150715/low-only/seed_4/task_19_Scaffold_hop/compare_GuacaMol_20260824_154047/runs/spectralmol/seed_4/case_GuacaMol_20260824_154048/benchmark_runs/2026_08_24_evolution_ga_benchmark_15_40_50/2026_08_24_evolution_ga_Scaffold_hop/scores.csv	PORTABLE_OUTPUT_ROOT/guacamol_frequency_ablation_merged_20260824_150715/low-only/seed_4/task_19_Scaffold_hop/compare_GuacaMol_20260824_154047
low-only	4	1	Troglitazone_rediscovery	1.0	0.0974325515925557	13056.0	PORTABLE_USER_ROOT/spectralMol/guacamol_frequency_ablation_merged_20260824_150715/low-only/seed_4/task_1_Troglitazone_rediscovery/compare_GuacaMol_20260824_153918/runs/spectralmol/seed_4/case_GuacaMol_20260824_153920/benchmark_runs/2026_08_24_evolution_ga_benchmark_15_39_32/2026_08_24_evolution_ga_Troglitazone_rediscovery/scores.csv	PORTABLE_OUTPUT_ROOT/guacamol_frequency_ablation_merged_20260824_150715/low-only/seed_4/task_1_Troglitazone_rediscovery/compare_GuacaMol_20260824_153918
low-only	4	2	Thiothixene_rediscovery	1.0	0.10505519175639398	13056.0	PORTABLE_USER_ROOT/spectralMol/guacamol_frequency_ablation_merged_20260824_150715/low-only/seed_4/task_2_Thiothixene_rediscovery/compare_GuacaMol_20260824_153923/runs/spectralmol/seed_4/case_GuacaMol_20260824_153925/benchmark_runs/2026_08_24_evolution_ga_benchmark_15_39_36/2026_08_24_evolution_ga_Thiothixene_rediscovery/scores.csv	PORTABLE_OUTPUT_ROOT/guacamol_frequency_ablation_merged_20260824_150715/low-only/seed_4/task_2_Thiothixene_rediscovery/compare_GuacaMol_20260824_153923
low-only	4	3	Aripiprazole_similarity	1.0	0.12462831587331476	13056.0	PORTABLE_USER_ROOT/spectralMol/guacamol_frequency_ablation_merged_20260824_150715/low-only/seed_4/task_3_Aripiprazole_similarity/compare_GuacaMol_20260824_153925/runs/spectralmol/seed_4/case_GuacaMol_20260824_153927/benchmark_runs/2026_08_24_evolution_ga_benchmark_15_39_37/2026_08_24_evolution_ga_Aripiprazole_similarity/scores.csv	PORTABLE_OUTPUT_ROOT/guacamol_frequency_ablation_merged_20260824_150715/low-only/seed_4/task_3_Aripiprazole_similarity/compare_GuacaMol_20260824_153925
low-only	4	4	Albuterol_similarity	0.8036529680365296	0.23713008406605912	13056.0	PORTABLE_USER_ROOT/spectralMol/guacamol_frequency_ablation_merged_20260824_150715/low-only/seed_4/task_4_Albuterol_similarity/compare_GuacaMol_20260824_153927/runs/spectralmol/seed_4/case_GuacaMol_20260824_153929/benchmark_runs/2026_08_24_evolution_ga_benchmark_15_39_40/2026_08_24_evolution_ga_Albuterol_similarity/scores.csv	PORTABLE_OUTPUT_ROOT/guacamol_frequency_ablation_merged_20260824_150715/low-only/seed_4/task_4_Albuterol_similarity/compare_GuacaMol_20260824_153927
low-only	4	5	Mestranol_similarity	1.0	0.16733029114036052	13056.0	PORTABLE_USER_ROOT/spectralMol/guacamol_frequency_ablation_merged_20260824_150715/low-only/seed_4/task_5_Mestranol_similarity/compare_GuacaMol_20260824_153926/runs/spectralmol/seed_4/case_GuacaMol_20260824_153927/benchmark_runs/2026_08_24_evolution_ga_benchmark_15_39_29/2026_08_24_evolution_ga_Mestranol_similarity/scores.csv	PORTABLE_OUTPUT_ROOT/guacamol_frequency_ablation_merged_20260824_150715/low-only/seed_4/task_5_Mestranol_similarity/compare_GuacaMol_20260824_153926
low-only	4	6	C11H24	1.0	0.06473956188090167	13056.0	PORTABLE_USER_ROOT/spectralMol/guacamol_frequency_ablation_merged_20260824_150715/low-only/seed_4/task_6_C11H24/compare_GuacaMol_20260824_153938/runs/spectralmol/seed_4/case_GuacaMol_20260824_153940/benchmark_runs/2026_08_24_evolution_ga_benchmark_15_39_53/2026_08_24_evolution_ga_C11H24/scores.csv	PORTABLE_OUTPUT_ROOT/guacamol_frequency_ablation_merged_20260824_150715/low-only/seed_4/task_6_C11H24/compare_GuacaMol_20260824_153938
low-only	4	7	C9H10N2O2PF2Cl	0.8290291181804004	0.11612012262728422	13056.0	PORTABLE_USER_ROOT/spectralMol/guacamol_frequency_ablation_merged_20260824_150715/low-only/seed_4/task_7_C9H10N2O2PF2Cl/compare_GuacaMol_20260824_153936/runs/spectralmol/seed_4/case_GuacaMol_20260824_153937/benchmark_runs/2026_08_24_evolution_ga_benchmark_15_39_39/2026_08_24_evolution_ga_C9H10N2O2PF2Cl/scores.csv	PORTABLE_OUTPUT_ROOT/guacamol_frequency_ablation_merged_20260824_150715/low-only/seed_4/task_7_C9H10N2O2PF2Cl/compare_GuacaMol_20260824_153936
low-only	4	8	Median_molecules_1	0.3999999999999999	0.061488448103304116	13056.0	PORTABLE_USER_ROOT/spectralMol/guacamol_frequency_ablation_merged_20260824_150715/low-only/seed_4/task_8_Median_molecules_1/compare_GuacaMol_20260824_153938/runs/spectralmol/seed_4/case_GuacaMol_20260824_153938/benchmark_runs/2026_08_24_evolution_ga_benchmark_15_39_41/2026_08_24_evolution_ga_Median_molecules_1/scores.csv	PORTABLE_OUTPUT_ROOT/guacamol_frequency_ablation_merged_20260824_150715/low-only/seed_4/task_8_Median_molecules_1/compare_GuacaMol_20260824_153938
low-only	4	9	Median_molecules_2	0.1982225094075473	0.014608974689053658	13056.0	PORTABLE_USER_ROOT/spectralMol/guacamol_frequency_ablation_merged_20260824_150715/low-only/seed_4/task_9_Median_molecules_2/compare_GuacaMol_20260824_153944/runs/spectralmol/seed_4/case_GuacaMol_20260824_153944/benchmark_runs/2026_08_24_evolution_ga_benchmark_15_39_47/2026_08_24_evolution_ga_Median_molecules_2/scores.csv	PORTABLE_OUTPUT_ROOT/guacamol_frequency_ablation_merged_20260824_150715/low-only/seed_4/task_9_Median_molecules_2/compare_GuacaMol_20260824_153944
low-only	5	0	Celecoxib_rediscovery	1.0	0.1052714302963171	13056.0	PORTABLE_USER_ROOT/spectralMol/guacamol_frequency_ablation_merged_20260824_150715/low-only/seed_5/task_0_Celecoxib_rediscovery/compare_GuacaMol_20260824_154048/runs/spectralmol/seed_5/case_GuacaMol_20260824_154049/benchmark_runs/2026_08_24_evolution_ga_benchmark_15_40_54/2026_08_24_evolution_ga_Celecoxib_rediscovery/scores.csv	PORTABLE_OUTPUT_ROOT/guacamol_frequency_ablation_merged_20260824_150715/low-only/seed_5/task_0_Celecoxib_rediscovery/compare_GuacaMol_20260824_154048
low-only	5	10	Osimertinib_MPO	0.8012841587673166	0.027393328647407223	13056.0	PORTABLE_USER_ROOT/spectralMol/guacamol_frequency_ablation_merged_20260824_150715/low-only/seed_5/task_10_Osimertinib_MPO/compare_GuacaMol_20260824_154150/runs/spectralmol/seed_5/case_GuacaMol_20260824_154153/benchmark_runs/2026_08_24_evolution_ga_benchmark_15_42_09/2026_08_24_evolution_ga_Osimertinib_MPO/scores.csv	PORTABLE_OUTPUT_ROOT/guacamol_frequency_ablation_merged_20260824_150715/low-only/seed_5/task_10_Osimertinib_MPO/compare_GuacaMol_20260824_154150
low-only	5	11	Fexofenadine_MPO	0.9924493897495142	0.17977762822919033	13056.0	PORTABLE_USER_ROOT/spectralMol/guacamol_frequency_ablation_merged_20260824_150715/low-only/seed_5/task_11_Fexofenadine_MPO/compare_GuacaMol_20260824_154156/runs/spectralmol/seed_5/case_GuacaMol_20260824_154159/benchmark_runs/2026_08_24_evolution_ga_benchmark_15_42_11/2026_08_24_evolution_ga_Fexofenadine_MPO/scores.csv	PORTABLE_OUTPUT_ROOT/guacamol_frequency_ablation_merged_20260824_150715/low-only/seed_5/task_11_Fexofenadine_MPO/compare_GuacaMol_20260824_154156
low-only	5	12	Ranolazine_MPO	0.867976574504881	0.20313374060033842	13056.0	PORTABLE_USER_ROOT/spectralMol/guacamol_frequency_ablation_merged_20260824_150715/low-only/seed_5/task_12_Ranolazine_MPO/compare_GuacaMol_20260824_154159/runs/spectralmol/seed_5/case_GuacaMol_20260824_154201/benchmark_runs/2026_08_24_evolution_ga_benchmark_15_42_13/2026_08_24_evolution_ga_Ranolazine_MPO/scores.csv	PORTABLE_OUTPUT_ROOT/guacamol_frequency_ablation_merged_20260824_150715/low-only/seed_5/task_12_Ranolazine_MPO/compare_GuacaMol_20260824_154159
low-only	5	13	Perindopril_MPO	0.4518721961743084	0.007392164255690517	13056.0	PORTABLE_USER_ROOT/spectralMol/guacamol_frequency_ablation_merged_20260824_150715/low-only/seed_5/task_13_Perindopril_MPO/compare_GuacaMol_20260824_154159/runs/spectralmol/seed_5/case_GuacaMol_20260824_154201/benchmark_runs/2026_08_24_evolution_ga_benchmark_15_42_13/2026_08_24_evolution_ga_Perindopril_MPO/scores.csv	PORTABLE_OUTPUT_ROOT/guacamol_frequency_ablation_merged_20260824_150715/low-only/seed_5/task_13_Perindopril_MPO/compare_GuacaMol_20260824_154159
low-only	5	14	Amlodipine_MPO	0.8907739673281686	0.06803754354156444	13056.0	PORTABLE_USER_ROOT/spectralMol/guacamol_frequency_ablation_merged_20260824_150715/low-only/seed_5/task_14_Amlodipine_MPO/compare_GuacaMol_20260824_154156/runs/spectralmol/seed_5/case_GuacaMol_20260824_154157/benchmark_runs/2026_08_24_evolution_ga_benchmark_15_41_59/2026_08_24_evolution_ga_Amlodipine_MPO/scores.csv	PORTABLE_OUTPUT_ROOT/guacamol_frequency_ablation_merged_20260824_150715/low-only/seed_5/task_14_Amlodipine_MPO/compare_GuacaMol_20260824_154156
low-only	5	15	Sitagliptin_MPO	0.4773523267954102	0.0158462429009848	13056.0	PORTABLE_USER_ROOT/spectralMol/guacamol_frequency_ablation_merged_20260824_150715/low-only/seed_5/task_15_Sitagliptin_MPO/compare_GuacaMol_20260824_154202/runs/spectralmol/seed_5/case_GuacaMol_20260824_154203/benchmark_runs/2026_08_24_evolution_ga_benchmark_15_42_05/2026_08_24_evolution_ga_Sitagliptin_MPO/scores.csv	PORTABLE_OUTPUT_ROOT/guacamol_frequency_ablation_merged_20260824_150715/low-only/seed_5/task_15_Sitagliptin_MPO/compare_GuacaMol_20260824_154202
low-only	5	16	Zaleplon_MPO	0.6983075798185957	0.018948139431100568	13056.0	PORTABLE_USER_ROOT/spectralMol/guacamol_frequency_ablation_merged_20260824_150715/low-only/seed_5/task_16_Zaleplon_MPO/compare_GuacaMol_20260824_154205/runs/spectralmol/seed_5/case_GuacaMol_20260824_154206/benchmark_runs/2026_08_24_evolution_ga_benchmark_15_42_08/2026_08_24_evolution_ga_Zaleplon_MPO/scores.csv	PORTABLE_OUTPUT_ROOT/guacamol_frequency_ablation_merged_20260824_150715/low-only/seed_5/task_16_Zaleplon_MPO/compare_GuacaMol_20260824_154205
low-only	5	17	Valsartan_smarts	0.0261982728599297	3.21950522293167e-05	13056.0	PORTABLE_USER_ROOT/spectralMol/guacamol_frequency_ablation_merged_20260824_150715/low-only/seed_5/task_17_Valsartan_smarts/compare_GuacaMol_20260824_154220/runs/spectralmol/seed_5/case_GuacaMol_20260824_154222/benchmark_runs/2026_08_24_evolution_ga_benchmark_15_42_33/2026_08_24_evolution_ga_Valsartan_smarts/scores.csv	PORTABLE_OUTPUT_ROOT/guacamol_frequency_ablation_merged_20260824_150715/low-only/seed_5/task_17_Valsartan_smarts/compare_GuacaMol_20260824_154220
low-only	5	18	Deco_hop	0.5975515928120063	0.5006468192607204	13056.0	PORTABLE_USER_ROOT/spectralMol/guacamol_frequency_ablation_merged_20260824_150715/low-only/seed_5/task_18_Deco_hop/compare_GuacaMol_20260824_154223/runs/spectralmol/seed_5/case_GuacaMol_20260824_154225/benchmark_runs/2026_08_24_evolution_ga_benchmark_15_42_36/2026_08_24_evolution_ga_Deco_hop/scores.csv	PORTABLE_OUTPUT_ROOT/guacamol_frequency_ablation_merged_20260824_150715/low-only/seed_5/task_18_Deco_hop/compare_GuacaMol_20260824_154223
low-only	5	19	Scaffold_hop	0.666667	0.36883872130603085	13056.0	PORTABLE_USER_ROOT/spectralMol/guacamol_frequency_ablation_merged_20260824_150715/low-only/seed_5/task_19_Scaffold_hop/compare_GuacaMol_20260824_154234/runs/spectralmol/seed_5/case_GuacaMol_20260824_154236/benchmark_runs/2026_08_24_evolution_ga_benchmark_15_42_47/2026_08_24_evolution_ga_Scaffold_hop/scores.csv	PORTABLE_OUTPUT_ROOT/guacamol_frequency_ablation_merged_20260824_150715/low-only/seed_5/task_19_Scaffold_hop/compare_GuacaMol_20260824_154234
low-only	5	1	Troglitazone_rediscovery	1.0	0.08311314412816576	13056.0	PORTABLE_USER_ROOT/spectralMol/guacamol_frequency_ablation_merged_20260824_150715/low-only/seed_5/task_1_Troglitazone_rediscovery/compare_GuacaMol_20260824_154055/runs/spectralmol/seed_5/case_GuacaMol_20260824_154057/benchmark_runs/2026_08_24_evolution_ga_benchmark_15_41_09/2026_08_24_evolution_ga_Troglitazone_rediscovery/scores.csv	PORTABLE_OUTPUT_ROOT/guacamol_frequency_ablation_merged_20260824_150715/low-only/seed_5/task_1_Troglitazone_rediscovery/compare_GuacaMol_20260824_154055
low-only	5	2	Thiothixene_rediscovery	1.0	0.1060871150276807	13056.0	PORTABLE_USER_ROOT/spectralMol/guacamol_frequency_ablation_merged_20260824_150715/low-only/seed_5/task_2_Thiothixene_rediscovery/compare_GuacaMol_20260824_154055/runs/spectralmol/seed_5/case_GuacaMol_20260824_154057/benchmark_runs/2026_08_24_evolution_ga_benchmark_15_41_08/2026_08_24_evolution_ga_Thiothixene_rediscovery/scores.csv	PORTABLE_OUTPUT_ROOT/guacamol_frequency_ablation_merged_20260824_150715/low-only/seed_5/task_2_Thiothixene_rediscovery/compare_GuacaMol_20260824_154055
low-only	5	3	Aripiprazole_similarity	1.0	0.1499857254012365	13056.0	PORTABLE_USER_ROOT/spectralMol/guacamol_frequency_ablation_merged_20260824_150715/low-only/seed_5/task_3_Aripiprazole_similarity/compare_GuacaMol_20260824_154059/runs/spectralmol/seed_5/case_GuacaMol_20260824_154101/benchmark_runs/2026_08_24_evolution_ga_benchmark_15_41_14/2026_08_24_evolution_ga_Aripiprazole_similarity/scores.csv	PORTABLE_OUTPUT_ROOT/guacamol_frequency_ablation_merged_20260824_150715/low-only/seed_5/task_3_Aripiprazole_similarity/compare_GuacaMol_20260824_154059
low-only	5	4	Albuterol_similarity	0.5901639344262295	0.24441804011514642	13056.0	PORTABLE_USER_ROOT/spectralMol/guacamol_frequency_ablation_merged_20260824_150715/low-only/seed_5/task_4_Albuterol_similarity/compare_GuacaMol_20260824_154100/runs/spectralmol/seed_5/case_GuacaMol_20260824_154101/benchmark_runs/2026_08_24_evolution_ga_benchmark_15_41_03/2026_08_24_evolution_ga_Albuterol_similarity/scores.csv	PORTABLE_OUTPUT_ROOT/guacamol_frequency_ablation_merged_20260824_150715/low-only/seed_5/task_4_Albuterol_similarity/compare_GuacaMol_20260824_154100
low-only	5	5	Mestranol_similarity	1.0	0.15849175422272238	13056.0	PORTABLE_USER_ROOT/spectralMol/guacamol_frequency_ablation_merged_20260824_150715/low-only/seed_5/task_5_Mestranol_similarity/compare_GuacaMol_20260824_154101/runs/spectralmol/seed_5/case_GuacaMol_20260824_154102/benchmark_runs/2026_08_24_evolution_ga_benchmark_15_41_07/2026_08_24_evolution_ga_Mestranol_similarity/scores.csv	PORTABLE_OUTPUT_ROOT/guacamol_frequency_ablation_merged_20260824_150715/low-only/seed_5/task_5_Mestranol_similarity/compare_GuacaMol_20260824_154101
low-only	5	6	C11H24	1.0	0.13825194362883875	13056.0	PORTABLE_USER_ROOT/spectralMol/guacamol_frequency_ablation_merged_20260824_150715/low-only/seed_5/task_6_C11H24/compare_GuacaMol_20260824_154115/runs/spectralmol/seed_5/case_GuacaMol_20260824_154117/benchmark_runs/2026_08_24_evolution_ga_benchmark_15_41_30/2026_08_24_evolution_ga_C11H24/scores.csv	PORTABLE_OUTPUT_ROOT/guacamol_frequency_ablation_merged_20260824_150715/low-only/seed_5/task_6_C11H24/compare_GuacaMol_20260824_154115
low-only	5	7	C9H10N2O2PF2Cl	0.9248488132162048	0.23111589281731257	13056.0	PORTABLE_USER_ROOT/spectralMol/guacamol_frequency_ablation_merged_20260824_150715/low-only/seed_5/task_7_C9H10N2O2PF2Cl/compare_GuacaMol_20260824_154139/runs/spectralmol/seed_5/case_GuacaMol_20260824_154141/benchmark_runs/2026_08_24_evolution_ga_benchmark_15_41_54/2026_08_24_evolution_ga_C9H10N2O2PF2Cl/scores.csv	PORTABLE_OUTPUT_ROOT/guacamol_frequency_ablation_merged_20260824_150715/low-only/seed_5/task_7_C9H10N2O2PF2Cl/compare_GuacaMol_20260824_154139
low-only	5	8	Median_molecules_1	0.4067796610169492	0.06989809139994244	13056.0	PORTABLE_USER_ROOT/spectralMol/guacamol_frequency_ablation_merged_20260824_150715/low-only/seed_5/task_8_Median_molecules_1/compare_GuacaMol_20260824_154144/runs/spectralmol/seed_5/case_GuacaMol_20260824_154146/benchmark_runs/2026_08_24_evolution_ga_benchmark_15_41_57/2026_08_24_evolution_ga_Median_molecules_1/scores.csv	PORTABLE_OUTPUT_ROOT/guacamol_frequency_ablation_merged_20260824_150715/low-only/seed_5/task_8_Median_molecules_1/compare_GuacaMol_20260824_154144
low-only	5	9	Median_molecules_2	0.1982225094075473	0.01630450516088648	13056.0	PORTABLE_USER_ROOT/spectralMol/guacamol_frequency_ablation_merged_20260824_150715/low-only/seed_5/task_9_Median_molecules_2/compare_GuacaMol_20260824_154142/runs/spectralmol/seed_5/case_GuacaMol_20260824_154143/benchmark_runs/2026_08_24_evolution_ga_benchmark_15_41_45/2026_08_24_evolution_ga_Median_molecules_2/scores.csv	PORTABLE_OUTPUT_ROOT/guacamol_frequency_ablation_merged_20260824_150715/low-only/seed_5/task_9_Median_molecules_2/compare_GuacaMol_20260824_154142
random-matrix	0	0	Celecoxib_rediscovery	1.0	0.10608460542317821	13056.0	PORTABLE_USER_ROOT/spectralMol/guacamol_frequency_ablation_merged_20260824_150715/random-matrix/seed_0/task_0_Celecoxib_rediscovery/compare_GuacaMol_20260824_154234/runs/spectralmol/seed_0/case_GuacaMol_20260824_154236/benchmark_runs/2026_08_24_evolution_ga_benchmark_15_42_47/2026_08_24_evolution_ga_Celecoxib_rediscovery/scores.csv	PORTABLE_OUTPUT_ROOT/guacamol_frequency_ablation_merged_20260824_150715/random-matrix/seed_0/task_0_Celecoxib_rediscovery/compare_GuacaMol_20260824_154234
random-matrix	0	10	Osimertinib_MPO	0.911086257993564	0.09471605550749818	13056.0	PORTABLE_USER_ROOT/spectralMol/guacamol_frequency_ablation_merged_20260824_150715/random-matrix/seed_0/task_10_Osimertinib_MPO/compare_GuacaMol_20260824_154335/runs/spectralmol/seed_0/case_GuacaMol_20260824_154335/benchmark_runs/2026_08_24_evolution_ga_benchmark_15_43_38/2026_08_24_evolution_ga_Osimertinib_MPO/scores.csv	PORTABLE_OUTPUT_ROOT/guacamol_frequency_ablation_merged_20260824_150715/random-matrix/seed_0/task_10_Osimertinib_MPO/compare_GuacaMol_20260824_154335
random-matrix	0	11	Fexofenadine_MPO	1.0	0.050005526477633434	13056.0	PORTABLE_USER_ROOT/spectralMol/guacamol_frequency_ablation_merged_20260824_150715/random-matrix/seed_0/task_11_Fexofenadine_MPO/compare_GuacaMol_20260824_154346/runs/spectralmol/seed_0/case_GuacaMol_20260824_154348/benchmark_runs/2026_08_24_evolution_ga_benchmark_15_44_01/2026_08_24_evolution_ga_Fexofenadine_MPO/scores.csv	PORTABLE_OUTPUT_ROOT/guacamol_frequency_ablation_merged_20260824_150715/random-matrix/seed_0/task_11_Fexofenadine_MPO/compare_GuacaMol_20260824_154346
random-matrix	0	12	Ranolazine_MPO	0.6925677830065992	0.006258470922063954	13056.0	PORTABLE_USER_ROOT/spectralMol/guacamol_frequency_ablation_merged_20260824_150715/random-matrix/seed_0/task_12_Ranolazine_MPO/compare_GuacaMol_20260824_154341/runs/spectralmol/seed_0/case_GuacaMol_20260824_154342/benchmark_runs/2026_08_24_evolution_ga_benchmark_15_43_45/2026_08_24_evolution_ga_Ranolazine_MPO/scores.csv	PORTABLE_OUTPUT_ROOT/guacamol_frequency_ablation_merged_20260824_150715/random-matrix/seed_0/task_12_Ranolazine_MPO/compare_GuacaMol_20260824_154341
random-matrix	0	13	Perindopril_MPO	0.4284207088802645	0.008537126349598113	13056.0	PORTABLE_USER_ROOT/spectralMol/guacamol_frequency_ablation_merged_20260824_150715/random-matrix/seed_0/task_13_Perindopril_MPO/compare_GuacaMol_20260824_154409/runs/spectralmol/seed_0/case_GuacaMol_20260824_154411/benchmark_runs/2026_08_24_evolution_ga_benchmark_15_44_23/2026_08_24_evolution_ga_Perindopril_MPO/scores.csv	PORTABLE_OUTPUT_ROOT/guacamol_frequency_ablation_merged_20260824_150715/random-matrix/seed_0/task_13_Perindopril_MPO/compare_GuacaMol_20260824_154409
random-matrix	0	14	Amlodipine_MPO	0.9045340337332908	0.033059794011131634	13056.0	PORTABLE_USER_ROOT/spectralMol/guacamol_frequency_ablation_merged_20260824_150715/random-matrix/seed_0/task_14_Amlodipine_MPO/compare_GuacaMol_20260824_154403/runs/spectralmol/seed_0/case_GuacaMol_20260824_154404/benchmark_runs/2026_08_24_evolution_ga_benchmark_15_44_07/2026_08_24_evolution_ga_Amlodipine_MPO/scores.csv	PORTABLE_OUTPUT_ROOT/guacamol_frequency_ablation_merged_20260824_150715/random-matrix/seed_0/task_14_Amlodipine_MPO/compare_GuacaMol_20260824_154403
random-matrix	0	15	Sitagliptin_MPO	0.8146990421640458	0.026556591439241026	13056.0	PORTABLE_USER_ROOT/spectralMol/guacamol_frequency_ablation_merged_20260824_150715/random-matrix/seed_0/task_15_Sitagliptin_MPO/compare_GuacaMol_20260824_154407/runs/spectralmol/seed_0/case_GuacaMol_20260824_154408/benchmark_runs/2026_08_24_evolution_ga_benchmark_15_44_12/2026_08_24_evolution_ga_Sitagliptin_MPO/scores.csv	PORTABLE_OUTPUT_ROOT/guacamol_frequency_ablation_merged_20260824_150715/random-matrix/seed_0/task_15_Sitagliptin_MPO/compare_GuacaMol_20260824_154407
random-matrix	0	16	Zaleplon_MPO	0.6936365736837096	0.027087334867695156	13056.0	PORTABLE_USER_ROOT/spectralMol/guacamol_frequency_ablation_merged_20260824_150715/random-matrix/seed_0/task_16_Zaleplon_MPO/compare_GuacaMol_20260824_154413/runs/spectralmol/seed_0/case_GuacaMol_20260824_154415/benchmark_runs/2026_08_24_evolution_ga_benchmark_15_44_27/2026_08_24_evolution_ga_Zaleplon_MPO/scores.csv	PORTABLE_OUTPUT_ROOT/guacamol_frequency_ablation_merged_20260824_150715/random-matrix/seed_0/task_16_Zaleplon_MPO/compare_GuacaMol_20260824_154413
random-matrix	0	17	Valsartan_smarts	0.0212118960310793	3.4993126062440714e-05	13056.0	PORTABLE_USER_ROOT/spectralMol/guacamol_frequency_ablation_merged_20260824_150715/random-matrix/seed_0/task_17_Valsartan_smarts/compare_GuacaMol_20260824_154411/runs/spectralmol/seed_0/case_GuacaMol_20260824_154412/benchmark_runs/2026_08_24_evolution_ga_benchmark_15_44_15/2026_08_24_evolution_ga_Valsartan_smarts/scores.csv	PORTABLE_OUTPUT_ROOT/guacamol_frequency_ablation_merged_20260824_150715/random-matrix/seed_0/task_17_Valsartan_smarts/compare_GuacaMol_20260824_154411
random-matrix	0	18	Deco_hop	0.596045447740113	0.49859200258451053	13056.0	PORTABLE_USER_ROOT/spectralMol/guacamol_frequency_ablation_merged_20260824_150715/random-matrix/seed_0/task_18_Deco_hop/compare_GuacaMol_20260824_154419/runs/spectralmol/seed_0/case_GuacaMol_20260824_154422/benchmark_runs/2026_08_24_evolution_ga_benchmark_15_44_34/2026_08_24_evolution_ga_Deco_hop/scores.csv	PORTABLE_OUTPUT_ROOT/guacamol_frequency_ablation_merged_20260824_150715/random-matrix/seed_0/task_18_Deco_hop/compare_GuacaMol_20260824_154419
random-matrix	0	19	Scaffold_hop	0.666667	0.3505771788360943	13056.0	PORTABLE_USER_ROOT/spectralMol/guacamol_frequency_ablation_merged_20260824_150715/random-matrix/seed_0/task_19_Scaffold_hop/compare_GuacaMol_20260824_154423/runs/spectralmol/seed_0/case_GuacaMol_20260824_154425/benchmark_runs/2026_08_24_evolution_ga_benchmark_15_44_38/2026_08_24_evolution_ga_Scaffold_hop/scores.csv	PORTABLE_OUTPUT_ROOT/guacamol_frequency_ablation_merged_20260824_150715/random-matrix/seed_0/task_19_Scaffold_hop/compare_GuacaMol_20260824_154423
random-matrix	0	1	Troglitazone_rediscovery	1.0	0.10637764566978301	13056.0	PORTABLE_USER_ROOT/spectralMol/guacamol_frequency_ablation_merged_20260824_150715/random-matrix/seed_0/task_1_Troglitazone_rediscovery/compare_GuacaMol_20260824_154239/runs/spectralmol/seed_0/case_GuacaMol_20260824_154241/benchmark_runs/2026_08_24_evolution_ga_benchmark_15_42_52/2026_08_24_evolution_ga_Troglitazone_rediscovery/scores.csv	PORTABLE_OUTPUT_ROOT/guacamol_frequency_ablation_merged_20260824_150715/random-matrix/seed_0/task_1_Troglitazone_rediscovery/compare_GuacaMol_20260824_154239
random-matrix	0	2	Thiothixene_rediscovery	1.0	0.05724268541953212	13056.0	PORTABLE_USER_ROOT/spectralMol/guacamol_frequency_ablation_merged_20260824_150715/random-matrix/seed_0/task_2_Thiothixene_rediscovery/compare_GuacaMol_20260824_154234/runs/spectralmol/seed_0/case_GuacaMol_20260824_154234/benchmark_runs/2026_08_24_evolution_ga_benchmark_15_42_37/2026_08_24_evolution_ga_Thiothixene_rediscovery/scores.csv	PORTABLE_OUTPUT_ROOT/guacamol_frequency_ablation_merged_20260824_150715/random-matrix/seed_0/task_2_Thiothixene_rediscovery/compare_GuacaMol_20260824_154234
random-matrix	0	3	Aripiprazole_similarity	1.0	0.11089363635708682	13056.0	PORTABLE_USER_ROOT/spectralMol/guacamol_frequency_ablation_merged_20260824_150715/random-matrix/seed_0/task_3_Aripiprazole_similarity/compare_GuacaMol_20260824_154251/runs/spectralmol/seed_0/case_GuacaMol_20260824_154253/benchmark_runs/2026_08_24_evolution_ga_benchmark_15_43_05/2026_08_24_evolution_ga_Aripiprazole_similarity/scores.csv	PORTABLE_OUTPUT_ROOT/guacamol_frequency_ablation_merged_20260824_150715/random-matrix/seed_0/task_3_Aripiprazole_similarity/compare_GuacaMol_20260824_154251
random-matrix	0	4	Albuterol_similarity	0.5714285714285714	0.15548097414185955	13056.0	PORTABLE_USER_ROOT/spectralMol/guacamol_frequency_ablation_merged_20260824_150715/random-matrix/seed_0/task_4_Albuterol_similarity/compare_GuacaMol_20260824_154247/runs/spectralmol/seed_0/case_GuacaMol_20260824_154248/benchmark_runs/2026_08_24_evolution_ga_benchmark_15_42_50/2026_08_24_evolution_ga_Albuterol_similarity/scores.csv	PORTABLE_OUTPUT_ROOT/guacamol_frequency_ablation_merged_20260824_150715/random-matrix/seed_0/task_4_Albuterol_similarity/compare_GuacaMol_20260824_154247
random-matrix	0	5	Mestranol_similarity	1.0	0.0973784891362563	13056.0	PORTABLE_USER_ROOT/spectralMol/guacamol_frequency_ablation_merged_20260824_150715/random-matrix/seed_0/task_5_Mestranol_similarity/compare_GuacaMol_20260824_154255/runs/spectralmol/seed_0/case_GuacaMol_20260824_154258/benchmark_runs/2026_08_24_evolution_ga_benchmark_15_43_10/2026_08_24_evolution_ga_Mestranol_similarity/scores.csv	PORTABLE_OUTPUT_ROOT/guacamol_frequency_ablation_merged_20260824_150715/random-matrix/seed_0/task_5_Mestranol_similarity/compare_GuacaMol_20260824_154255
random-matrix	0	6	C11H24	1.0	0.007806654661102408	13056.0	PORTABLE_USER_ROOT/spectralMol/guacamol_frequency_ablation_merged_20260824_150715/random-matrix/seed_0/task_6_C11H24/compare_GuacaMol_20260824_154253/runs/spectralmol/seed_0/case_GuacaMol_20260824_154254/benchmark_runs/2026_08_24_evolution_ga_benchmark_15_42_56/2026_08_24_evolution_ga_C11H24/scores.csv	PORTABLE_OUTPUT_ROOT/guacamol_frequency_ablation_merged_20260824_150715/random-matrix/seed_0/task_6_C11H24/compare_GuacaMol_20260824_154253
random-matrix	0	7	C9H10N2O2PF2Cl	0.8290291181804004	0.16936776308252302	13056.0	PORTABLE_USER_ROOT/spectralMol/guacamol_frequency_ablation_merged_20260824_150715/random-matrix/seed_0/task_7_C9H10N2O2PF2Cl/compare_GuacaMol_20260824_154256/runs/spectralmol/seed_0/case_GuacaMol_20260824_154256/benchmark_runs/2026_08_24_evolution_ga_benchmark_15_42_59/2026_08_24_evolution_ga_C9H10N2O2PF2Cl/scores.csv	PORTABLE_OUTPUT_ROOT/guacamol_frequency_ablation_merged_20260824_150715/random-matrix/seed_0/task_7_C9H10N2O2PF2Cl/compare_GuacaMol_20260824_154256
random-matrix	0	8	Median_molecules_1	0.4067796610169492	0.0886586342875265	13056.0	PORTABLE_USER_ROOT/spectralMol/guacamol_frequency_ablation_merged_20260824_150715/random-matrix/seed_0/task_8_Median_molecules_1/compare_GuacaMol_20260824_154307/runs/spectralmol/seed_0/case_GuacaMol_20260824_154309/benchmark_runs/2026_08_24_evolution_ga_benchmark_15_43_20/2026_08_24_evolution_ga_Median_molecules_1/scores.csv	PORTABLE_OUTPUT_ROOT/guacamol_frequency_ablation_merged_20260824_150715/random-matrix/seed_0/task_8_Median_molecules_1/compare_GuacaMol_20260824_154307
random-matrix	0	9	Median_molecules_2	0.3623715376697393	0.02763004562244513	13056.0	PORTABLE_USER_ROOT/spectralMol/guacamol_frequency_ablation_merged_20260824_150715/random-matrix/seed_0/task_9_Median_molecules_2/compare_GuacaMol_20260824_154312/runs/spectralmol/seed_0/case_GuacaMol_20260824_154314/benchmark_runs/2026_08_24_evolution_ga_benchmark_15_43_25/2026_08_24_evolution_ga_Median_molecules_2/scores.csv	PORTABLE_OUTPUT_ROOT/guacamol_frequency_ablation_merged_20260824_150715/random-matrix/seed_0/task_9_Median_molecules_2/compare_GuacaMol_20260824_154312
random-matrix	1	0	Celecoxib_rediscovery	1.0	0.0971034043179816	13056.0	PORTABLE_USER_ROOT/spectralMol/guacamol_frequency_ablation_merged_20260824_150715/random-matrix/seed_1/task_0_Celecoxib_rediscovery/compare_GuacaMol_20260824_154429/runs/spectralmol/seed_1/case_GuacaMol_20260824_154430/benchmark_runs/2026_08_24_evolution_ga_benchmark_15_44_32/2026_08_24_evolution_ga_Celecoxib_rediscovery/scores.csv	PORTABLE_OUTPUT_ROOT/guacamol_frequency_ablation_merged_20260824_150715/random-matrix/seed_1/task_0_Celecoxib_rediscovery/compare_GuacaMol_20260824_154429
random-matrix	1	10	Osimertinib_MPO	0.985295672415446	0.14345551500047382	13056.0	PORTABLE_USER_ROOT/spectralMol/guacamol_frequency_ablation_merged_20260824_150715/random-matrix/seed_1/task_10_Osimertinib_MPO/compare_GuacaMol_20260824_154511/runs/spectralmol/seed_1/case_GuacaMol_20260824_154512/benchmark_runs/2026_08_24_evolution_ga_benchmark_15_45_14/2026_08_24_evolution_ga_Osimertinib_MPO/scores.csv	PORTABLE_OUTPUT_ROOT/guacamol_frequency_ablation_merged_20260824_150715/random-matrix/seed_1/task_10_Osimertinib_MPO/compare_GuacaMol_20260824_154511
random-matrix	1	11	Fexofenadine_MPO	1.0	0.04749575364829555	13056.0	PORTABLE_USER_ROOT/spectralMol/guacamol_frequency_ablation_merged_20260824_150715/random-matrix/seed_1/task_11_Fexofenadine_MPO/compare_GuacaMol_20260824_154515/runs/spectralmol/seed_1/case_GuacaMol_20260824_154518/benchmark_runs/2026_08_24_evolution_ga_benchmark_15_45_28/2026_08_24_evolution_ga_Fexofenadine_MPO/scores.csv	PORTABLE_OUTPUT_ROOT/guacamol_frequency_ablation_merged_20260824_150715/random-matrix/seed_1/task_11_Fexofenadine_MPO/compare_GuacaMol_20260824_154515
random-matrix	1	12	Ranolazine_MPO	0.6925677830065992	0.010509085473361858	13056.0	PORTABLE_USER_ROOT/spectralMol/guacamol_frequency_ablation_merged_20260824_150715/random-matrix/seed_1/task_12_Ranolazine_MPO/compare_GuacaMol_20260824_154515/runs/spectralmol/seed_1/case_GuacaMol_20260824_154516/benchmark_runs/2026_08_24_evolution_ga_benchmark_15_45_22/2026_08_24_evolution_ga_Ranolazine_MPO/scores.csv	PORTABLE_OUTPUT_ROOT/guacamol_frequency_ablation_merged_20260824_150715/random-matrix/seed_1/task_12_Ranolazine_MPO/compare_GuacaMol_20260824_154515
random-matrix	1	13	Perindopril_MPO	0.4364357804719847	0.009099560635091564	13056.0	PORTABLE_USER_ROOT/spectralMol/guacamol_frequency_ablation_merged_20260824_150715/random-matrix/seed_1/task_13_Perindopril_MPO/compare_GuacaMol_20260824_154523/runs/spectralmol/seed_1/case_GuacaMol_20260824_154525/benchmark_runs/2026_08_24_evolution_ga_benchmark_15_45_37/2026_08_24_evolution_ga_Perindopril_MPO/scores.csv	PORTABLE_OUTPUT_ROOT/guacamol_frequency_ablation_merged_20260824_150715/random-matrix/seed_1/task_13_Perindopril_MPO/compare_GuacaMol_20260824_154523
random-matrix	1	14	Amlodipine_MPO	0.9045340337332908	0.06852870221675472	13056.0	PORTABLE_USER_ROOT/spectralMol/guacamol_frequency_ablation_merged_20260824_150715/random-matrix/seed_1/task_14_Amlodipine_MPO/compare_GuacaMol_20260824_154520/runs/spectralmol/seed_1/case_GuacaMol_20260824_154520/benchmark_runs/2026_08_24_evolution_ga_benchmark_15_45_23/2026_08_24_evolution_ga_Amlodipine_MPO/scores.csv	PORTABLE_OUTPUT_ROOT/guacamol_frequency_ablation_merged_20260824_150715/random-matrix/seed_1/task_14_Amlodipine_MPO/compare_GuacaMol_20260824_154520
random-matrix	1	15	Sitagliptin_MPO	0.5279453514611046	0.009866008896993938	13056.0	PORTABLE_USER_ROOT/spectralMol/guacamol_frequency_ablation_merged_20260824_150715/random-matrix/seed_1/task_15_Sitagliptin_MPO/compare_GuacaMol_20260824_154525/runs/spectralmol/seed_1/case_GuacaMol_20260824_154527/benchmark_runs/2026_08_24_evolution_ga_benchmark_15_45_38/2026_08_24_evolution_ga_Sitagliptin_MPO/scores.csv	PORTABLE_OUTPUT_ROOT/guacamol_frequency_ablation_merged_20260824_150715/random-matrix/seed_1/task_15_Sitagliptin_MPO/compare_GuacaMol_20260824_154525
random-matrix	1	16	Zaleplon_MPO	0.6936365736837096	0.0585480253064228	13056.0	PORTABLE_USER_ROOT/spectralMol/guacamol_frequency_ablation_merged_20260824_150715/random-matrix/seed_1/task_16_Zaleplon_MPO/compare_GuacaMol_20260824_154537/runs/spectralmol/seed_1/case_GuacaMol_20260824_154539/benchmark_runs/2026_08_24_evolution_ga_benchmark_15_45_51/2026_08_24_evolution_ga_Zaleplon_MPO/scores.csv	PORTABLE_OUTPUT_ROOT/guacamol_frequency_ablation_merged_20260824_150715/random-matrix/seed_1/task_16_Zaleplon_MPO/compare_GuacaMol_20260824_154537
random-matrix	1	17	Valsartan_smarts	0.0139593793552943	2.5758030820705654e-05	13056.0	PORTABLE_USER_ROOT/spectralMol/guacamol_frequency_ablation_merged_20260824_150715/random-matrix/seed_1/task_17_Valsartan_smarts/compare_GuacaMol_20260824_154532/runs/spectralmol/seed_1/case_GuacaMol_20260824_154533/benchmark_runs/2026_08_24_evolution_ga_benchmark_15_45_35/2026_08_24_evolution_ga_Valsartan_smarts/scores.csv	PORTABLE_OUTPUT_ROOT/guacamol_frequency_ablation_merged_20260824_150715/random-matrix/seed_1/task_17_Valsartan_smarts/compare_GuacaMol_20260824_154532
random-matrix	1	18	Deco_hop	0.6031088988150201	0.4996575336295193	13056.0	PORTABLE_USER_ROOT/spectralMol/guacamol_frequency_ablation_merged_20260824_150715/random-matrix/seed_1/task_18_Deco_hop/compare_GuacaMol_20260824_154550/runs/spectralmol/seed_1/case_GuacaMol_20260824_154552/benchmark_runs/2026_08_24_evolution_ga_benchmark_15_46_03/2026_08_24_evolution_ga_Deco_hop/scores.csv	PORTABLE_OUTPUT_ROOT/guacamol_frequency_ablation_merged_20260824_150715/random-matrix/seed_1/task_18_Deco_hop/compare_GuacaMol_20260824_154550
random-matrix	1	19	Scaffold_hop	0.666667	0.3412143677491036	13056.0	PORTABLE_USER_ROOT/spectralMol/guacamol_frequency_ablation_merged_20260824_150715/random-matrix/seed_1/task_19_Scaffold_hop/compare_GuacaMol_20260824_154602/runs/spectralmol/seed_1/case_GuacaMol_20260824_154603/benchmark_runs/2026_08_24_evolution_ga_benchmark_15_46_05/2026_08_24_evolution_ga_Scaffold_hop/scores.csv	PORTABLE_OUTPUT_ROOT/guacamol_frequency_ablation_merged_20260824_150715/random-matrix/seed_1/task_19_Scaffold_hop/compare_GuacaMol_20260824_154602
random-matrix	1	1	Troglitazone_rediscovery	1.0	0.07258282839360686	13056.0	PORTABLE_USER_ROOT/spectralMol/guacamol_frequency_ablation_merged_20260824_150715/random-matrix/seed_1/task_1_Troglitazone_rediscovery/compare_GuacaMol_20260824_154438/runs/spectralmol/seed_1/case_GuacaMol_20260824_154438/benchmark_runs/2026_08_24_evolution_ga_benchmark_15_44_41/2026_08_24_evolution_ga_Troglitazone_rediscovery/scores.csv	PORTABLE_OUTPUT_ROOT/guacamol_frequency_ablation_merged_20260824_150715/random-matrix/seed_1/task_1_Troglitazone_rediscovery/compare_GuacaMol_20260824_154438
random-matrix	1	2	Thiothixene_rediscovery	1.0	0.08196463950550889	13056.0	PORTABLE_USER_ROOT/spectralMol/guacamol_frequency_ablation_merged_20260824_150715/random-matrix/seed_1/task_2_Thiothixene_rediscovery/compare_GuacaMol_20260824_154449/runs/spectralmol/seed_1/case_GuacaMol_20260824_154451/benchmark_runs/2026_08_24_evolution_ga_benchmark_15_45_02/2026_08_24_evolution_ga_Thiothixene_rediscovery/scores.csv	PORTABLE_OUTPUT_ROOT/guacamol_frequency_ablation_merged_20260824_150715/random-matrix/seed_1/task_2_Thiothixene_rediscovery/compare_GuacaMol_20260824_154449
random-matrix	1	3	Aripiprazole_similarity	1.0	0.11430027103460927	13056.0	PORTABLE_USER_ROOT/spectralMol/guacamol_frequency_ablation_merged_20260824_150715/random-matrix/seed_1/task_3_Aripiprazole_similarity/compare_GuacaMol_20260824_154444/runs/spectralmol/seed_1/case_GuacaMol_20260824_154444/benchmark_runs/2026_08_24_evolution_ga_benchmark_15_44_47/2026_08_24_evolution_ga_Aripiprazole_similarity/scores.csv	PORTABLE_OUTPUT_ROOT/guacamol_frequency_ablation_merged_20260824_150715/random-matrix/seed_1/task_3_Aripiprazole_similarity/compare_GuacaMol_20260824_154444
random-matrix	1	4	Albuterol_similarity	0.5245901639344263	0.16862274436818353	13056.0	PORTABLE_USER_ROOT/spectralMol/guacamol_frequency_ablation_merged_20260824_150715/random-matrix/seed_1/task_4_Albuterol_similarity/compare_GuacaMol_20260824_154454/runs/spectralmol/seed_1/case_GuacaMol_20260824_154455/benchmark_runs/2026_08_24_evolution_ga_benchmark_15_44_57/2026_08_24_evolution_ga_Albuterol_similarity/scores.csv	PORTABLE_OUTPUT_ROOT/guacamol_frequency_ablation_merged_20260824_150715/random-matrix/seed_1/task_4_Albuterol_similarity/compare_GuacaMol_20260824_154454
random-matrix	1	5	Mestranol_similarity	1.0	0.1153276877199116	13056.0	PORTABLE_USER_ROOT/spectralMol/guacamol_frequency_ablation_merged_20260824_150715/random-matrix/seed_1/task_5_Mestranol_similarity/compare_GuacaMol_20260824_154500/runs/spectralmol/seed_1/case_GuacaMol_20260824_154504/benchmark_runs/2026_08_24_evolution_ga_benchmark_15_45_19/2026_08_24_evolution_ga_Mestranol_similarity/scores.csv	PORTABLE_OUTPUT_ROOT/guacamol_frequency_ablation_merged_20260824_150715/random-matrix/seed_1/task_5_Mestranol_similarity/compare_GuacaMol_20260824_154500
random-matrix	1	6	C11H24	1.0	0.05300062569635841	13056.0	PORTABLE_USER_ROOT/spectralMol/guacamol_frequency_ablation_merged_20260824_150715/random-matrix/seed_1/task_6_C11H24/compare_GuacaMol_20260824_154454/runs/spectralmol/seed_1/case_GuacaMol_20260824_154455/benchmark_runs/2026_08_24_evolution_ga_benchmark_15_44_58/2026_08_24_evolution_ga_C11H24/scores.csv	PORTABLE_OUTPUT_ROOT/guacamol_frequency_ablation_merged_20260824_150715/random-matrix/seed_1/task_6_C11H24/compare_GuacaMol_20260824_154454
random-matrix	1	7	C9H10N2O2PF2Cl	0.7316156289466418	0.10584803214196029	13056.0	PORTABLE_USER_ROOT/spectralMol/guacamol_frequency_ablation_merged_20260824_150715/random-matrix/seed_1/task_7_C9H10N2O2PF2Cl/compare_GuacaMol_20260824_154456/runs/spectralmol/seed_1/case_GuacaMol_20260824_154456/benchmark_runs/2026_08_24_evolution_ga_benchmark_15_44_59/2026_08_24_evolution_ga_C9H10N2O2PF2Cl/scores.csv	PORTABLE_OUTPUT_ROOT/guacamol_frequency_ablation_merged_20260824_150715/random-matrix/seed_1/task_7_C9H10N2O2PF2Cl/compare_GuacaMol_20260824_154456
random-matrix	1	8	Median_molecules_1	0.3999999999999999	0.05717670529290665	13056.0	PORTABLE_USER_ROOT/spectralMol/guacamol_frequency_ablation_merged_20260824_150715/random-matrix/seed_1/task_8_Median_molecules_1/compare_GuacaMol_20260824_154513/runs/spectralmol/seed_1/case_GuacaMol_20260824_154515/benchmark_runs/2026_08_24_evolution_ga_benchmark_15_45_27/2026_08_24_evolution_ga_Median_molecules_1/scores.csv	PORTABLE_OUTPUT_ROOT/guacamol_frequency_ablation_merged_20260824_150715/random-matrix/seed_1/task_8_Median_molecules_1/compare_GuacaMol_20260824_154513
random-matrix	1	9	Median_molecules_2	0.3623715376697393	0.02967612032111441	13056.0	PORTABLE_USER_ROOT/spectralMol/guacamol_frequency_ablation_merged_20260824_150715/random-matrix/seed_1/task_9_Median_molecules_2/compare_GuacaMol_20260824_154512/runs/spectralmol/seed_1/case_GuacaMol_20260824_154514/benchmark_runs/2026_08_24_evolution_ga_benchmark_15_45_24/2026_08_24_evolution_ga_Median_molecules_2/scores.csv	PORTABLE_OUTPUT_ROOT/guacamol_frequency_ablation_merged_20260824_150715/random-matrix/seed_1/task_9_Median_molecules_2/compare_GuacaMol_20260824_154512
random-matrix	2	0	Celecoxib_rediscovery	1.0	0.057660045529647534	13056.0	PORTABLE_USER_ROOT/spectralMol/guacamol_frequency_ablation_merged_20260824_150715/random-matrix/seed_2/task_0_Celecoxib_rediscovery/compare_GuacaMol_20260824_154602/runs/spectralmol/seed_2/case_GuacaMol_20260824_154603/benchmark_runs/2026_08_24_evolution_ga_benchmark_15_46_05/2026_08_24_evolution_ga_Celecoxib_rediscovery/scores.csv	PORTABLE_OUTPUT_ROOT/guacamol_frequency_ablation_merged_20260824_150715/random-matrix/seed_2/task_0_Celecoxib_rediscovery/compare_GuacaMol_20260824_154602
random-matrix	2	10	Osimertinib_MPO	0.7588646476479823	0.021503162461526712	13056.0	PORTABLE_USER_ROOT/spectralMol/guacamol_frequency_ablation_merged_20260824_150715/random-matrix/seed_2/task_10_Osimertinib_MPO/compare_GuacaMol_20260824_154625/runs/spectralmol/seed_2/case_GuacaMol_20260824_154628/benchmark_runs/2026_08_24_evolution_ga_benchmark_15_46_39/2026_08_24_evolution_ga_Osimertinib_MPO/scores.csv	PORTABLE_OUTPUT_ROOT/guacamol_frequency_ablation_merged_20260824_150715/random-matrix/seed_2/task_10_Osimertinib_MPO/compare_GuacaMol_20260824_154625
random-matrix	2	11	Fexofenadine_MPO	0.9999369515709692	0.05824694331215149	13056.0	PORTABLE_USER_ROOT/spectralMol/guacamol_frequency_ablation_merged_20260824_150715/random-matrix/seed_2/task_11_Fexofenadine_MPO/compare_GuacaMol_20260824_154658/runs/spectralmol/seed_2/case_GuacaMol_20260824_154700/benchmark_runs/2026_08_24_evolution_ga_benchmark_15_47_12/2026_08_24_evolution_ga_Fexofenadine_MPO/scores.csv	PORTABLE_OUTPUT_ROOT/guacamol_frequency_ablation_merged_20260824_150715/random-matrix/seed_2/task_11_Fexofenadine_MPO/compare_GuacaMol_20260824_154658
random-matrix	2	12	Ranolazine_MPO	0.6925677830065992	0.006812584339570174	13056.0	PORTABLE_USER_ROOT/spectralMol/guacamol_frequency_ablation_merged_20260824_150715/random-matrix/seed_2/task_12_Ranolazine_MPO/compare_GuacaMol_20260824_154706/runs/spectralmol/seed_2/case_GuacaMol_20260824_154708/benchmark_runs/2026_08_24_evolution_ga_benchmark_15_47_20/2026_08_24_evolution_ga_Ranolazine_MPO/scores.csv	PORTABLE_OUTPUT_ROOT/guacamol_frequency_ablation_merged_20260824_150715/random-matrix/seed_2/task_12_Ranolazine_MPO/compare_GuacaMol_20260824_154706
random-matrix	2	13	Perindopril_MPO	0.4096159602595202	0.008171547330582868	13056.0	PORTABLE_USER_ROOT/spectralMol/guacamol_frequency_ablation_merged_20260824_150715/random-matrix/seed_2/task_13_Perindopril_MPO/compare_GuacaMol_20260824_154738/runs/spectralmol/seed_2/case_GuacaMol_20260824_154740/benchmark_runs/2026_08_24_evolution_ga_benchmark_15_47_53/2026_08_24_evolution_ga_Perindopril_MPO/scores.csv	PORTABLE_OUTPUT_ROOT/guacamol_frequency_ablation_merged_20260824_150715/random-matrix/seed_2/task_13_Perindopril_MPO/compare_GuacaMol_20260824_154738
random-matrix	2	14	Amlodipine_MPO	0.8812466991035206	0.05106647820458535	13056.0	PORTABLE_USER_ROOT/spectralMol/guacamol_frequency_ablation_merged_20260824_150715/random-matrix/seed_2/task_14_Amlodipine_MPO/compare_GuacaMol_20260824_154732/runs/spectralmol/seed_2/case_GuacaMol_20260824_154733/benchmark_runs/2026_08_24_evolution_ga_benchmark_15_47_35/2026_08_24_evolution_ga_Amlodipine_MPO/scores.csv	PORTABLE_OUTPUT_ROOT/guacamol_frequency_ablation_merged_20260824_150715/random-matrix/seed_2/task_14_Amlodipine_MPO/compare_GuacaMol_20260824_154732
random-matrix	2	15	Sitagliptin_MPO	0.4875701286609686	0.010932599005249444	13056.0	PORTABLE_USER_ROOT/spectralMol/guacamol_frequency_ablation_merged_20260824_150715/random-matrix/seed_2/task_15_Sitagliptin_MPO/compare_GuacaMol_20260824_154742/runs/spectralmol/seed_2/case_GuacaMol_20260824_154743/benchmark_runs/2026_08_24_evolution_ga_benchmark_15_47_45/2026_08_24_evolution_ga_Sitagliptin_MPO/scores.csv	PORTABLE_OUTPUT_ROOT/guacamol_frequency_ablation_merged_20260824_150715/random-matrix/seed_2/task_15_Sitagliptin_MPO/compare_GuacaMol_20260824_154742
random-matrix	2	16	Zaleplon_MPO	0.6922744859613804	0.012159597494827848	13056.0	PORTABLE_USER_ROOT/spectralMol/guacamol_frequency_ablation_merged_20260824_150715/random-matrix/seed_2/task_16_Zaleplon_MPO/compare_GuacaMol_20260824_154750/runs/spectralmol/seed_2/case_GuacaMol_20260824_154752/benchmark_runs/2026_08_24_evolution_ga_benchmark_15_48_04/2026_08_24_evolution_ga_Zaleplon_MPO/scores.csv	PORTABLE_OUTPUT_ROOT/guacamol_frequency_ablation_merged_20260824_150715/random-matrix/seed_2/task_16_Zaleplon_MPO/compare_GuacaMol_20260824_154750
random-matrix	2	17	Valsartan_smarts	0.0275364183180079	8.871187896681922e-05	13056.0	PORTABLE_USER_ROOT/spectralMol/guacamol_frequency_ablation_merged_20260824_150715/random-matrix/seed_2/task_17_Valsartan_smarts/compare_GuacaMol_20260824_154747/runs/spectralmol/seed_2/case_GuacaMol_20260824_154747/benchmark_runs/2026_08_24_evolution_ga_benchmark_15_47_50/2026_08_24_evolution_ga_Valsartan_smarts/scores.csv	PORTABLE_OUTPUT_ROOT/guacamol_frequency_ablation_merged_20260824_150715/random-matrix/seed_2/task_17_Valsartan_smarts/compare_GuacaMol_20260824_154747
random-matrix	2	18	Deco_hop	0.59375025	0.4969608332100706	13056.0	PORTABLE_USER_ROOT/spectralMol/guacamol_frequency_ablation_merged_20260824_150715/random-matrix/seed_2/task_18_Deco_hop/compare_GuacaMol_20260824_154747/runs/spectralmol/seed_2/case_GuacaMol_20260824_154748/benchmark_runs/2026_08_24_evolution_ga_benchmark_15_47_50/2026_08_24_evolution_ga_Deco_hop/scores.csv	PORTABLE_OUTPUT_ROOT/guacamol_frequency_ablation_merged_20260824_150715/random-matrix/seed_2/task_18_Deco_hop/compare_GuacaMol_20260824_154747
random-matrix	2	19	Scaffold_hop	0.666667	0.3452864587166992	13056.0	PORTABLE_USER_ROOT/spectralMol/guacamol_frequency_ablation_merged_20260824_150715/random-matrix/seed_2/task_19_Scaffold_hop/compare_GuacaMol_20260824_154747/runs/spectralmol/seed_2/case_GuacaMol_20260824_154748/benchmark_runs/2026_08_24_evolution_ga_benchmark_15_47_50/2026_08_24_evolution_ga_Scaffold_hop/scores.csv	PORTABLE_OUTPUT_ROOT/guacamol_frequency_ablation_merged_20260824_150715/random-matrix/seed_2/task_19_Scaffold_hop/compare_GuacaMol_20260824_154747
random-matrix	2	1	Troglitazone_rediscovery	1.0	0.10781148332246898	13056.0	PORTABLE_USER_ROOT/spectralMol/guacamol_frequency_ablation_merged_20260824_150715/random-matrix/seed_2/task_1_Troglitazone_rediscovery/compare_GuacaMol_20260824_154611/runs/spectralmol/seed_2/case_GuacaMol_20260824_154613/benchmark_runs/2026_08_24_evolution_ga_benchmark_15_46_24/2026_08_24_evolution_ga_Troglitazone_rediscovery/scores.csv	PORTABLE_OUTPUT_ROOT/guacamol_frequency_ablation_merged_20260824_150715/random-matrix/seed_2/task_1_Troglitazone_rediscovery/compare_GuacaMol_20260824_154611
random-matrix	2	2	Thiothixene_rediscovery	1.0	0.08825910174110527	13056.0	PORTABLE_USER_ROOT/spectralMol/guacamol_frequency_ablation_merged_20260824_150715/random-matrix/seed_2/task_2_Thiothixene_rediscovery/compare_GuacaMol_20260824_154608/runs/spectralmol/seed_2/case_GuacaMol_20260824_154608/benchmark_runs/2026_08_24_evolution_ga_benchmark_15_46_11/2026_08_24_evolution_ga_Thiothixene_rediscovery/scores.csv	PORTABLE_OUTPUT_ROOT/guacamol_frequency_ablation_merged_20260824_150715/random-matrix/seed_2/task_2_Thiothixene_rediscovery/compare_GuacaMol_20260824_154608
random-matrix	2	3	Aripiprazole_similarity	1.0	0.10301187507229041	13056.0	PORTABLE_USER_ROOT/spectralMol/guacamol_frequency_ablation_merged_20260824_150715/random-matrix/seed_2/task_3_Aripiprazole_similarity/compare_GuacaMol_20260824_154613/runs/spectralmol/seed_2/case_GuacaMol_20260824_154615/benchmark_runs/2026_08_24_evolution_ga_benchmark_15_46_26/2026_08_24_evolution_ga_Aripiprazole_similarity/scores.csv	PORTABLE_OUTPUT_ROOT/guacamol_frequency_ablation_merged_20260824_150715/random-matrix/seed_2/task_3_Aripiprazole_similarity/compare_GuacaMol_20260824_154613
random-matrix	2	4	Albuterol_similarity	0.4615384615384615	0.15983602391361984	13056.0	PORTABLE_USER_ROOT/spectralMol/guacamol_frequency_ablation_merged_20260824_150715/random-matrix/seed_2/task_4_Albuterol_similarity/compare_GuacaMol_20260824_154617/runs/spectralmol/seed_2/case_GuacaMol_20260824_154619/benchmark_runs/2026_08_24_evolution_ga_benchmark_15_46_30/2026_08_24_evolution_ga_Albuterol_similarity/scores.csv	PORTABLE_OUTPUT_ROOT/guacamol_frequency_ablation_merged_20260824_150715/random-matrix/seed_2/task_4_Albuterol_similarity/compare_GuacaMol_20260824_154617
random-matrix	2	5	Mestranol_similarity	1.0	0.08991934078834046	13056.0	PORTABLE_USER_ROOT/spectralMol/guacamol_frequency_ablation_merged_20260824_150715/random-matrix/seed_2/task_5_Mestranol_similarity/compare_GuacaMol_20260824_154612/runs/spectralmol/seed_2/case_GuacaMol_20260824_154613/benchmark_runs/2026_08_24_evolution_ga_benchmark_15_46_19/2026_08_24_evolution_ga_Mestranol_similarity/scores.csv	PORTABLE_OUTPUT_ROOT/guacamol_frequency_ablation_merged_20260824_150715/random-matrix/seed_2/task_5_Mestranol_similarity/compare_GuacaMol_20260824_154612
random-matrix	2	6	C11H24	1.0	0.04093656972611729	13056.0	PORTABLE_USER_ROOT/spectralMol/guacamol_frequency_ablation_merged_20260824_150715/random-matrix/seed_2/task_6_C11H24/compare_GuacaMol_20260824_154619/runs/spectralmol/seed_2/case_GuacaMol_20260824_154621/benchmark_runs/2026_08_24_evolution_ga_benchmark_15_46_33/2026_08_24_evolution_ga_C11H24/scores.csv	PORTABLE_OUTPUT_ROOT/guacamol_frequency_ablation_merged_20260824_150715/random-matrix/seed_2/task_6_C11H24/compare_GuacaMol_20260824_154619
random-matrix	2	7	C9H10N2O2PF2Cl	0.7316156289466418	0.0679269202870893	13056.0	PORTABLE_USER_ROOT/spectralMol/guacamol_frequency_ablation_merged_20260824_150715/random-matrix/seed_2/task_7_C9H10N2O2PF2Cl/compare_GuacaMol_20260824_154617/runs/spectralmol/seed_2/case_GuacaMol_20260824_154617/benchmark_runs/2026_08_24_evolution_ga_benchmark_15_46_20/2026_08_24_evolution_ga_C9H10N2O2PF2Cl/scores.csv	PORTABLE_OUTPUT_ROOT/guacamol_frequency_ablation_merged_20260824_150715/random-matrix/seed_2/task_7_C9H10N2O2PF2Cl/compare_GuacaMol_20260824_154617
random-matrix	2	8	Median_molecules_1	0.3999999999999999	0.09088790560812825	13056.0	PORTABLE_USER_ROOT/spectralMol/guacamol_frequency_ablation_merged_20260824_150715/random-matrix/seed_2/task_8_Median_molecules_1/compare_GuacaMol_20260824_154625/runs/spectralmol/seed_2/case_GuacaMol_20260824_154627/benchmark_runs/2026_08_24_evolution_ga_benchmark_15_46_38/2026_08_24_evolution_ga_Median_molecules_1/scores.csv	PORTABLE_OUTPUT_ROOT/guacamol_frequency_ablation_merged_20260824_150715/random-matrix/seed_2/task_8_Median_molecules_1/compare_GuacaMol_20260824_154625
random-matrix	2	9	Median_molecules_2	0.3623715376697393	0.031240536005771345	13056.0	PORTABLE_USER_ROOT/spectralMol/guacamol_frequency_ablation_merged_20260824_150715/random-matrix/seed_2/task_9_Median_molecules_2/compare_GuacaMol_20260824_154626/runs/spectralmol/seed_2/case_GuacaMol_20260824_154628/benchmark_runs/2026_08_24_evolution_ga_benchmark_15_46_40/2026_08_24_evolution_ga_Median_molecules_2/scores.csv	PORTABLE_OUTPUT_ROOT/guacamol_frequency_ablation_merged_20260824_150715/random-matrix/seed_2/task_9_Median_molecules_2/compare_GuacaMol_20260824_154626
random-matrix	3	0	Celecoxib_rediscovery	1.0	0.05910680773586217	13056.0	PORTABLE_USER_ROOT/spectralMol/guacamol_frequency_ablation_merged_20260824_150715/random-matrix/seed_3/task_0_Celecoxib_rediscovery/compare_GuacaMol_20260824_154756/runs/spectralmol/seed_3/case_GuacaMol_20260824_154758/benchmark_runs/2026_08_24_evolution_ga_benchmark_15_48_10/2026_08_24_evolution_ga_Celecoxib_rediscovery/scores.csv	PORTABLE_OUTPUT_ROOT/guacamol_frequency_ablation_merged_20260824_150715/random-matrix/seed_3/task_0_Celecoxib_rediscovery/compare_GuacaMol_20260824_154756
random-matrix	3	10	Osimertinib_MPO	0.920268999192657	0.04872067363995727	13056.0	PORTABLE_USER_ROOT/spectralMol/guacamol_frequency_ablation_merged_20260824_150715/random-matrix/seed_3/task_10_Osimertinib_MPO/compare_GuacaMol_20260824_154837/runs/spectralmol/seed_3/case_GuacaMol_20260824_154839/benchmark_runs/2026_08_24_evolution_ga_benchmark_15_48_50/2026_08_24_evolution_ga_Osimertinib_MPO/scores.csv	PORTABLE_OUTPUT_ROOT/guacamol_frequency_ablation_merged_20260824_150715/random-matrix/seed_3/task_10_Osimertinib_MPO/compare_GuacaMol_20260824_154837
random-matrix	3	11	Fexofenadine_MPO	1.0	0.08317282070687193	13056.0	PORTABLE_USER_ROOT/spectralMol/guacamol_frequency_ablation_merged_20260824_150715/random-matrix/seed_3/task_11_Fexofenadine_MPO/compare_GuacaMol_20260824_154837/runs/spectralmol/seed_3/case_GuacaMol_20260824_154839/benchmark_runs/2026_08_24_evolution_ga_benchmark_15_48_50/2026_08_24_evolution_ga_Fexofenadine_MPO/scores.csv	PORTABLE_OUTPUT_ROOT/guacamol_frequency_ablation_merged_20260824_150715/random-matrix/seed_3/task_11_Fexofenadine_MPO/compare_GuacaMol_20260824_154837
random-matrix	3	12	Ranolazine_MPO	0.5979197019636554	0.006583992971184778	13056.0	PORTABLE_USER_ROOT/spectralMol/guacamol_frequency_ablation_merged_20260824_150715/random-matrix/seed_3/task_12_Ranolazine_MPO/compare_GuacaMol_20260824_154845/runs/spectralmol/seed_3/case_GuacaMol_20260824_154847/benchmark_runs/2026_08_24_evolution_ga_benchmark_15_48_59/2026_08_24_evolution_ga_Ranolazine_MPO/scores.csv	PORTABLE_OUTPUT_ROOT/guacamol_frequency_ablation_merged_20260824_150715/random-matrix/seed_3/task_12_Ranolazine_MPO/compare_GuacaMol_20260824_154845
random-matrix	3	13	Perindopril_MPO	0.4703604341917986	0.009061609712306282	13056.0	PORTABLE_USER_ROOT/spectralMol/guacamol_frequency_ablation_merged_20260824_150715/random-matrix/seed_3/task_13_Perindopril_MPO/compare_GuacaMol_20260824_154852/runs/spectralmol/seed_3/case_GuacaMol_20260824_154854/benchmark_runs/2026_08_24_evolution_ga_benchmark_15_49_05/2026_08_24_evolution_ga_Perindopril_MPO/scores.csv	PORTABLE_OUTPUT_ROOT/guacamol_frequency_ablation_merged_20260824_150715/random-matrix/seed_3/task_13_Perindopril_MPO/compare_GuacaMol_20260824_154852
random-matrix	3	14	Amlodipine_MPO	0.8907739673281686	0.05983694568695998	13056.0	PORTABLE_USER_ROOT/spectralMol/guacamol_frequency_ablation_merged_20260824_150715/random-matrix/seed_3/task_14_Amlodipine_MPO/compare_GuacaMol_20260824_154855/runs/spectralmol/seed_3/case_GuacaMol_20260824_154858/benchmark_runs/2026_08_24_evolution_ga_benchmark_15_49_13/2026_08_24_evolution_ga_Amlodipine_MPO/scores.csv	PORTABLE_OUTPUT_ROOT/guacamol_frequency_ablation_merged_20260824_150715/random-matrix/seed_3/task_14_Amlodipine_MPO/compare_GuacaMol_20260824_154855
random-matrix	3	15	Sitagliptin_MPO	0.3722893844382433	0.0023629285554853333	13056.0	PORTABLE_USER_ROOT/spectralMol/guacamol_frequency_ablation_merged_20260824_150715/random-matrix/seed_3/task_15_Sitagliptin_MPO/compare_GuacaMol_20260824_154907/runs/spectralmol/seed_3/case_GuacaMol_20260824_154908/benchmark_runs/2026_08_24_evolution_ga_benchmark_15_49_10/2026_08_24_evolution_ga_Sitagliptin_MPO/scores.csv	PORTABLE_OUTPUT_ROOT/guacamol_frequency_ablation_merged_20260824_150715/random-matrix/seed_3/task_15_Sitagliptin_MPO/compare_GuacaMol_20260824_154907
random-matrix	3	16	Zaleplon_MPO	0.6931798574953553	0.007788190576441743	13056.0	PORTABLE_USER_ROOT/spectralMol/guacamol_frequency_ablation_merged_20260824_150715/random-matrix/seed_3/task_16_Zaleplon_MPO/compare_GuacaMol_20260824_154915/runs/spectralmol/seed_3/case_GuacaMol_20260824_154917/benchmark_runs/2026_08_24_evolution_ga_benchmark_15_49_27/2026_08_24_evolution_ga_Zaleplon_MPO/scores.csv	PORTABLE_OUTPUT_ROOT/guacamol_frequency_ablation_merged_20260824_150715/random-matrix/seed_3/task_16_Zaleplon_MPO/compare_GuacaMol_20260824_154915
random-matrix	3	17	Valsartan_smarts	0.0254170736932165	2.7742978762525715e-05	13056.0	PORTABLE_USER_ROOT/spectralMol/guacamol_frequency_ablation_merged_20260824_150715/random-matrix/seed_3/task_17_Valsartan_smarts/compare_GuacaMol_20260824_154915/runs/spectralmol/seed_3/case_GuacaMol_20260824_154917/benchmark_runs/2026_08_24_evolution_ga_benchmark_15_49_27/2026_08_24_evolution_ga_Valsartan_smarts/scores.csv	PORTABLE_OUTPUT_ROOT/guacamol_frequency_ablation_merged_20260824_150715/random-matrix/seed_3/task_17_Valsartan_smarts/compare_GuacaMol_20260824_154915
random-matrix	3	18	Deco_hop	0.5931828467797191	0.49604271954523343	13056.0	PORTABLE_USER_ROOT/spectralMol/guacamol_frequency_ablation_merged_20260824_150715/random-matrix/seed_3/task_18_Deco_hop/compare_GuacaMol_20260824_154921/runs/spectralmol/seed_3/case_GuacaMol_20260824_154923/benchmark_runs/2026_08_24_evolution_ga_benchmark_15_49_36/2026_08_24_evolution_ga_Deco_hop/scores.csv	PORTABLE_OUTPUT_ROOT/guacamol_frequency_ablation_merged_20260824_150715/random-matrix/seed_3/task_18_Deco_hop/compare_GuacaMol_20260824_154921
random-matrix	3	19	Scaffold_hop	0.666667	0.34765229697725275	13056.0	PORTABLE_USER_ROOT/spectralMol/guacamol_frequency_ablation_merged_20260824_150715/random-matrix/seed_3/task_19_Scaffold_hop/compare_GuacaMol_20260824_154916/runs/spectralmol/seed_3/case_GuacaMol_20260824_154917/benchmark_runs/2026_08_24_evolution_ga_benchmark_15_49_20/2026_08_24_evolution_ga_Scaffold_hop/scores.csv	PORTABLE_OUTPUT_ROOT/guacamol_frequency_ablation_merged_20260824_150715/random-matrix/seed_3/task_19_Scaffold_hop/compare_GuacaMol_20260824_154916
random-matrix	3	1	Troglitazone_rediscovery	1.0	0.06123065654169621	13056.0	PORTABLE_USER_ROOT/spectralMol/guacamol_frequency_ablation_merged_20260824_150715/random-matrix/seed_3/task_1_Troglitazone_rediscovery/compare_GuacaMol_20260824_154756/runs/spectralmol/seed_3/case_GuacaMol_20260824_154758/benchmark_runs/2026_08_24_evolution_ga_benchmark_15_48_10/2026_08_24_evolution_ga_Troglitazone_rediscovery/scores.csv	PORTABLE_OUTPUT_ROOT/guacamol_frequency_ablation_merged_20260824_150715/random-matrix/seed_3/task_1_Troglitazone_rediscovery/compare_GuacaMol_20260824_154756
random-matrix	3	2	Thiothixene_rediscovery	1.0	0.07274288912411757	13056.0	PORTABLE_USER_ROOT/spectralMol/guacamol_frequency_ablation_merged_20260824_150715/random-matrix/seed_3/task_2_Thiothixene_rediscovery/compare_GuacaMol_20260824_154754/runs/spectralmol/seed_3/case_GuacaMol_20260824_154755/benchmark_runs/2026_08_24_evolution_ga_benchmark_15_47_58/2026_08_24_evolution_ga_Thiothixene_rediscovery/scores.csv	PORTABLE_OUTPUT_ROOT/guacamol_frequency_ablation_merged_20260824_150715/random-matrix/seed_3/task_2_Thiothixene_rediscovery/compare_GuacaMol_20260824_154754
random-matrix	3	3	Aripiprazole_similarity	1.0	0.09196122199193166	13056.0	PORTABLE_USER_ROOT/spectralMol/guacamol_frequency_ablation_merged_20260824_150715/random-matrix/seed_3/task_3_Aripiprazole_similarity/compare_GuacaMol_20260824_154759/runs/spectralmol/seed_3/case_GuacaMol_20260824_154800/benchmark_runs/2026_08_24_evolution_ga_benchmark_15_48_03/2026_08_24_evolution_ga_Aripiprazole_similarity/scores.csv	PORTABLE_OUTPUT_ROOT/guacamol_frequency_ablation_merged_20260824_150715/random-matrix/seed_3/task_3_Aripiprazole_similarity/compare_GuacaMol_20260824_154759
random-matrix	3	4	Albuterol_similarity	0.5217391304347826	0.17357576006819123	13056.0	PORTABLE_USER_ROOT/spectralMol/guacamol_frequency_ablation_merged_20260824_150715/random-matrix/seed_3/task_4_Albuterol_similarity/compare_GuacaMol_20260824_154803/runs/spectralmol/seed_3/case_GuacaMol_20260824_154804/benchmark_runs/2026_08_24_evolution_ga_benchmark_15_48_10/2026_08_24_evolution_ga_Albuterol_similarity/scores.csv	PORTABLE_OUTPUT_ROOT/guacamol_frequency_ablation_merged_20260824_150715/random-matrix/seed_3/task_4_Albuterol_similarity/compare_GuacaMol_20260824_154803
random-matrix	3	5	Mestranol_similarity	1.0	0.1462387651159343	13056.0	PORTABLE_USER_ROOT/spectralMol/guacamol_frequency_ablation_merged_20260824_150715/random-matrix/seed_3/task_5_Mestranol_similarity/compare_GuacaMol_20260824_154810/runs/spectralmol/seed_3/case_GuacaMol_20260824_154812/benchmark_runs/2026_08_24_evolution_ga_benchmark_15_48_24/2026_08_24_evolution_ga_Mestranol_similarity/scores.csv	PORTABLE_OUTPUT_ROOT/guacamol_frequency_ablation_merged_20260824_150715/random-matrix/seed_3/task_5_Mestranol_similarity/compare_GuacaMol_20260824_154810
random-matrix	3	6	C11H24	1.0	0.02409829792954114	13056.0	PORTABLE_USER_ROOT/spectralMol/guacamol_frequency_ablation_merged_20260824_150715/random-matrix/seed_3/task_6_C11H24/compare_GuacaMol_20260824_154823/runs/spectralmol/seed_3/case_GuacaMol_20260824_154824/benchmark_runs/2026_08_24_evolution_ga_benchmark_15_48_27/2026_08_24_evolution_ga_C11H24/scores.csv	PORTABLE_OUTPUT_ROOT/guacamol_frequency_ablation_merged_20260824_150715/random-matrix/seed_3/task_6_C11H24/compare_GuacaMol_20260824_154823
random-matrix	3	7	C9H10N2O2PF2Cl	0.8348063012807894	0.24436525747240567	13056.0	PORTABLE_USER_ROOT/spectralMol/guacamol_frequency_ablation_merged_20260824_150715/random-matrix/seed_3/task_7_C9H10N2O2PF2Cl/compare_GuacaMol_20260824_154831/runs/spectralmol/seed_3/case_GuacaMol_20260824_154835/benchmark_runs/2026_08_24_evolution_ga_benchmark_15_48_52/2026_08_24_evolution_ga_C9H10N2O2PF2Cl/scores.csv	PORTABLE_OUTPUT_ROOT/guacamol_frequency_ablation_merged_20260824_150715/random-matrix/seed_3/task_7_C9H10N2O2PF2Cl/compare_GuacaMol_20260824_154831
random-matrix	3	8	Median_molecules_1	0.3999999999999999	0.06457739918495642	13056.0	PORTABLE_USER_ROOT/spectralMol/guacamol_frequency_ablation_merged_20260824_150715/random-matrix/seed_3/task_8_Median_molecules_1/compare_GuacaMol_20260824_154829/runs/spectralmol/seed_3/case_GuacaMol_20260824_154829/benchmark_runs/2026_08_24_evolution_ga_benchmark_15_48_32/2026_08_24_evolution_ga_Median_molecules_1/scores.csv	PORTABLE_OUTPUT_ROOT/guacamol_frequency_ablation_merged_20260824_150715/random-matrix/seed_3/task_8_Median_molecules_1/compare_GuacaMol_20260824_154829
random-matrix	3	9	Median_molecules_2	0.3623715376697393	0.018850473955107465	13056.0	PORTABLE_USER_ROOT/spectralMol/guacamol_frequency_ablation_merged_20260824_150715/random-matrix/seed_3/task_9_Median_molecules_2/compare_GuacaMol_20260824_154837/runs/spectralmol/seed_3/case_GuacaMol_20260824_154839/benchmark_runs/2026_08_24_evolution_ga_benchmark_15_48_50/2026_08_24_evolution_ga_Median_molecules_2/scores.csv	PORTABLE_OUTPUT_ROOT/guacamol_frequency_ablation_merged_20260824_150715/random-matrix/seed_3/task_9_Median_molecules_2/compare_GuacaMol_20260824_154837
random-matrix	4	0	Celecoxib_rediscovery	1.0	0.0541106169829008	13056.0	PORTABLE_USER_ROOT/spectralMol/guacamol_frequency_ablation_merged_20260824_150715/random-matrix/seed_4/task_0_Celecoxib_rediscovery/compare_GuacaMol_20260824_154919/runs/spectralmol/seed_4/case_GuacaMol_20260824_154922/benchmark_runs/2026_08_24_evolution_ga_benchmark_15_49_33/2026_08_24_evolution_ga_Celecoxib_rediscovery/scores.csv	PORTABLE_OUTPUT_ROOT/guacamol_frequency_ablation_merged_20260824_150715/random-matrix/seed_4/task_0_Celecoxib_rediscovery/compare_GuacaMol_20260824_154919
random-matrix	4	10	Osimertinib_MPO	0.7781581271306612	0.021254473411210367	13056.0	PORTABLE_USER_ROOT/spectralMol/guacamol_frequency_ablation_merged_20260824_150715/random-matrix/seed_4/task_10_Osimertinib_MPO/compare_GuacaMol_20260824_155039/runs/spectralmol/seed_4/case_GuacaMol_20260824_155041/benchmark_runs/2026_08_24_evolution_ga_benchmark_15_50_54/2026_08_24_evolution_ga_Osimertinib_MPO/scores.csv	PORTABLE_OUTPUT_ROOT/guacamol_frequency_ablation_merged_20260824_150715/random-matrix/seed_4/task_10_Osimertinib_MPO/compare_GuacaMol_20260824_155039
random-matrix	4	11	Fexofenadine_MPO	1.0	0.027976339517903695	13056.0	PORTABLE_USER_ROOT/spectralMol/guacamol_frequency_ablation_merged_20260824_150715/random-matrix/seed_4/task_11_Fexofenadine_MPO/compare_GuacaMol_20260824_155038/runs/spectralmol/seed_4/case_GuacaMol_20260824_155038/benchmark_runs/2026_08_24_evolution_ga_benchmark_15_50_41/2026_08_24_evolution_ga_Fexofenadine_MPO/scores.csv	PORTABLE_OUTPUT_ROOT/guacamol_frequency_ablation_merged_20260824_150715/random-matrix/seed_4/task_11_Fexofenadine_MPO/compare_GuacaMol_20260824_155038
random-matrix	4	12	Ranolazine_MPO	0.8081738568561737	0.0641031808790205	13056.0	PORTABLE_USER_ROOT/spectralMol/guacamol_frequency_ablation_merged_20260824_150715/random-matrix/seed_4/task_12_Ranolazine_MPO/compare_GuacaMol_20260824_155039/runs/spectralmol/seed_4/case_GuacaMol_20260824_155040/benchmark_runs/2026_08_24_evolution_ga_benchmark_15_50_42/2026_08_24_evolution_ga_Ranolazine_MPO/scores.csv	PORTABLE_OUTPUT_ROOT/guacamol_frequency_ablation_merged_20260824_150715/random-matrix/seed_4/task_12_Ranolazine_MPO/compare_GuacaMol_20260824_155039
random-matrix	4	13	Perindopril_MPO	0.4388537257362555	0.007399267421539099	13056.0	PORTABLE_USER_ROOT/spectralMol/guacamol_frequency_ablation_merged_20260824_150715/random-matrix/seed_4/task_13_Perindopril_MPO/compare_GuacaMol_20260824_155044/runs/spectralmol/seed_4/case_GuacaMol_20260824_155046/benchmark_runs/2026_08_24_evolution_ga_benchmark_15_50_58/2026_08_24_evolution_ga_Perindopril_MPO/scores.csv	PORTABLE_OUTPUT_ROOT/guacamol_frequency_ablation_merged_20260824_150715/random-matrix/seed_4/task_13_Perindopril_MPO/compare_GuacaMol_20260824_155044
random-matrix	4	14	Amlodipine_MPO	0.9045340337332908	0.030501182715106188	13056.0	PORTABLE_USER_ROOT/spectralMol/guacamol_frequency_ablation_merged_20260824_150715/random-matrix/seed_4/task_14_Amlodipine_MPO/compare_GuacaMol_20260824_155058/runs/spectralmol/seed_4/case_GuacaMol_20260824_155101/benchmark_runs/2026_08_24_evolution_ga_benchmark_15_51_14/2026_08_24_evolution_ga_Amlodipine_MPO/scores.csv	PORTABLE_OUTPUT_ROOT/guacamol_frequency_ablation_merged_20260824_150715/random-matrix/seed_4/task_14_Amlodipine_MPO/compare_GuacaMol_20260824_155058
random-matrix	4	15	Sitagliptin_MPO	0.3210228953303072	0.0006132394826665327	13056.0	PORTABLE_USER_ROOT/spectralMol/guacamol_frequency_ablation_merged_20260824_150715/random-matrix/seed_4/task_15_Sitagliptin_MPO/compare_GuacaMol_20260824_155054/runs/spectralmol/seed_4/case_GuacaMol_20260824_155054/benchmark_runs/2026_08_24_evolution_ga_benchmark_15_50_57/2026_08_24_evolution_ga_Sitagliptin_MPO/scores.csv	PORTABLE_OUTPUT_ROOT/guacamol_frequency_ablation_merged_20260824_150715/random-matrix/seed_4/task_15_Sitagliptin_MPO/compare_GuacaMol_20260824_155054
random-matrix	4	16	Zaleplon_MPO	0.6787165809453172	0.013428659948593605	13056.0	PORTABLE_USER_ROOT/spectralMol/guacamol_frequency_ablation_merged_20260824_150715/random-matrix/seed_4/task_16_Zaleplon_MPO/compare_GuacaMol_20260824_155101/runs/spectralmol/seed_4/case_GuacaMol_20260824_155102/benchmark_runs/2026_08_24_evolution_ga_benchmark_15_51_04/2026_08_24_evolution_ga_Zaleplon_MPO/scores.csv	PORTABLE_OUTPUT_ROOT/guacamol_frequency_ablation_merged_20260824_150715/random-matrix/seed_4/task_16_Zaleplon_MPO/compare_GuacaMol_20260824_155101
random-matrix	4	17	Valsartan_smarts	0.0293717370214787	3.1579966968347845e-05	13056.0	PORTABLE_USER_ROOT/spectralMol/guacamol_frequency_ablation_merged_20260824_150715/random-matrix/seed_4/task_17_Valsartan_smarts/compare_GuacaMol_20260824_155109/runs/spectralmol/seed_4/case_GuacaMol_20260824_155110/benchmark_runs/2026_08_24_evolution_ga_benchmark_15_51_12/2026_08_24_evolution_ga_Valsartan_smarts/scores.csv	PORTABLE_OUTPUT_ROOT/guacamol_frequency_ablation_merged_20260824_150715/random-matrix/seed_4/task_17_Valsartan_smarts/compare_GuacaMol_20260824_155109
random-matrix	4	18	Deco_hop	0.6052441077191053	0.47500092900116947	13056.0	PORTABLE_USER_ROOT/spectralMol/guacamol_frequency_ablation_merged_20260824_150715/random-matrix/seed_4/task_18_Deco_hop/compare_GuacaMol_20260824_155120/runs/spectralmol/seed_4/case_GuacaMol_20260824_155122/benchmark_runs/2026_08_24_evolution_ga_benchmark_15_51_33/2026_08_24_evolution_ga_Deco_hop/scores.csv	PORTABLE_OUTPUT_ROOT/guacamol_frequency_ablation_merged_20260824_150715/random-matrix/seed_4/task_18_Deco_hop/compare_GuacaMol_20260824_155120
random-matrix	4	19	Scaffold_hop	0.666667	0.34283863757394867	13056.0	PORTABLE_USER_ROOT/spectralMol/guacamol_frequency_ablation_merged_20260824_150715/random-matrix/seed_4/task_19_Scaffold_hop/compare_GuacaMol_20260824_155120/runs/spectralmol/seed_4/case_GuacaMol_20260824_155122/benchmark_runs/2026_08_24_evolution_ga_benchmark_15_51_34/2026_08_24_evolution_ga_Scaffold_hop/scores.csv	PORTABLE_OUTPUT_ROOT/guacamol_frequency_ablation_merged_20260824_150715/random-matrix/seed_4/task_19_Scaffold_hop/compare_GuacaMol_20260824_155120
random-matrix	4	1	Troglitazone_rediscovery	1.0	0.06927930971003032	13056.0	PORTABLE_USER_ROOT/spectralMol/guacamol_frequency_ablation_merged_20260824_150715/random-matrix/seed_4/task_1_Troglitazone_rediscovery/compare_GuacaMol_20260824_154917/runs/spectralmol/seed_4/case_GuacaMol_20260824_154917/benchmark_runs/2026_08_24_evolution_ga_benchmark_15_49_20/2026_08_24_evolution_ga_Troglitazone_rediscovery/scores.csv	PORTABLE_OUTPUT_ROOT/guacamol_frequency_ablation_merged_20260824_150715/random-matrix/seed_4/task_1_Troglitazone_rediscovery/compare_GuacaMol_20260824_154917
random-matrix	4	2	Thiothixene_rediscovery	1.0	0.10477257706341317	13056.0	PORTABLE_USER_ROOT/spectralMol/guacamol_frequency_ablation_merged_20260824_150715/random-matrix/seed_4/task_2_Thiothixene_rediscovery/compare_GuacaMol_20260824_154922/runs/spectralmol/seed_4/case_GuacaMol_20260824_154924/benchmark_runs/2026_08_24_evolution_ga_benchmark_15_49_34/2026_08_24_evolution_ga_Thiothixene_rediscovery/scores.csv	PORTABLE_OUTPUT_ROOT/guacamol_frequency_ablation_merged_20260824_150715/random-matrix/seed_4/task_2_Thiothixene_rediscovery/compare_GuacaMol_20260824_154922
random-matrix	4	3	Aripiprazole_similarity	1.0	0.11382081557190869	13056.0	PORTABLE_USER_ROOT/spectralMol/guacamol_frequency_ablation_merged_20260824_150715/random-matrix/seed_4/task_3_Aripiprazole_similarity/compare_GuacaMol_20260824_154930/runs/spectralmol/seed_4/case_GuacaMol_20260824_154931/benchmark_runs/2026_08_24_evolution_ga_benchmark_15_49_33/2026_08_24_evolution_ga_Aripiprazole_similarity/scores.csv	PORTABLE_OUTPUT_ROOT/guacamol_frequency_ablation_merged_20260824_150715/random-matrix/seed_4/task_3_Aripiprazole_similarity/compare_GuacaMol_20260824_154930
random-matrix	4	4	Albuterol_similarity	0.5245901639344263	0.18179539002831008	13056.0	PORTABLE_USER_ROOT/spectralMol/guacamol_frequency_ablation_merged_20260824_150715/random-matrix/seed_4/task_4_Albuterol_similarity/compare_GuacaMol_20260824_154935/runs/spectralmol/seed_4/case_GuacaMol_20260824_154937/benchmark_runs/2026_08_24_evolution_ga_benchmark_15_49_48/2026_08_24_evolution_ga_Albuterol_similarity/scores.csv	PORTABLE_OUTPUT_ROOT/guacamol_frequency_ablation_merged_20260824_150715/random-matrix/seed_4/task_4_Albuterol_similarity/compare_GuacaMol_20260824_154935
random-matrix	4	5	Mestranol_similarity	1.0	0.0850029467061762	13056.0	PORTABLE_USER_ROOT/spectralMol/guacamol_frequency_ablation_merged_20260824_150715/random-matrix/seed_4/task_5_Mestranol_similarity/compare_GuacaMol_20260824_154945/runs/spectralmol/seed_4/case_GuacaMol_20260824_154947/benchmark_runs/2026_08_24_evolution_ga_benchmark_15_49_59/2026_08_24_evolution_ga_Mestranol_similarity/scores.csv	PORTABLE_OUTPUT_ROOT/guacamol_frequency_ablation_merged_20260824_150715/random-matrix/seed_4/task_5_Mestranol_similarity/compare_GuacaMol_20260824_154945
random-matrix	4	6	C11H24	1.0	0.03045503958196739	13056.0	PORTABLE_USER_ROOT/spectralMol/guacamol_frequency_ablation_merged_20260824_150715/random-matrix/seed_4/task_6_C11H24/compare_GuacaMol_20260824_154952/runs/spectralmol/seed_4/case_GuacaMol_20260824_154954/benchmark_runs/2026_08_24_evolution_ga_benchmark_15_50_07/2026_08_24_evolution_ga_C11H24/scores.csv	PORTABLE_OUTPUT_ROOT/guacamol_frequency_ablation_merged_20260824_150715/random-matrix/seed_4/task_6_C11H24/compare_GuacaMol_20260824_154952
random-matrix	4	7	C9H10N2O2PF2Cl	0.7202729799554398	0.06669243710617308	13056.0	PORTABLE_USER_ROOT/spectralMol/guacamol_frequency_ablation_merged_20260824_150715/random-matrix/seed_4/task_7_C9H10N2O2PF2Cl/compare_GuacaMol_20260824_154956/runs/spectralmol/seed_4/case_GuacaMol_20260824_154959/benchmark_runs/2026_08_24_evolution_ga_benchmark_15_50_11/2026_08_24_evolution_ga_C9H10N2O2PF2Cl/scores.csv	PORTABLE_OUTPUT_ROOT/guacamol_frequency_ablation_merged_20260824_150715/random-matrix/seed_4/task_7_C9H10N2O2PF2Cl/compare_GuacaMol_20260824_154956
random-matrix	4	8	Median_molecules_1	0.4067796610169492	0.06506983368591497	13056.0	PORTABLE_USER_ROOT/spectralMol/guacamol_frequency_ablation_merged_20260824_150715/random-matrix/seed_4/task_8_Median_molecules_1/compare_GuacaMol_20260824_154951/runs/spectralmol/seed_4/case_GuacaMol_20260824_154952/benchmark_runs/2026_08_24_evolution_ga_benchmark_15_49_55/2026_08_24_evolution_ga_Median_molecules_1/scores.csv	PORTABLE_OUTPUT_ROOT/guacamol_frequency_ablation_merged_20260824_150715/random-matrix/seed_4/task_8_Median_molecules_1/compare_GuacaMol_20260824_154951
random-matrix	4	9	Median_molecules_2	0.3623715376697393	0.03259396488122751	13056.0	PORTABLE_USER_ROOT/spectralMol/guacamol_frequency_ablation_merged_20260824_150715/random-matrix/seed_4/task_9_Median_molecules_2/compare_GuacaMol_20260824_154952/runs/spectralmol/seed_4/case_GuacaMol_20260824_154953/benchmark_runs/2026_08_24_evolution_ga_benchmark_15_49_58/2026_08_24_evolution_ga_Median_molecules_2/scores.csv	PORTABLE_OUTPUT_ROOT/guacamol_frequency_ablation_merged_20260824_150715/random-matrix/seed_4/task_9_Median_molecules_2/compare_GuacaMol_20260824_154952
random-matrix	5	0	Celecoxib_rediscovery	1.0	0.08822974314279608	13056.0	PORTABLE_USER_ROOT/spectralMol/guacamol_frequency_ablation_merged_20260824_150715/random-matrix/seed_5/task_0_Celecoxib_rediscovery/compare_GuacaMol_20260824_155124/runs/spectralmol/seed_5/case_GuacaMol_20260824_155126/benchmark_runs/2026_08_24_evolution_ga_benchmark_15_51_38/2026_08_24_evolution_ga_Celecoxib_rediscovery/scores.csv	PORTABLE_OUTPUT_ROOT/guacamol_frequency_ablation_merged_20260824_150715/random-matrix/seed_5/task_0_Celecoxib_rediscovery/compare_GuacaMol_20260824_155124
random-matrix	5	10	Osimertinib_MPO	0.9064794149673948	0.02328709856041198	13056.0	PORTABLE_USER_ROOT/spectralMol/guacamol_frequency_ablation_merged_20260824_150715/random-matrix/seed_5/task_10_Osimertinib_MPO/compare_GuacaMol_20260824_155357/runs/spectralmol/seed_5/case_GuacaMol_20260824_155359/benchmark_runs/2026_08_24_evolution_ga_benchmark_15_54_12/2026_08_24_evolution_ga_Osimertinib_MPO/scores.csv	PORTABLE_OUTPUT_ROOT/guacamol_frequency_ablation_merged_20260824_150715/random-matrix/seed_5/task_10_Osimertinib_MPO/compare_GuacaMol_20260824_155357
random-matrix	5	11	Fexofenadine_MPO	1.0	0.06955906846148179	13056.0	PORTABLE_USER_ROOT/spectralMol/guacamol_frequency_ablation_merged_20260824_150715/random-matrix/seed_5/task_11_Fexofenadine_MPO/compare_GuacaMol_20260824_155356/runs/spectralmol/seed_5/case_GuacaMol_20260824_155358/benchmark_runs/2026_08_24_evolution_ga_benchmark_15_54_08/2026_08_24_evolution_ga_Fexofenadine_MPO/scores.csv	PORTABLE_OUTPUT_ROOT/guacamol_frequency_ablation_merged_20260824_150715/random-matrix/seed_5/task_11_Fexofenadine_MPO/compare_GuacaMol_20260824_155356
random-matrix	5	12	Ranolazine_MPO	0.7374023299594898	0.006471536976782391	13056.0	PORTABLE_USER_ROOT/spectralMol/guacamol_frequency_ablation_merged_20260824_150715/random-matrix/seed_5/task_12_Ranolazine_MPO/compare_GuacaMol_20260824_155356/runs/spectralmol/seed_5/case_GuacaMol_20260824_155358/benchmark_runs/2026_08_24_evolution_ga_benchmark_15_54_08/2026_08_24_evolution_ga_Ranolazine_MPO/scores.csv	PORTABLE_OUTPUT_ROOT/guacamol_frequency_ablation_merged_20260824_150715/random-matrix/seed_5/task_12_Ranolazine_MPO/compare_GuacaMol_20260824_155356
random-matrix	5	13	Perindopril_MPO	0.4518721961743084	0.0140542619108097	13056.0	PORTABLE_USER_ROOT/spectralMol/guacamol_frequency_ablation_merged_20260824_150715/random-matrix/seed_5/task_13_Perindopril_MPO/compare_GuacaMol_20260824_155358/runs/spectralmol/seed_5/case_GuacaMol_20260824_155402/benchmark_runs/2026_08_24_evolution_ga_benchmark_15_54_17/2026_08_24_evolution_ga_Perindopril_MPO/scores.csv	PORTABLE_OUTPUT_ROOT/guacamol_frequency_ablation_merged_20260824_150715/random-matrix/seed_5/task_13_Perindopril_MPO/compare_GuacaMol_20260824_155358
random-matrix	5	14	Amlodipine_MPO	0.9045340337332908	0.021061524061597368	13056.0	PORTABLE_USER_ROOT/spectralMol/guacamol_frequency_ablation_merged_20260824_150715/random-matrix/seed_5/task_14_Amlodipine_MPO/compare_GuacaMol_20260824_155351/runs/spectralmol/seed_5/case_GuacaMol_20260824_155352/benchmark_runs/2026_08_24_evolution_ga_benchmark_15_53_55/2026_08_24_evolution_ga_Amlodipine_MPO/scores.csv	PORTABLE_OUTPUT_ROOT/guacamol_frequency_ablation_merged_20260824_150715/random-matrix/seed_5/task_14_Amlodipine_MPO/compare_GuacaMol_20260824_155351
random-matrix	5	15	Sitagliptin_MPO	0.7734603603461702	0.02514573521698253	13056.0	PORTABLE_USER_ROOT/spectralMol/guacamol_frequency_ablation_merged_20260824_150715/random-matrix/seed_5/task_15_Sitagliptin_MPO/compare_GuacaMol_20260824_155355/runs/spectralmol/seed_5/case_GuacaMol_20260824_155358/benchmark_runs/2026_08_24_evolution_ga_benchmark_15_54_09/2026_08_24_evolution_ga_Sitagliptin_MPO/scores.csv	PORTABLE_OUTPUT_ROOT/guacamol_frequency_ablation_merged_20260824_150715/random-matrix/seed_5/task_15_Sitagliptin_MPO/compare_GuacaMol_20260824_155355
random-matrix	5	16	Zaleplon_MPO	0.6936365736837096	0.005846051853277134	13056.0	PORTABLE_USER_ROOT/spectralMol/guacamol_frequency_ablation_merged_20260824_150715/random-matrix/seed_5/task_16_Zaleplon_MPO/compare_GuacaMol_20260824_155356/runs/spectralmol/seed_5/case_GuacaMol_20260824_155358/benchmark_runs/2026_08_24_evolution_ga_benchmark_15_54_09/2026_08_24_evolution_ga_Zaleplon_MPO/scores.csv	PORTABLE_OUTPUT_ROOT/guacamol_frequency_ablation_merged_20260824_150715/random-matrix/seed_5/task_16_Zaleplon_MPO/compare_GuacaMol_20260824_155356
random-matrix	5	17	Valsartan_smarts	0.0261982728599297	2.4096453134672625e-05	13056.0	PORTABLE_USER_ROOT/spectralMol/guacamol_frequency_ablation_merged_20260824_150715/random-matrix/seed_5/task_17_Valsartan_smarts/compare_GuacaMol_20260824_155356/runs/spectralmol/seed_5/case_GuacaMol_20260824_155358/benchmark_runs/2026_08_24_evolution_ga_benchmark_15_54_09/2026_08_24_evolution_ga_Valsartan_smarts/scores.csv	PORTABLE_OUTPUT_ROOT/guacamol_frequency_ablation_merged_20260824_150715/random-matrix/seed_5/task_17_Valsartan_smarts/compare_GuacaMol_20260824_155356
random-matrix	5	18	Deco_hop	0.5975515928120063	0.4996866270189698	13056.0	PORTABLE_USER_ROOT/spectralMol/guacamol_frequency_ablation_merged_20260824_150715/random-matrix/seed_5/task_18_Deco_hop/compare_GuacaMol_20260824_155356/runs/spectralmol/seed_5/case_GuacaMol_20260824_155358/benchmark_runs/2026_08_24_evolution_ga_benchmark_15_54_09/2026_08_24_evolution_ga_Deco_hop/scores.csv	PORTABLE_OUTPUT_ROOT/guacamol_frequency_ablation_merged_20260824_150715/random-matrix/seed_5/task_18_Deco_hop/compare_GuacaMol_20260824_155356
random-matrix	5	19	Scaffold_hop	0.666667	0.342532230909229	13056.0	PORTABLE_USER_ROOT/spectralMol/guacamol_frequency_ablation_merged_20260824_150715/random-matrix/seed_5/task_19_Scaffold_hop/compare_GuacaMol_20260824_155356/runs/spectralmol/seed_5/case_GuacaMol_20260824_155358/benchmark_runs/2026_08_24_evolution_ga_benchmark_15_54_09/2026_08_24_evolution_ga_Scaffold_hop/scores.csv	PORTABLE_OUTPUT_ROOT/guacamol_frequency_ablation_merged_20260824_150715/random-matrix/seed_5/task_19_Scaffold_hop/compare_GuacaMol_20260824_155356
random-matrix	5	1	Troglitazone_rediscovery	1.0	0.08834567996267145	13056.0	PORTABLE_USER_ROOT/spectralMol/guacamol_frequency_ablation_merged_20260824_150715/random-matrix/seed_5/task_1_Troglitazone_rediscovery/compare_GuacaMol_20260824_155124/runs/spectralmol/seed_5/case_GuacaMol_20260824_155126/benchmark_runs/2026_08_24_evolution_ga_benchmark_15_51_38/2026_08_24_evolution_ga_Troglitazone_rediscovery/scores.csv	PORTABLE_OUTPUT_ROOT/guacamol_frequency_ablation_merged_20260824_150715/random-matrix/seed_5/task_1_Troglitazone_rediscovery/compare_GuacaMol_20260824_155124
random-matrix	5	2	Thiothixene_rediscovery	1.0	0.04935104382598596	13056.0	PORTABLE_USER_ROOT/spectralMol/guacamol_frequency_ablation_merged_20260824_150715/random-matrix/seed_5/task_2_Thiothixene_rediscovery/compare_GuacaMol_20260824_155125/runs/spectralmol/seed_5/case_GuacaMol_20260824_155128/benchmark_runs/2026_08_24_evolution_ga_benchmark_15_51_40/2026_08_24_evolution_ga_Thiothixene_rediscovery/scores.csv	PORTABLE_OUTPUT_ROOT/guacamol_frequency_ablation_merged_20260824_150715/random-matrix/seed_5/task_2_Thiothixene_rediscovery/compare_GuacaMol_20260824_155125
random-matrix	5	3	Aripiprazole_similarity	1.0	0.10037126336927511	13056.0	PORTABLE_USER_ROOT/spectralMol/guacamol_frequency_ablation_merged_20260824_150715/random-matrix/seed_5/task_3_Aripiprazole_similarity/compare_GuacaMol_20260824_155121/runs/spectralmol/seed_5/case_GuacaMol_20260824_155122/benchmark_runs/2026_08_24_evolution_ga_benchmark_15_51_24/2026_08_24_evolution_ga_Aripiprazole_similarity/scores.csv	PORTABLE_OUTPUT_ROOT/guacamol_frequency_ablation_merged_20260824_150715/random-matrix/seed_5/task_3_Aripiprazole_similarity/compare_GuacaMol_20260824_155121
random-matrix	5	4	Albuterol_similarity	0.4931506849315068	0.15521340673435877	13056.0	PORTABLE_USER_ROOT/spectralMol/guacamol_frequency_ablation_merged_20260824_150715/random-matrix/seed_5/task_4_Albuterol_similarity/compare_GuacaMol_20260824_155132/runs/spectralmol/seed_5/case_GuacaMol_20260824_155134/benchmark_runs/2026_08_24_evolution_ga_benchmark_15_51_46/2026_08_24_evolution_ga_Albuterol_similarity/scores.csv	PORTABLE_OUTPUT_ROOT/guacamol_frequency_ablation_merged_20260824_150715/random-matrix/seed_5/task_4_Albuterol_similarity/compare_GuacaMol_20260824_155132
random-matrix	5	5	Mestranol_similarity	1.0	0.10884520281914101	13056.0	PORTABLE_USER_ROOT/spectralMol/guacamol_frequency_ablation_merged_20260824_150715/random-matrix/seed_5/task_5_Mestranol_similarity/compare_GuacaMol_20260824_155136/runs/spectralmol/seed_5/case_GuacaMol_20260824_155138/benchmark_runs/2026_08_24_evolution_ga_benchmark_15_51_50/2026_08_24_evolution_ga_Mestranol_similarity/scores.csv	PORTABLE_OUTPUT_ROOT/guacamol_frequency_ablation_merged_20260824_150715/random-matrix/seed_5/task_5_Mestranol_similarity/compare_GuacaMol_20260824_155136
random-matrix	5	6	C11H24	1.0	0.10720839386398903	13056.0	PORTABLE_USER_ROOT/spectralMol/guacamol_frequency_ablation_merged_20260824_150715/random-matrix/seed_5/task_6_C11H24/compare_GuacaMol_20260824_155134/runs/spectralmol/seed_5/case_GuacaMol_20260824_155135/benchmark_runs/2026_08_24_evolution_ga_benchmark_15_51_37/2026_08_24_evolution_ga_C11H24/scores.csv	PORTABLE_OUTPUT_ROOT/guacamol_frequency_ablation_merged_20260824_150715/random-matrix/seed_5/task_6_C11H24/compare_GuacaMol_20260824_155134
random-matrix	5	7	C9H10N2O2PF2Cl	0.8161762130223398	0.14318335254447345	13056.0	PORTABLE_USER_ROOT/spectralMol/guacamol_frequency_ablation_merged_20260824_150715/random-matrix/seed_5/task_7_C9H10N2O2PF2Cl/compare_GuacaMol_20260824_155140/runs/spectralmol/seed_5/case_GuacaMol_20260824_155142/benchmark_runs/2026_08_24_evolution_ga_benchmark_15_51_54/2026_08_24_evolution_ga_C9H10N2O2PF2Cl/scores.csv	PORTABLE_OUTPUT_ROOT/guacamol_frequency_ablation_merged_20260824_150715/random-matrix/seed_5/task_7_C9H10N2O2PF2Cl/compare_GuacaMol_20260824_155140
random-matrix	5	8	Median_molecules_1	0.3999999999999999	0.0709415873381752	13056.0	PORTABLE_USER_ROOT/spectralMol/guacamol_frequency_ablation_merged_20260824_150715/random-matrix/seed_5/task_8_Median_molecules_1/compare_GuacaMol_20260824_155144/runs/spectralmol/seed_5/case_GuacaMol_20260824_155146/benchmark_runs/2026_08_24_evolution_ga_benchmark_15_51_56/2026_08_24_evolution_ga_Median_molecules_1/scores.csv	PORTABLE_OUTPUT_ROOT/guacamol_frequency_ablation_merged_20260824_150715/random-matrix/seed_5/task_8_Median_molecules_1/compare_GuacaMol_20260824_155144
random-matrix	5	9	Median_molecules_2	0.3623715376697393	0.016506089040565747	13056.0	PORTABLE_USER_ROOT/spectralMol/guacamol_frequency_ablation_merged_20260824_150715/random-matrix/seed_5/task_9_Median_molecules_2/compare_GuacaMol_20260824_155153/runs/spectralmol/seed_5/case_GuacaMol_20260824_155155/benchmark_runs/2026_08_24_evolution_ga_benchmark_15_52_05/2026_08_24_evolution_ga_Median_molecules_2/scores.csv	PORTABLE_OUTPUT_ROOT/guacamol_frequency_ablation_merged_20260824_150715/random-matrix/seed_5/task_9_Median_molecules_2/compare_GuacaMol_20260824_155153
