condition	seed	task_index	task	status	return_code	elapsed_seconds	source
full-spectrum	0	0	Celecoxib_rediscovery	ok	0	655.2560081481934	/ibex/scratch/colleoe/spectralMol/guacamol_frequency_ablation_merged_20260824_150715/full-spectrum/seed_0/task_0_Celecoxib_rediscovery/compare_GuacaMol_20260824_150846/model_runtime.tsv
full-spectrum	0	10	Osimertinib_MPO	ok	0	154.04286932945251	/ibex/scratch/colleoe/spectralMol/guacamol_frequency_ablation_merged_20260824_150715/full-spectrum/seed_0/task_10_Osimertinib_MPO/compare_GuacaMol_20260824_150852/model_runtime.tsv
full-spectrum	0	11	Fexofenadine_MPO	ok	0	234.1285707950592	/ibex/scratch/colleoe/spectralMol/guacamol_frequency_ablation_merged_20260824_150715/full-spectrum/seed_0/task_11_Fexofenadine_MPO/compare_GuacaMol_20260824_150852/model_runtime.tsv
full-spectrum	0	12	Ranolazine_MPO	ok	0	159.96606731414795	/ibex/scratch/colleoe/spectralMol/guacamol_frequency_ablation_merged_20260824_150715/full-spectrum/seed_0/task_12_Ranolazine_MPO/compare_GuacaMol_20260824_150852/model_runtime.tsv
full-spectrum	0	13	Perindopril_MPO	ok	0	255.27022314071655	/ibex/scratch/colleoe/spectralMol/guacamol_frequency_ablation_merged_20260824_150715/full-spectrum/seed_0/task_13_Perindopril_MPO/compare_GuacaMol_20260824_150852/model_runtime.tsv
full-spectrum	0	14	Amlodipine_MPO	ok	0	217.43857645988464	/ibex/scratch/colleoe/spectralMol/guacamol_frequency_ablation_merged_20260824_150715/full-spectrum/seed_0/task_14_Amlodipine_MPO/compare_GuacaMol_20260824_150852/model_runtime.tsv
full-spectrum	0	15	Sitagliptin_MPO	ok	0	209.5288860797882	/ibex/scratch/colleoe/spectralMol/guacamol_frequency_ablation_merged_20260824_150715/full-spectrum/seed_0/task_15_Sitagliptin_MPO/compare_GuacaMol_20260824_150852/model_runtime.tsv
full-spectrum	0	16	Zaleplon_MPO	ok	0	139.46285915374756	/ibex/scratch/colleoe/spectralMol/guacamol_frequency_ablation_merged_20260824_150715/full-spectrum/seed_0/task_16_Zaleplon_MPO/compare_GuacaMol_20260824_150852/model_runtime.tsv
full-spectrum	0	17	Valsartan_smarts	ok	0	172.55719923973083	/ibex/scratch/colleoe/spectralMol/guacamol_frequency_ablation_merged_20260824_150715/full-spectrum/seed_0/task_17_Valsartan_smarts/compare_GuacaMol_20260824_150852/model_runtime.tsv
full-spectrum	0	18	Deco_hop	ok	0	259.07800817489624	/ibex/scratch/colleoe/spectralMol/guacamol_frequency_ablation_merged_20260824_150715/full-spectrum/seed_0/task_18_Deco_hop/compare_GuacaMol_20260824_150855/model_runtime.tsv
full-spectrum	0	19	Scaffold_hop	ok	0	213.9251091480255	/ibex/scratch/colleoe/spectralMol/guacamol_frequency_ablation_merged_20260824_150715/full-spectrum/seed_0/task_19_Scaffold_hop/compare_GuacaMol_20260824_150852/model_runtime.tsv
full-spectrum	0	1	Troglitazone_rediscovery	ok	0	403.68526887893677	/ibex/scratch/colleoe/spectralMol/guacamol_frequency_ablation_merged_20260824_150715/full-spectrum/seed_0/task_1_Troglitazone_rediscovery/compare_GuacaMol_20260824_150845/model_runtime.tsv
full-spectrum	0	2	Thiothixene_rediscovery	ok	0	183.70971989631653	/ibex/scratch/colleoe/spectralMol/guacamol_frequency_ablation_merged_20260824_150715/full-spectrum/seed_0/task_2_Thiothixene_rediscovery/compare_GuacaMol_20260824_150846/model_runtime.tsv
full-spectrum	0	3	Aripiprazole_similarity	ok	0	202.6988821029663	/ibex/scratch/colleoe/spectralMol/guacamol_frequency_ablation_merged_20260824_150715/full-spectrum/seed_0/task_3_Aripiprazole_similarity/compare_GuacaMol_20260824_150846/model_runtime.tsv
full-spectrum	0	4	Albuterol_similarity	ok	0	163.5800895690918	/ibex/scratch/colleoe/spectralMol/guacamol_frequency_ablation_merged_20260824_150715/full-spectrum/seed_0/task_4_Albuterol_similarity/compare_GuacaMol_20260824_150846/model_runtime.tsv
full-spectrum	0	5	Mestranol_similarity	ok	0	175.32138085365295	/ibex/scratch/colleoe/spectralMol/guacamol_frequency_ablation_merged_20260824_150715/full-spectrum/seed_0/task_5_Mestranol_similarity/compare_GuacaMol_20260824_150846/model_runtime.tsv
full-spectrum	0	6	C11H24	ok	0	139.26111793518066	/ibex/scratch/colleoe/spectralMol/guacamol_frequency_ablation_merged_20260824_150715/full-spectrum/seed_0/task_6_C11H24/compare_GuacaMol_20260824_150846/model_runtime.tsv
full-spectrum	0	7	C9H10N2O2PF2Cl	ok	0	130.65580821037292	/ibex/scratch/colleoe/spectralMol/guacamol_frequency_ablation_merged_20260824_150715/full-spectrum/seed_0/task_7_C9H10N2O2PF2Cl/compare_GuacaMol_20260824_150846/model_runtime.tsv
full-spectrum	0	8	Median_molecules_1	ok	0	171.09942984580994	/ibex/scratch/colleoe/spectralMol/guacamol_frequency_ablation_merged_20260824_150715/full-spectrum/seed_0/task_8_Median_molecules_1/compare_GuacaMol_20260824_150846/model_runtime.tsv
full-spectrum	0	9	Median_molecules_2	ok	0	148.72905087471008	/ibex/scratch/colleoe/spectralMol/guacamol_frequency_ablation_merged_20260824_150715/full-spectrum/seed_0/task_9_Median_molecules_2/compare_GuacaMol_20260824_150854/model_runtime.tsv
full-spectrum	1	0	Celecoxib_rediscovery	ok	0	199.89255690574646	/ibex/scratch/colleoe/spectralMol/guacamol_frequency_ablation_merged_20260824_150715/full-spectrum/seed_1/task_0_Celecoxib_rediscovery/compare_GuacaMol_20260824_150852/model_runtime.tsv
full-spectrum	1	10	Osimertinib_MPO	ok	0	166.15271735191345	/ibex/scratch/colleoe/spectralMol/guacamol_frequency_ablation_merged_20260824_150715/full-spectrum/seed_1/task_10_Osimertinib_MPO/compare_GuacaMol_20260824_150852/model_runtime.tsv
full-spectrum	1	11	Fexofenadine_MPO	ok	0	234.261155128479	/ibex/scratch/colleoe/spectralMol/guacamol_frequency_ablation_merged_20260824_150715/full-spectrum/seed_1/task_11_Fexofenadine_MPO/compare_GuacaMol_20260824_150852/model_runtime.tsv
full-spectrum	1	12	Ranolazine_MPO	ok	0	146.20010375976562	/ibex/scratch/colleoe/spectralMol/guacamol_frequency_ablation_merged_20260824_150715/full-spectrum/seed_1/task_12_Ranolazine_MPO/compare_GuacaMol_20260824_150852/model_runtime.tsv
full-spectrum	1	13	Perindopril_MPO	ok	0	252.53963828086853	/ibex/scratch/colleoe/spectralMol/guacamol_frequency_ablation_merged_20260824_150715/full-spectrum/seed_1/task_13_Perindopril_MPO/compare_GuacaMol_20260824_150852/model_runtime.tsv
full-spectrum	1	14	Amlodipine_MPO	ok	0	273.3967673778534	/ibex/scratch/colleoe/spectralMol/guacamol_frequency_ablation_merged_20260824_150715/full-spectrum/seed_1/task_14_Amlodipine_MPO/compare_GuacaMol_20260824_150848/model_runtime.tsv
full-spectrum	1	15	Sitagliptin_MPO	ok	0	301.36018991470337	/ibex/scratch/colleoe/spectralMol/guacamol_frequency_ablation_merged_20260824_150715/full-spectrum/seed_1/task_15_Sitagliptin_MPO/compare_GuacaMol_20260824_150847/model_runtime.tsv
full-spectrum	1	16	Zaleplon_MPO	ok	0	215.28677034378052	/ibex/scratch/colleoe/spectralMol/guacamol_frequency_ablation_merged_20260824_150715/full-spectrum/seed_1/task_16_Zaleplon_MPO/compare_GuacaMol_20260824_150848/model_runtime.tsv
full-spectrum	1	17	Valsartan_smarts	ok	0	271.24200892448425	/ibex/scratch/colleoe/spectralMol/guacamol_frequency_ablation_merged_20260824_150715/full-spectrum/seed_1/task_17_Valsartan_smarts/compare_GuacaMol_20260824_150848/model_runtime.tsv
full-spectrum	1	18	Deco_hop	ok	0	263.14884853363037	/ibex/scratch/colleoe/spectralMol/guacamol_frequency_ablation_merged_20260824_150715/full-spectrum/seed_1/task_18_Deco_hop/compare_GuacaMol_20260824_150848/model_runtime.tsv
full-spectrum	1	19	Scaffold_hop	ok	0	289.498220205307	/ibex/scratch/colleoe/spectralMol/guacamol_frequency_ablation_merged_20260824_150715/full-spectrum/seed_1/task_19_Scaffold_hop/compare_GuacaMol_20260824_150848/model_runtime.tsv
full-spectrum	1	1	Troglitazone_rediscovery	ok	0	178.76428484916687	/ibex/scratch/colleoe/spectralMol/guacamol_frequency_ablation_merged_20260824_150715/full-spectrum/seed_1/task_1_Troglitazone_rediscovery/compare_GuacaMol_20260824_150845/model_runtime.tsv
full-spectrum	1	2	Thiothixene_rediscovery	ok	0	164.48889064788818	/ibex/scratch/colleoe/spectralMol/guacamol_frequency_ablation_merged_20260824_150715/full-spectrum/seed_1/task_2_Thiothixene_rediscovery/compare_GuacaMol_20260824_150845/model_runtime.tsv
full-spectrum	1	3	Aripiprazole_similarity	ok	0	174.32374095916748	/ibex/scratch/colleoe/spectralMol/guacamol_frequency_ablation_merged_20260824_150715/full-spectrum/seed_1/task_3_Aripiprazole_similarity/compare_GuacaMol_20260824_150845/model_runtime.tsv
full-spectrum	1	4	Albuterol_similarity	ok	0	170.1107156276703	/ibex/scratch/colleoe/spectralMol/guacamol_frequency_ablation_merged_20260824_150715/full-spectrum/seed_1/task_4_Albuterol_similarity/compare_GuacaMol_20260824_150845/model_runtime.tsv
full-spectrum	1	5	Mestranol_similarity	ok	0	194.55507230758667	/ibex/scratch/colleoe/spectralMol/guacamol_frequency_ablation_merged_20260824_150715/full-spectrum/seed_1/task_5_Mestranol_similarity/compare_GuacaMol_20260824_150847/model_runtime.tsv
full-spectrum	1	6	C11H24	ok	0	139.12735986709595	/ibex/scratch/colleoe/spectralMol/guacamol_frequency_ablation_merged_20260824_150715/full-spectrum/seed_1/task_6_C11H24/compare_GuacaMol_20260824_150852/model_runtime.tsv
full-spectrum	1	7	C9H10N2O2PF2Cl	ok	0	150.80190753936768	/ibex/scratch/colleoe/spectralMol/guacamol_frequency_ablation_merged_20260824_150715/full-spectrum/seed_1/task_7_C9H10N2O2PF2Cl/compare_GuacaMol_20260824_150852/model_runtime.tsv
full-spectrum	1	8	Median_molecules_1	ok	0	185.22876596450806	/ibex/scratch/colleoe/spectralMol/guacamol_frequency_ablation_merged_20260824_150715/full-spectrum/seed_1/task_8_Median_molecules_1/compare_GuacaMol_20260824_150852/model_runtime.tsv
full-spectrum	1	9	Median_molecules_2	ok	0	296.022358417511	/ibex/scratch/colleoe/spectralMol/guacamol_frequency_ablation_merged_20260824_150715/full-spectrum/seed_1/task_9_Median_molecules_2/compare_GuacaMol_20260824_150852/model_runtime.tsv
full-spectrum	2	0	Celecoxib_rediscovery	ok	0	175.687180519104	/ibex/scratch/colleoe/spectralMol/guacamol_frequency_ablation_merged_20260824_150715/full-spectrum/seed_2/task_0_Celecoxib_rediscovery/compare_GuacaMol_20260824_151352/model_runtime.tsv
full-spectrum	2	10	Osimertinib_MPO	ok	0	149.0117266178131	/ibex/scratch/colleoe/spectralMol/guacamol_frequency_ablation_merged_20260824_150715/full-spectrum/seed_2/task_10_Osimertinib_MPO/compare_GuacaMol_20260824_151413/model_runtime.tsv
full-spectrum	2	11	Fexofenadine_MPO	ok	0	260.5531733036041	/ibex/scratch/colleoe/spectralMol/guacamol_frequency_ablation_merged_20260824_150715/full-spectrum/seed_2/task_11_Fexofenadine_MPO/compare_GuacaMol_20260824_151413/model_runtime.tsv
full-spectrum	2	12	Ranolazine_MPO	ok	0	143.47298955917358	/ibex/scratch/colleoe/spectralMol/guacamol_frequency_ablation_merged_20260824_150715/full-spectrum/seed_2/task_12_Ranolazine_MPO/compare_GuacaMol_20260824_151408/model_runtime.tsv
full-spectrum	2	13	Perindopril_MPO	ok	0	240.0751988887787	/ibex/scratch/colleoe/spectralMol/guacamol_frequency_ablation_merged_20260824_150715/full-spectrum/seed_2/task_13_Perindopril_MPO/compare_GuacaMol_20260824_151413/model_runtime.tsv
full-spectrum	2	14	Amlodipine_MPO	ok	0	220.46827340126038	/ibex/scratch/colleoe/spectralMol/guacamol_frequency_ablation_merged_20260824_150715/full-spectrum/seed_2/task_14_Amlodipine_MPO/compare_GuacaMol_20260824_151413/model_runtime.tsv
full-spectrum	2	15	Sitagliptin_MPO	ok	0	185.7324342727661	/ibex/scratch/colleoe/spectralMol/guacamol_frequency_ablation_merged_20260824_150715/full-spectrum/seed_2/task_15_Sitagliptin_MPO/compare_GuacaMol_20260824_151408/model_runtime.tsv
full-spectrum	2	16	Zaleplon_MPO	ok	0	199.48006963729858	/ibex/scratch/colleoe/spectralMol/guacamol_frequency_ablation_merged_20260824_150715/full-spectrum/seed_2/task_16_Zaleplon_MPO/compare_GuacaMol_20260824_151357/model_runtime.tsv
full-spectrum	2	17	Valsartan_smarts	ok	0	176.2131049633026	/ibex/scratch/colleoe/spectralMol/guacamol_frequency_ablation_merged_20260824_150715/full-spectrum/seed_2/task_17_Valsartan_smarts/compare_GuacaMol_20260824_151358/model_runtime.tsv
full-spectrum	2	18	Deco_hop	ok	0	179.33477520942688	/ibex/scratch/colleoe/spectralMol/guacamol_frequency_ablation_merged_20260824_150715/full-spectrum/seed_2/task_18_Deco_hop/compare_GuacaMol_20260824_151358/model_runtime.tsv
full-spectrum	2	19	Scaffold_hop	ok	0	181.2209951877594	/ibex/scratch/colleoe/spectralMol/guacamol_frequency_ablation_merged_20260824_150715/full-spectrum/seed_2/task_19_Scaffold_hop/compare_GuacaMol_20260824_151352/model_runtime.tsv
full-spectrum	2	1	Troglitazone_rediscovery	ok	0	180.88588333129883	/ibex/scratch/colleoe/spectralMol/guacamol_frequency_ablation_merged_20260824_150715/full-spectrum/seed_2/task_1_Troglitazone_rediscovery/compare_GuacaMol_20260824_151352/model_runtime.tsv
full-spectrum	2	2	Thiothixene_rediscovery	ok	0	176.50125813484192	/ibex/scratch/colleoe/spectralMol/guacamol_frequency_ablation_merged_20260824_150715/full-spectrum/seed_2/task_2_Thiothixene_rediscovery/compare_GuacaMol_20260824_151352/model_runtime.tsv
full-spectrum	2	3	Aripiprazole_similarity	ok	0	171.24674701690674	/ibex/scratch/colleoe/spectralMol/guacamol_frequency_ablation_merged_20260824_150715/full-spectrum/seed_2/task_3_Aripiprazole_similarity/compare_GuacaMol_20260824_151352/model_runtime.tsv
full-spectrum	2	4	Albuterol_similarity	ok	0	168.25838017463684	/ibex/scratch/colleoe/spectralMol/guacamol_frequency_ablation_merged_20260824_150715/full-spectrum/seed_2/task_4_Albuterol_similarity/compare_GuacaMol_20260824_151352/model_runtime.tsv
full-spectrum	2	5	Mestranol_similarity	ok	0	172.59410214424133	/ibex/scratch/colleoe/spectralMol/guacamol_frequency_ablation_merged_20260824_150715/full-spectrum/seed_2/task_5_Mestranol_similarity/compare_GuacaMol_20260824_151352/model_runtime.tsv
full-spectrum	2	6	C11H24	ok	0	124.73462748527527	/ibex/scratch/colleoe/spectralMol/guacamol_frequency_ablation_merged_20260824_150715/full-spectrum/seed_2/task_6_C11H24/compare_GuacaMol_20260824_151352/model_runtime.tsv
full-spectrum	2	7	C9H10N2O2PF2Cl	ok	0	132.07709288597107	/ibex/scratch/colleoe/spectralMol/guacamol_frequency_ablation_merged_20260824_150715/full-spectrum/seed_2/task_7_C9H10N2O2PF2Cl/compare_GuacaMol_20260824_151358/model_runtime.tsv
full-spectrum	2	8	Median_molecules_1	ok	0	170.31035733222961	/ibex/scratch/colleoe/spectralMol/guacamol_frequency_ablation_merged_20260824_150715/full-spectrum/seed_2/task_8_Median_molecules_1/compare_GuacaMol_20260824_151408/model_runtime.tsv
full-spectrum	2	9	Median_molecules_2	ok	0	144.905699968338	/ibex/scratch/colleoe/spectralMol/guacamol_frequency_ablation_merged_20260824_150715/full-spectrum/seed_2/task_9_Median_molecules_2/compare_GuacaMol_20260824_151413/model_runtime.tsv
full-spectrum	3	0	Celecoxib_rediscovery	ok	0	155.4582211971283	/ibex/scratch/colleoe/spectralMol/guacamol_frequency_ablation_merged_20260824_150715/full-spectrum/seed_3/task_0_Celecoxib_rediscovery/compare_GuacaMol_20260824_151353/model_runtime.tsv
full-spectrum	3	10	Osimertinib_MPO	ok	0	149.55350136756897	/ibex/scratch/colleoe/spectralMol/guacamol_frequency_ablation_merged_20260824_150715/full-spectrum/seed_3/task_10_Osimertinib_MPO/compare_GuacaMol_20260824_151408/model_runtime.tsv
full-spectrum	3	11	Fexofenadine_MPO	ok	0	292.4846193790436	/ibex/scratch/colleoe/spectralMol/guacamol_frequency_ablation_merged_20260824_150715/full-spectrum/seed_3/task_11_Fexofenadine_MPO/compare_GuacaMol_20260824_151354/model_runtime.tsv
full-spectrum	3	12	Ranolazine_MPO	ok	0	245.25883388519287	/ibex/scratch/colleoe/spectralMol/guacamol_frequency_ablation_merged_20260824_150715/full-spectrum/seed_3/task_12_Ranolazine_MPO/compare_GuacaMol_20260824_151358/model_runtime.tsv
full-spectrum	3	13	Perindopril_MPO	ok	0	388.5396342277527	/ibex/scratch/colleoe/spectralMol/guacamol_frequency_ablation_merged_20260824_150715/full-spectrum/seed_3/task_13_Perindopril_MPO/compare_GuacaMol_20260824_151354/model_runtime.tsv
full-spectrum	3	14	Amlodipine_MPO	ok	0	326.3716154098511	/ibex/scratch/colleoe/spectralMol/guacamol_frequency_ablation_merged_20260824_150715/full-spectrum/seed_3/task_14_Amlodipine_MPO/compare_GuacaMol_20260824_151358/model_runtime.tsv
full-spectrum	3	15	Sitagliptin_MPO	ok	0	329.5502395629883	/ibex/scratch/colleoe/spectralMol/guacamol_frequency_ablation_merged_20260824_150715/full-spectrum/seed_3/task_15_Sitagliptin_MPO/compare_GuacaMol_20260824_151358/model_runtime.tsv
full-spectrum	3	16	Zaleplon_MPO	ok	0	309.10321378707886	/ibex/scratch/colleoe/spectralMol/guacamol_frequency_ablation_merged_20260824_150715/full-spectrum/seed_3/task_16_Zaleplon_MPO/compare_GuacaMol_20260824_151602/model_runtime.tsv
full-spectrum	3	17	Valsartan_smarts	ok	0	164.2260708808899	/ibex/scratch/colleoe/spectralMol/guacamol_frequency_ablation_merged_20260824_150715/full-spectrum/seed_3/task_17_Valsartan_smarts/compare_GuacaMol_20260824_151613/model_runtime.tsv
full-spectrum	3	18	Deco_hop	ok	0	184.57739448547363	/ibex/scratch/colleoe/spectralMol/guacamol_frequency_ablation_merged_20260824_150715/full-spectrum/seed_3/task_18_Deco_hop/compare_GuacaMol_20260824_151613/model_runtime.tsv
full-spectrum	3	19	Scaffold_hop	ok	0	721.8188798427582	/ibex/scratch/colleoe/spectralMol/guacamol_frequency_ablation_merged_20260824_150715/full-spectrum/seed_3/task_19_Scaffold_hop/compare_GuacaMol_20260824_152105/model_runtime.tsv
full-spectrum	3	1	Troglitazone_rediscovery	ok	0	176.07502222061157	/ibex/scratch/colleoe/spectralMol/guacamol_frequency_ablation_merged_20260824_150715/full-spectrum/seed_3/task_1_Troglitazone_rediscovery/compare_GuacaMol_20260824_151352/model_runtime.tsv
full-spectrum	3	2	Thiothixene_rediscovery	ok	0	155.64415788650513	/ibex/scratch/colleoe/spectralMol/guacamol_frequency_ablation_merged_20260824_150715/full-spectrum/seed_3/task_2_Thiothixene_rediscovery/compare_GuacaMol_20260824_151352/model_runtime.tsv
full-spectrum	3	3	Aripiprazole_similarity	ok	0	205.43206524848938	/ibex/scratch/colleoe/spectralMol/guacamol_frequency_ablation_merged_20260824_150715/full-spectrum/seed_3/task_3_Aripiprazole_similarity/compare_GuacaMol_20260824_151353/model_runtime.tsv
full-spectrum	3	4	Albuterol_similarity	ok	0	181.25538039207458	/ibex/scratch/colleoe/spectralMol/guacamol_frequency_ablation_merged_20260824_150715/full-spectrum/seed_3/task_4_Albuterol_similarity/compare_GuacaMol_20260824_151357/model_runtime.tsv
full-spectrum	3	5	Mestranol_similarity	ok	0	188.80761051177979	/ibex/scratch/colleoe/spectralMol/guacamol_frequency_ablation_merged_20260824_150715/full-spectrum/seed_3/task_5_Mestranol_similarity/compare_GuacaMol_20260824_151357/model_runtime.tsv
full-spectrum	3	6	C11H24	ok	0	131.1655592918396	/ibex/scratch/colleoe/spectralMol/guacamol_frequency_ablation_merged_20260824_150715/full-spectrum/seed_3/task_6_C11H24/compare_GuacaMol_20260824_151357/model_runtime.tsv
full-spectrum	3	7	C9H10N2O2PF2Cl	ok	0	144.12635684013367	/ibex/scratch/colleoe/spectralMol/guacamol_frequency_ablation_merged_20260824_150715/full-spectrum/seed_3/task_7_C9H10N2O2PF2Cl/compare_GuacaMol_20260824_151408/model_runtime.tsv
full-spectrum	3	8	Median_molecules_1	ok	0	155.97317171096802	/ibex/scratch/colleoe/spectralMol/guacamol_frequency_ablation_merged_20260824_150715/full-spectrum/seed_3/task_8_Median_molecules_1/compare_GuacaMol_20260824_151357/model_runtime.tsv
full-spectrum	3	9	Median_molecules_2	ok	0	141.24500584602356	/ibex/scratch/colleoe/spectralMol/guacamol_frequency_ablation_merged_20260824_150715/full-spectrum/seed_3/task_9_Median_molecules_2/compare_GuacaMol_20260824_151408/model_runtime.tsv
full-spectrum	4	0	Celecoxib_rediscovery	ok	0	183.01890802383423	/ibex/scratch/colleoe/spectralMol/guacamol_frequency_ablation_merged_20260824_150715/full-spectrum/seed_4/task_0_Celecoxib_rediscovery/compare_GuacaMol_20260824_152109/model_runtime.tsv
full-spectrum	4	10	Osimertinib_MPO	ok	0	142.4372160434723	/ibex/scratch/colleoe/spectralMol/guacamol_frequency_ablation_merged_20260824_150715/full-spectrum/seed_4/task_10_Osimertinib_MPO/compare_GuacaMol_20260824_152103/model_runtime.tsv
full-spectrum	4	11	Fexofenadine_MPO	ok	0	236.05730414390564	/ibex/scratch/colleoe/spectralMol/guacamol_frequency_ablation_merged_20260824_150715/full-spectrum/seed_4/task_11_Fexofenadine_MPO/compare_GuacaMol_20260824_152108/model_runtime.tsv
full-spectrum	4	12	Ranolazine_MPO	ok	0	152.0449938774109	/ibex/scratch/colleoe/spectralMol/guacamol_frequency_ablation_merged_20260824_150715/full-spectrum/seed_4/task_12_Ranolazine_MPO/compare_GuacaMol_20260824_152107/model_runtime.tsv
full-spectrum	4	13	Perindopril_MPO	ok	0	255.54736590385437	/ibex/scratch/colleoe/spectralMol/guacamol_frequency_ablation_merged_20260824_150715/full-spectrum/seed_4/task_13_Perindopril_MPO/compare_GuacaMol_20260824_152107/model_runtime.tsv
full-spectrum	4	14	Amlodipine_MPO	ok	0	215.49501132965088	/ibex/scratch/colleoe/spectralMol/guacamol_frequency_ablation_merged_20260824_150715/full-spectrum/seed_4/task_14_Amlodipine_MPO/compare_GuacaMol_20260824_152107/model_runtime.tsv
full-spectrum	4	15	Sitagliptin_MPO	ok	0	192.18681383132935	/ibex/scratch/colleoe/spectralMol/guacamol_frequency_ablation_merged_20260824_150715/full-spectrum/seed_4/task_15_Sitagliptin_MPO/compare_GuacaMol_20260824_152107/model_runtime.tsv
full-spectrum	4	16	Zaleplon_MPO	ok	0	174.94530844688416	/ibex/scratch/colleoe/spectralMol/guacamol_frequency_ablation_merged_20260824_150715/full-spectrum/seed_4/task_16_Zaleplon_MPO/compare_GuacaMol_20260824_152107/model_runtime.tsv
full-spectrum	4	17	Valsartan_smarts	ok	0	162.48056626319885	/ibex/scratch/colleoe/spectralMol/guacamol_frequency_ablation_merged_20260824_150715/full-spectrum/seed_4/task_17_Valsartan_smarts/compare_GuacaMol_20260824_152107/model_runtime.tsv
full-spectrum	4	18	Deco_hop	ok	0	172.73640894889832	/ibex/scratch/colleoe/spectralMol/guacamol_frequency_ablation_merged_20260824_150715/full-spectrum/seed_4/task_18_Deco_hop/compare_GuacaMol_20260824_152107/model_runtime.tsv
full-spectrum	4	19	Scaffold_hop	ok	0	178.3523588180542	/ibex/scratch/colleoe/spectralMol/guacamol_frequency_ablation_merged_20260824_150715/full-spectrum/seed_4/task_19_Scaffold_hop/compare_GuacaMol_20260824_152107/model_runtime.tsv
full-spectrum	4	1	Troglitazone_rediscovery	ok	0	192.4660701751709	/ibex/scratch/colleoe/spectralMol/guacamol_frequency_ablation_merged_20260824_150715/full-spectrum/seed_4/task_1_Troglitazone_rediscovery/compare_GuacaMol_20260824_152109/model_runtime.tsv
full-spectrum	4	2	Thiothixene_rediscovery	ok	0	190.10763144493103	/ibex/scratch/colleoe/spectralMol/guacamol_frequency_ablation_merged_20260824_150715/full-spectrum/seed_4/task_2_Thiothixene_rediscovery/compare_GuacaMol_20260824_152109/model_runtime.tsv
full-spectrum	4	3	Aripiprazole_similarity	ok	0	178.8164963722229	/ibex/scratch/colleoe/spectralMol/guacamol_frequency_ablation_merged_20260824_150715/full-spectrum/seed_4/task_3_Aripiprazole_similarity/compare_GuacaMol_20260824_152109/model_runtime.tsv
full-spectrum	4	4	Albuterol_similarity	ok	0	154.25573563575745	/ibex/scratch/colleoe/spectralMol/guacamol_frequency_ablation_merged_20260824_150715/full-spectrum/seed_4/task_4_Albuterol_similarity/compare_GuacaMol_20260824_152102/model_runtime.tsv
full-spectrum	4	5	Mestranol_similarity	ok	0	175.0432529449463	/ibex/scratch/colleoe/spectralMol/guacamol_frequency_ablation_merged_20260824_150715/full-spectrum/seed_4/task_5_Mestranol_similarity/compare_GuacaMol_20260824_152102/model_runtime.tsv
full-spectrum	4	6	C11H24	ok	0	123.98775053024292	/ibex/scratch/colleoe/spectralMol/guacamol_frequency_ablation_merged_20260824_150715/full-spectrum/seed_4/task_6_C11H24/compare_GuacaMol_20260824_152102/model_runtime.tsv
full-spectrum	4	7	C9H10N2O2PF2Cl	ok	0	131.90238404273987	/ibex/scratch/colleoe/spectralMol/guacamol_frequency_ablation_merged_20260824_150715/full-spectrum/seed_4/task_7_C9H10N2O2PF2Cl/compare_GuacaMol_20260824_152102/model_runtime.tsv
full-spectrum	4	8	Median_molecules_1	ok	0	137.0074863433838	/ibex/scratch/colleoe/spectralMol/guacamol_frequency_ablation_merged_20260824_150715/full-spectrum/seed_4/task_8_Median_molecules_1/compare_GuacaMol_20260824_152103/model_runtime.tsv
full-spectrum	4	9	Median_molecules_2	ok	0	138.14435482025146	/ibex/scratch/colleoe/spectralMol/guacamol_frequency_ablation_merged_20260824_150715/full-spectrum/seed_4/task_9_Median_molecules_2/compare_GuacaMol_20260824_152103/model_runtime.tsv
full-spectrum	5	0	Celecoxib_rediscovery	ok	0	257.10032844543457	/ibex/scratch/colleoe/spectralMol/guacamol_frequency_ablation_merged_20260824_150715/full-spectrum/seed_5/task_0_Celecoxib_rediscovery/compare_GuacaMol_20260824_152109/model_runtime.tsv
full-spectrum	5	10	Osimertinib_MPO	ok	0	200.30647897720337	/ibex/scratch/colleoe/spectralMol/guacamol_frequency_ablation_merged_20260824_150715/full-spectrum/seed_5/task_10_Osimertinib_MPO/compare_GuacaMol_20260824_152103/model_runtime.tsv
full-spectrum	5	11	Fexofenadine_MPO	ok	0	309.7668743133545	/ibex/scratch/colleoe/spectralMol/guacamol_frequency_ablation_merged_20260824_150715/full-spectrum/seed_5/task_11_Fexofenadine_MPO/compare_GuacaMol_20260824_152103/model_runtime.tsv
full-spectrum	5	12	Ranolazine_MPO	ok	0	157.57069563865662	/ibex/scratch/colleoe/spectralMol/guacamol_frequency_ablation_merged_20260824_150715/full-spectrum/seed_5/task_12_Ranolazine_MPO/compare_GuacaMol_20260824_152117/model_runtime.tsv
full-spectrum	5	13	Perindopril_MPO	ok	0	277.3737852573395	/ibex/scratch/colleoe/spectralMol/guacamol_frequency_ablation_merged_20260824_150715/full-spectrum/seed_5/task_13_Perindopril_MPO/compare_GuacaMol_20260824_152112/model_runtime.tsv
full-spectrum	5	14	Amlodipine_MPO	ok	0	236.04285383224487	/ibex/scratch/colleoe/spectralMol/guacamol_frequency_ablation_merged_20260824_150715/full-spectrum/seed_5/task_14_Amlodipine_MPO/compare_GuacaMol_20260824_152117/model_runtime.tsv
full-spectrum	5	15	Sitagliptin_MPO	ok	0	207.57509088516235	/ibex/scratch/colleoe/spectralMol/guacamol_frequency_ablation_merged_20260824_150715/full-spectrum/seed_5/task_15_Sitagliptin_MPO/compare_GuacaMol_20260824_152107/model_runtime.tsv
full-spectrum	5	16	Zaleplon_MPO	ok	0	179.10663223266602	/ibex/scratch/colleoe/spectralMol/guacamol_frequency_ablation_merged_20260824_150715/full-spectrum/seed_5/task_16_Zaleplon_MPO/compare_GuacaMol_20260824_152117/model_runtime.tsv
full-spectrum	5	17	Valsartan_smarts	ok	0	167.1714289188385	/ibex/scratch/colleoe/spectralMol/guacamol_frequency_ablation_merged_20260824_150715/full-spectrum/seed_5/task_17_Valsartan_smarts/compare_GuacaMol_20260824_152112/model_runtime.tsv
full-spectrum	5	18	Deco_hop	ok	0	394.35292315483093	/ibex/scratch/colleoe/spectralMol/guacamol_frequency_ablation_merged_20260824_150715/full-spectrum/seed_5/task_18_Deco_hop/compare_GuacaMol_20260824_152117/model_runtime.tsv
full-spectrum	5	19	Scaffold_hop	ok	0	192.98951983451843	/ibex/scratch/colleoe/spectralMol/guacamol_frequency_ablation_merged_20260824_150715/full-spectrum/seed_5/task_19_Scaffold_hop/compare_GuacaMol_20260824_152259/model_runtime.tsv
full-spectrum	5	1	Troglitazone_rediscovery	ok	0	174.26308012008667	/ibex/scratch/colleoe/spectralMol/guacamol_frequency_ablation_merged_20260824_150715/full-spectrum/seed_5/task_1_Troglitazone_rediscovery/compare_GuacaMol_20260824_152107/model_runtime.tsv
full-spectrum	5	2	Thiothixene_rediscovery	ok	0	201.5900013446808	/ibex/scratch/colleoe/spectralMol/guacamol_frequency_ablation_merged_20260824_150715/full-spectrum/seed_5/task_2_Thiothixene_rediscovery/compare_GuacaMol_20260824_152108/model_runtime.tsv
full-spectrum	5	3	Aripiprazole_similarity	ok	0	176.9202024936676	/ibex/scratch/colleoe/spectralMol/guacamol_frequency_ablation_merged_20260824_150715/full-spectrum/seed_5/task_3_Aripiprazole_similarity/compare_GuacaMol_20260824_152103/model_runtime.tsv
full-spectrum	5	4	Albuterol_similarity	ok	0	155.57017755508423	/ibex/scratch/colleoe/spectralMol/guacamol_frequency_ablation_merged_20260824_150715/full-spectrum/seed_5/task_4_Albuterol_similarity/compare_GuacaMol_20260824_152102/model_runtime.tsv
full-spectrum	5	5	Mestranol_similarity	ok	0	162.35434699058533	/ibex/scratch/colleoe/spectralMol/guacamol_frequency_ablation_merged_20260824_150715/full-spectrum/seed_5/task_5_Mestranol_similarity/compare_GuacaMol_20260824_152103/model_runtime.tsv
full-spectrum	5	6	C11H24	ok	0	112.59353494644165	/ibex/scratch/colleoe/spectralMol/guacamol_frequency_ablation_merged_20260824_150715/full-spectrum/seed_5/task_6_C11H24/compare_GuacaMol_20260824_152102/model_runtime.tsv
full-spectrum	5	7	C9H10N2O2PF2Cl	ok	0	168.5803825855255	/ibex/scratch/colleoe/spectralMol/guacamol_frequency_ablation_merged_20260824_150715/full-spectrum/seed_5/task_7_C9H10N2O2PF2Cl/compare_GuacaMol_20260824_152103/model_runtime.tsv
full-spectrum	5	8	Median_molecules_1	ok	0	202.97809147834778	/ibex/scratch/colleoe/spectralMol/guacamol_frequency_ablation_merged_20260824_150715/full-spectrum/seed_5/task_8_Median_molecules_1/compare_GuacaMol_20260824_152103/model_runtime.tsv
full-spectrum	5	9	Median_molecules_2	ok	0	177.52625608444214	/ibex/scratch/colleoe/spectralMol/guacamol_frequency_ablation_merged_20260824_150715/full-spectrum/seed_5/task_9_Median_molecules_2/compare_GuacaMol_20260824_152103/model_runtime.tsv
high-only	0	0	Celecoxib_rediscovery	ok	0	166.79396653175354	/ibex/scratch/colleoe/spectralMol/guacamol_frequency_ablation_merged_20260824_150715/high-only/seed_0/task_0_Celecoxib_rediscovery/compare_GuacaMol_20260824_152313/model_runtime.tsv
high-only	0	10	Osimertinib_MPO	ok	0	179.43996405601501	/ibex/scratch/colleoe/spectralMol/guacamol_frequency_ablation_merged_20260824_150715/high-only/seed_0/task_10_Osimertinib_MPO/compare_GuacaMol_20260824_152401/model_runtime.tsv
high-only	0	11	Fexofenadine_MPO	ok	0	265.18167304992676	/ibex/scratch/colleoe/spectralMol/guacamol_frequency_ablation_merged_20260824_150715/high-only/seed_0/task_11_Fexofenadine_MPO/compare_GuacaMol_20260824_152401/model_runtime.tsv
high-only	0	12	Ranolazine_MPO	ok	0	132.31544017791748	/ibex/scratch/colleoe/spectralMol/guacamol_frequency_ablation_merged_20260824_150715/high-only/seed_0/task_12_Ranolazine_MPO/compare_GuacaMol_20260824_152404/model_runtime.tsv
high-only	0	13	Perindopril_MPO	ok	0	235.0844748020172	/ibex/scratch/colleoe/spectralMol/guacamol_frequency_ablation_merged_20260824_150715/high-only/seed_0/task_13_Perindopril_MPO/compare_GuacaMol_20260824_152412/model_runtime.tsv
high-only	0	14	Amlodipine_MPO	ok	0	203.57906913757324	/ibex/scratch/colleoe/spectralMol/guacamol_frequency_ablation_merged_20260824_150715/high-only/seed_0/task_14_Amlodipine_MPO/compare_GuacaMol_20260824_152407/model_runtime.tsv
high-only	0	15	Sitagliptin_MPO	ok	0	169.8272397518158	/ibex/scratch/colleoe/spectralMol/guacamol_frequency_ablation_merged_20260824_150715/high-only/seed_0/task_15_Sitagliptin_MPO/compare_GuacaMol_20260824_152407/model_runtime.tsv
high-only	0	16	Zaleplon_MPO	ok	0	139.97634625434875	/ibex/scratch/colleoe/spectralMol/guacamol_frequency_ablation_merged_20260824_150715/high-only/seed_0/task_16_Zaleplon_MPO/compare_GuacaMol_20260824_152407/model_runtime.tsv
high-only	0	17	Valsartan_smarts	ok	0	153.45759320259094	/ibex/scratch/colleoe/spectralMol/guacamol_frequency_ablation_merged_20260824_150715/high-only/seed_0/task_17_Valsartan_smarts/compare_GuacaMol_20260824_152414/model_runtime.tsv
high-only	0	18	Deco_hop	ok	0	181.17744731903076	/ibex/scratch/colleoe/spectralMol/guacamol_frequency_ablation_merged_20260824_150715/high-only/seed_0/task_18_Deco_hop/compare_GuacaMol_20260824_152416/model_runtime.tsv
high-only	0	19	Scaffold_hop	ok	0	170.25833868980408	/ibex/scratch/colleoe/spectralMol/guacamol_frequency_ablation_merged_20260824_150715/high-only/seed_0/task_19_Scaffold_hop/compare_GuacaMol_20260824_152418/model_runtime.tsv
high-only	0	1	Troglitazone_rediscovery	ok	0	171.7053997516632	/ibex/scratch/colleoe/spectralMol/guacamol_frequency_ablation_merged_20260824_150715/high-only/seed_0/task_1_Troglitazone_rediscovery/compare_GuacaMol_20260824_152319/model_runtime.tsv
high-only	0	2	Thiothixene_rediscovery	ok	0	172.66913294792175	/ibex/scratch/colleoe/spectralMol/guacamol_frequency_ablation_merged_20260824_150715/high-only/seed_0/task_2_Thiothixene_rediscovery/compare_GuacaMol_20260824_152326/model_runtime.tsv
high-only	0	3	Aripiprazole_similarity	ok	0	160.4840760231018	/ibex/scratch/colleoe/spectralMol/guacamol_frequency_ablation_merged_20260824_150715/high-only/seed_0/task_3_Aripiprazole_similarity/compare_GuacaMol_20260824_152326/model_runtime.tsv
high-only	0	4	Albuterol_similarity	ok	0	149.06697273254395	/ibex/scratch/colleoe/spectralMol/guacamol_frequency_ablation_merged_20260824_150715/high-only/seed_0/task_4_Albuterol_similarity/compare_GuacaMol_20260824_152332/model_runtime.tsv
high-only	0	5	Mestranol_similarity	ok	0	177.52293133735657	/ibex/scratch/colleoe/spectralMol/guacamol_frequency_ablation_merged_20260824_150715/high-only/seed_0/task_5_Mestranol_similarity/compare_GuacaMol_20260824_152341/model_runtime.tsv
high-only	0	6	C11H24	ok	0	122.87133359909058	/ibex/scratch/colleoe/spectralMol/guacamol_frequency_ablation_merged_20260824_150715/high-only/seed_0/task_6_C11H24/compare_GuacaMol_20260824_152343/model_runtime.tsv
high-only	0	7	C9H10N2O2PF2Cl	ok	0	129.67503690719604	/ibex/scratch/colleoe/spectralMol/guacamol_frequency_ablation_merged_20260824_150715/high-only/seed_0/task_7_C9H10N2O2PF2Cl/compare_GuacaMol_20260824_152351/model_runtime.tsv
high-only	0	8	Median_molecules_1	ok	0	144.6222231388092	/ibex/scratch/colleoe/spectralMol/guacamol_frequency_ablation_merged_20260824_150715/high-only/seed_0/task_8_Median_molecules_1/compare_GuacaMol_20260824_152350/model_runtime.tsv
high-only	0	9	Median_molecules_2	ok	0	145.3699915409088	/ibex/scratch/colleoe/spectralMol/guacamol_frequency_ablation_merged_20260824_150715/high-only/seed_0/task_9_Median_molecules_2/compare_GuacaMol_20260824_152404/model_runtime.tsv
high-only	1	0	Celecoxib_rediscovery	ok	0	194.42513489723206	/ibex/scratch/colleoe/spectralMol/guacamol_frequency_ablation_merged_20260824_150715/high-only/seed_1/task_0_Celecoxib_rediscovery/compare_GuacaMol_20260824_152421/model_runtime.tsv
high-only	1	10	Osimertinib_MPO	ok	0	140.6674931049347	/ibex/scratch/colleoe/spectralMol/guacamol_frequency_ablation_merged_20260824_150715/high-only/seed_1/task_10_Osimertinib_MPO/compare_GuacaMol_20260824_152454/model_runtime.tsv
high-only	1	11	Fexofenadine_MPO	ok	0	206.44248843193054	/ibex/scratch/colleoe/spectralMol/guacamol_frequency_ablation_merged_20260824_150715/high-only/seed_1/task_11_Fexofenadine_MPO/compare_GuacaMol_20260824_152620/model_runtime.tsv
high-only	1	12	Ranolazine_MPO	ok	0	137.6684217453003	/ibex/scratch/colleoe/spectralMol/guacamol_frequency_ablation_merged_20260824_150715/high-only/seed_1/task_12_Ranolazine_MPO/compare_GuacaMol_20260824_152620/model_runtime.tsv
high-only	1	13	Perindopril_MPO	ok	0	243.18692278862	/ibex/scratch/colleoe/spectralMol/guacamol_frequency_ablation_merged_20260824_150715/high-only/seed_1/task_13_Perindopril_MPO/compare_GuacaMol_20260824_152620/model_runtime.tsv
high-only	1	14	Amlodipine_MPO	ok	0	296.62479043006897	/ibex/scratch/colleoe/spectralMol/guacamol_frequency_ablation_merged_20260824_150715/high-only/seed_1/task_14_Amlodipine_MPO/compare_GuacaMol_20260824_152621/model_runtime.tsv
high-only	1	15	Sitagliptin_MPO	ok	0	222.1165554523468	/ibex/scratch/colleoe/spectralMol/guacamol_frequency_ablation_merged_20260824_150715/high-only/seed_1/task_15_Sitagliptin_MPO/compare_GuacaMol_20260824_152616/model_runtime.tsv
high-only	1	16	Zaleplon_MPO	ok	0	160.7158968448639	/ibex/scratch/colleoe/spectralMol/guacamol_frequency_ablation_merged_20260824_150715/high-only/seed_1/task_16_Zaleplon_MPO/compare_GuacaMol_20260824_152616/model_runtime.tsv
high-only	1	17	Valsartan_smarts	ok	0	171.54058051109314	/ibex/scratch/colleoe/spectralMol/guacamol_frequency_ablation_merged_20260824_150715/high-only/seed_1/task_17_Valsartan_smarts/compare_GuacaMol_20260824_152620/model_runtime.tsv
high-only	1	18	Deco_hop	ok	0	191.54544186592102	/ibex/scratch/colleoe/spectralMol/guacamol_frequency_ablation_merged_20260824_150715/high-only/seed_1/task_18_Deco_hop/compare_GuacaMol_20260824_152620/model_runtime.tsv
high-only	1	19	Scaffold_hop	ok	0	244.4185528755188	/ibex/scratch/colleoe/spectralMol/guacamol_frequency_ablation_merged_20260824_150715/high-only/seed_1/task_19_Scaffold_hop/compare_GuacaMol_20260824_152616/model_runtime.tsv
high-only	1	1	Troglitazone_rediscovery	ok	0	182.50106263160706	/ibex/scratch/colleoe/spectralMol/guacamol_frequency_ablation_merged_20260824_150715/high-only/seed_1/task_1_Troglitazone_rediscovery/compare_GuacaMol_20260824_152425/model_runtime.tsv
high-only	1	2	Thiothixene_rediscovery	ok	0	178.861581325531	/ibex/scratch/colleoe/spectralMol/guacamol_frequency_ablation_merged_20260824_150715/high-only/seed_1/task_2_Thiothixene_rediscovery/compare_GuacaMol_20260824_152423/model_runtime.tsv
high-only	1	3	Aripiprazole_similarity	ok	0	178.8030936717987	/ibex/scratch/colleoe/spectralMol/guacamol_frequency_ablation_merged_20260824_150715/high-only/seed_1/task_3_Aripiprazole_similarity/compare_GuacaMol_20260824_152431/model_runtime.tsv
high-only	1	4	Albuterol_similarity	ok	0	167.92976212501526	/ibex/scratch/colleoe/spectralMol/guacamol_frequency_ablation_merged_20260824_150715/high-only/seed_1/task_4_Albuterol_similarity/compare_GuacaMol_20260824_152435/model_runtime.tsv
high-only	1	5	Mestranol_similarity	ok	0	173.87760829925537	/ibex/scratch/colleoe/spectralMol/guacamol_frequency_ablation_merged_20260824_150715/high-only/seed_1/task_5_Mestranol_similarity/compare_GuacaMol_20260824_152433/model_runtime.tsv
high-only	1	6	C11H24	ok	0	143.19753575325012	/ibex/scratch/colleoe/spectralMol/guacamol_frequency_ablation_merged_20260824_150715/high-only/seed_1/task_6_C11H24/compare_GuacaMol_20260824_152436/model_runtime.tsv
high-only	1	7	C9H10N2O2PF2Cl	ok	0	152.5640926361084	/ibex/scratch/colleoe/spectralMol/guacamol_frequency_ablation_merged_20260824_150715/high-only/seed_1/task_7_C9H10N2O2PF2Cl/compare_GuacaMol_20260824_152436/model_runtime.tsv
high-only	1	8	Median_molecules_1	ok	0	166.960275888443	/ibex/scratch/colleoe/spectralMol/guacamol_frequency_ablation_merged_20260824_150715/high-only/seed_1/task_8_Median_molecules_1/compare_GuacaMol_20260824_152443/model_runtime.tsv
high-only	1	9	Median_molecules_2	ok	0	186.69443702697754	/ibex/scratch/colleoe/spectralMol/guacamol_frequency_ablation_merged_20260824_150715/high-only/seed_1/task_9_Median_molecules_2/compare_GuacaMol_20260824_152444/model_runtime.tsv
high-only	2	0	Celecoxib_rediscovery	ok	0	214.0968680381775	/ibex/scratch/colleoe/spectralMol/guacamol_frequency_ablation_merged_20260824_150715/high-only/seed_2/task_0_Celecoxib_rediscovery/compare_GuacaMol_20260824_152625/model_runtime.tsv
high-only	2	10	Osimertinib_MPO	ok	0	138.02272367477417	/ibex/scratch/colleoe/spectralMol/guacamol_frequency_ablation_merged_20260824_150715/high-only/seed_2/task_10_Osimertinib_MPO/compare_GuacaMol_20260824_152658/model_runtime.tsv
high-only	2	11	Fexofenadine_MPO	ok	0	198.74080896377563	/ibex/scratch/colleoe/spectralMol/guacamol_frequency_ablation_merged_20260824_150715/high-only/seed_2/task_11_Fexofenadine_MPO/compare_GuacaMol_20260824_152702/model_runtime.tsv
high-only	2	12	Ranolazine_MPO	ok	0	123.16786861419678	/ibex/scratch/colleoe/spectralMol/guacamol_frequency_ablation_merged_20260824_150715/high-only/seed_2/task_12_Ranolazine_MPO/compare_GuacaMol_20260824_152705/model_runtime.tsv
high-only	2	13	Perindopril_MPO	ok	0	224.84308457374573	/ibex/scratch/colleoe/spectralMol/guacamol_frequency_ablation_merged_20260824_150715/high-only/seed_2/task_13_Perindopril_MPO/compare_GuacaMol_20260824_152705/model_runtime.tsv
high-only	2	14	Amlodipine_MPO	ok	0	199.8882291316986	/ibex/scratch/colleoe/spectralMol/guacamol_frequency_ablation_merged_20260824_150715/high-only/seed_2/task_14_Amlodipine_MPO/compare_GuacaMol_20260824_152719/model_runtime.tsv
high-only	2	15	Sitagliptin_MPO	ok	0	169.00713467597961	/ibex/scratch/colleoe/spectralMol/guacamol_frequency_ablation_merged_20260824_150715/high-only/seed_2/task_15_Sitagliptin_MPO/compare_GuacaMol_20260824_152714/model_runtime.tsv
high-only	2	16	Zaleplon_MPO	ok	0	130.86040544509888	/ibex/scratch/colleoe/spectralMol/guacamol_frequency_ablation_merged_20260824_150715/high-only/seed_2/task_16_Zaleplon_MPO/compare_GuacaMol_20260824_152725/model_runtime.tsv
high-only	2	17	Valsartan_smarts	ok	0	161.2507688999176	/ibex/scratch/colleoe/spectralMol/guacamol_frequency_ablation_merged_20260824_150715/high-only/seed_2/task_17_Valsartan_smarts/compare_GuacaMol_20260824_152729/model_runtime.tsv
high-only	2	18	Deco_hop	ok	0	175.6968638896942	/ibex/scratch/colleoe/spectralMol/guacamol_frequency_ablation_merged_20260824_150715/high-only/seed_2/task_18_Deco_hop/compare_GuacaMol_20260824_152736/model_runtime.tsv
high-only	2	19	Scaffold_hop	ok	0	174.53572058677673	/ibex/scratch/colleoe/spectralMol/guacamol_frequency_ablation_merged_20260824_150715/high-only/seed_2/task_19_Scaffold_hop/compare_GuacaMol_20260824_152730/model_runtime.tsv
high-only	2	1	Troglitazone_rediscovery	ok	0	165.2266697883606	/ibex/scratch/colleoe/spectralMol/guacamol_frequency_ablation_merged_20260824_150715/high-only/seed_2/task_1_Troglitazone_rediscovery/compare_GuacaMol_20260824_152618/model_runtime.tsv
high-only	2	2	Thiothixene_rediscovery	ok	0	181.19686198234558	/ibex/scratch/colleoe/spectralMol/guacamol_frequency_ablation_merged_20260824_150715/high-only/seed_2/task_2_Thiothixene_rediscovery/compare_GuacaMol_20260824_152618/model_runtime.tsv
high-only	2	3	Aripiprazole_similarity	ok	0	185.87222266197205	/ibex/scratch/colleoe/spectralMol/guacamol_frequency_ablation_merged_20260824_150715/high-only/seed_2/task_3_Aripiprazole_similarity/compare_GuacaMol_20260824_152621/model_runtime.tsv
high-only	2	4	Albuterol_similarity	ok	0	166.2110755443573	/ibex/scratch/colleoe/spectralMol/guacamol_frequency_ablation_merged_20260824_150715/high-only/seed_2/task_4_Albuterol_similarity/compare_GuacaMol_20260824_152621/model_runtime.tsv
high-only	2	5	Mestranol_similarity	ok	0	170.49338483810425	/ibex/scratch/colleoe/spectralMol/guacamol_frequency_ablation_merged_20260824_150715/high-only/seed_2/task_5_Mestranol_similarity/compare_GuacaMol_20260824_152620/model_runtime.tsv
high-only	2	6	C11H24	ok	0	139.02210664749146	/ibex/scratch/colleoe/spectralMol/guacamol_frequency_ablation_merged_20260824_150715/high-only/seed_2/task_6_C11H24/compare_GuacaMol_20260824_152626/model_runtime.tsv
high-only	2	7	C9H10N2O2PF2Cl	ok	0	129.89556121826172	/ibex/scratch/colleoe/spectralMol/guacamol_frequency_ablation_merged_20260824_150715/high-only/seed_2/task_7_C9H10N2O2PF2Cl/compare_GuacaMol_20260824_152633/model_runtime.tsv
high-only	2	8	Median_molecules_1	ok	0	155.0198905467987	/ibex/scratch/colleoe/spectralMol/guacamol_frequency_ablation_merged_20260824_150715/high-only/seed_2/task_8_Median_molecules_1/compare_GuacaMol_20260824_152641/model_runtime.tsv
high-only	2	9	Median_molecules_2	ok	0	146.4493806362152	/ibex/scratch/colleoe/spectralMol/guacamol_frequency_ablation_merged_20260824_150715/high-only/seed_2/task_9_Median_molecules_2/compare_GuacaMol_20260824_152645/model_runtime.tsv
high-only	3	0	Celecoxib_rediscovery	ok	0	172.26684522628784	/ibex/scratch/colleoe/spectralMol/guacamol_frequency_ablation_merged_20260824_150715/high-only/seed_3/task_0_Celecoxib_rediscovery/compare_GuacaMol_20260824_152739/model_runtime.tsv
high-only	3	10	Osimertinib_MPO	ok	0	139.74747705459595	/ibex/scratch/colleoe/spectralMol/guacamol_frequency_ablation_merged_20260824_150715/high-only/seed_3/task_10_Osimertinib_MPO/compare_GuacaMol_20260824_152849/model_runtime.tsv
high-only	3	11	Fexofenadine_MPO	ok	0	207.49884867668152	/ibex/scratch/colleoe/spectralMol/guacamol_frequency_ablation_merged_20260824_150715/high-only/seed_3/task_11_Fexofenadine_MPO/compare_GuacaMol_20260824_152848/model_runtime.tsv
high-only	3	12	Ranolazine_MPO	ok	0	136.40560936927795	/ibex/scratch/colleoe/spectralMol/guacamol_frequency_ablation_merged_20260824_150715/high-only/seed_3/task_12_Ranolazine_MPO/compare_GuacaMol_20260824_152850/model_runtime.tsv
high-only	3	13	Perindopril_MPO	ok	0	316.0710940361023	/ibex/scratch/colleoe/spectralMol/guacamol_frequency_ablation_merged_20260824_150715/high-only/seed_3/task_13_Perindopril_MPO/compare_GuacaMol_20260824_152902/model_runtime.tsv
high-only	3	14	Amlodipine_MPO	ok	0	206.66909384727478	/ibex/scratch/colleoe/spectralMol/guacamol_frequency_ablation_merged_20260824_150715/high-only/seed_3/task_14_Amlodipine_MPO/compare_GuacaMol_20260824_152908/model_runtime.tsv
high-only	3	15	Sitagliptin_MPO	ok	0	176.92715764045715	/ibex/scratch/colleoe/spectralMol/guacamol_frequency_ablation_merged_20260824_150715/high-only/seed_3/task_15_Sitagliptin_MPO/compare_GuacaMol_20260824_152914/model_runtime.tsv
high-only	3	16	Zaleplon_MPO	ok	0	130.50479125976562	/ibex/scratch/colleoe/spectralMol/guacamol_frequency_ablation_merged_20260824_150715/high-only/seed_3/task_16_Zaleplon_MPO/compare_GuacaMol_20260824_152914/model_runtime.tsv
high-only	3	17	Valsartan_smarts	ok	0	156.4739031791687	/ibex/scratch/colleoe/spectralMol/guacamol_frequency_ablation_merged_20260824_150715/high-only/seed_3/task_17_Valsartan_smarts/compare_GuacaMol_20260824_152917/model_runtime.tsv
high-only	3	18	Deco_hop	ok	0	169.40495014190674	/ibex/scratch/colleoe/spectralMol/guacamol_frequency_ablation_merged_20260824_150715/high-only/seed_3/task_18_Deco_hop/compare_GuacaMol_20260824_152917/model_runtime.tsv
high-only	3	19	Scaffold_hop	ok	0	226.2493658065796	/ibex/scratch/colleoe/spectralMol/guacamol_frequency_ablation_merged_20260824_150715/high-only/seed_3/task_19_Scaffold_hop/compare_GuacaMol_20260824_152920/model_runtime.tsv
high-only	3	1	Troglitazone_rediscovery	ok	0	176.5448796749115	/ibex/scratch/colleoe/spectralMol/guacamol_frequency_ablation_merged_20260824_150715/high-only/seed_3/task_1_Troglitazone_rediscovery/compare_GuacaMol_20260824_152738/model_runtime.tsv
high-only	3	2	Thiothixene_rediscovery	ok	0	189.51641273498535	/ibex/scratch/colleoe/spectralMol/guacamol_frequency_ablation_merged_20260824_150715/high-only/seed_3/task_2_Thiothixene_rediscovery/compare_GuacaMol_20260824_152741/model_runtime.tsv
high-only	3	3	Aripiprazole_similarity	ok	0	193.42766642570496	/ibex/scratch/colleoe/spectralMol/guacamol_frequency_ablation_merged_20260824_150715/high-only/seed_3/task_3_Aripiprazole_similarity/compare_GuacaMol_20260824_152741/model_runtime.tsv
high-only	3	4	Albuterol_similarity	ok	0	140.98418021202087	/ibex/scratch/colleoe/spectralMol/guacamol_frequency_ablation_merged_20260824_150715/high-only/seed_3/task_4_Albuterol_similarity/compare_GuacaMol_20260824_152736/model_runtime.tsv
high-only	3	5	Mestranol_similarity	ok	0	181.97509217262268	/ibex/scratch/colleoe/spectralMol/guacamol_frequency_ablation_merged_20260824_150715/high-only/seed_3/task_5_Mestranol_similarity/compare_GuacaMol_20260824_152748/model_runtime.tsv
high-only	3	6	C11H24	ok	0	149.5293276309967	/ibex/scratch/colleoe/spectralMol/guacamol_frequency_ablation_merged_20260824_150715/high-only/seed_3/task_6_C11H24/compare_GuacaMol_20260824_152756/model_runtime.tsv
high-only	3	7	C9H10N2O2PF2Cl	ok	0	466.3551824092865	/ibex/scratch/colleoe/spectralMol/guacamol_frequency_ablation_merged_20260824_150715/high-only/seed_3/task_7_C9H10N2O2PF2Cl/compare_GuacaMol_20260824_152802/model_runtime.tsv
high-only	3	8	Median_molecules_1	ok	0	133.4507553577423	/ibex/scratch/colleoe/spectralMol/guacamol_frequency_ablation_merged_20260824_150715/high-only/seed_3/task_8_Median_molecules_1/compare_GuacaMol_20260824_152819/model_runtime.tsv
high-only	3	9	Median_molecules_2	ok	0	184.40993118286133	/ibex/scratch/colleoe/spectralMol/guacamol_frequency_ablation_merged_20260824_150715/high-only/seed_3/task_9_Median_molecules_2/compare_GuacaMol_20260824_152832/model_runtime.tsv
high-only	4	0	Celecoxib_rediscovery	ok	0	156.7485158443451	/ibex/scratch/colleoe/spectralMol/guacamol_frequency_ablation_merged_20260824_150715/high-only/seed_4/task_0_Celecoxib_rediscovery/compare_GuacaMol_20260824_152927/model_runtime.tsv
high-only	4	10	Osimertinib_MPO	ok	0	183.04402685165405	/ibex/scratch/colleoe/spectralMol/guacamol_frequency_ablation_merged_20260824_150715/high-only/seed_4/task_10_Osimertinib_MPO/compare_GuacaMol_20260824_153010/model_runtime.tsv
high-only	4	11	Fexofenadine_MPO	ok	0	206.47668504714966	/ibex/scratch/colleoe/spectralMol/guacamol_frequency_ablation_merged_20260824_150715/high-only/seed_4/task_11_Fexofenadine_MPO/compare_GuacaMol_20260824_153022/model_runtime.tsv
high-only	4	12	Ranolazine_MPO	ok	0	130.6932487487793	/ibex/scratch/colleoe/spectralMol/guacamol_frequency_ablation_merged_20260824_150715/high-only/seed_4/task_12_Ranolazine_MPO/compare_GuacaMol_20260824_153026/model_runtime.tsv
high-only	4	13	Perindopril_MPO	ok	0	341.4992587566376	/ibex/scratch/colleoe/spectralMol/guacamol_frequency_ablation_merged_20260824_150715/high-only/seed_4/task_13_Perindopril_MPO/compare_GuacaMol_20260824_153027/model_runtime.tsv
high-only	4	14	Amlodipine_MPO	ok	0	207.70872354507446	/ibex/scratch/colleoe/spectralMol/guacamol_frequency_ablation_merged_20260824_150715/high-only/seed_4/task_14_Amlodipine_MPO/compare_GuacaMol_20260824_153049/model_runtime.tsv
high-only	4	15	Sitagliptin_MPO	ok	0	193.78595232963562	/ibex/scratch/colleoe/spectralMol/guacamol_frequency_ablation_merged_20260824_150715/high-only/seed_4/task_15_Sitagliptin_MPO/compare_GuacaMol_20260824_153044/model_runtime.tsv
high-only	4	16	Zaleplon_MPO	ok	0	135.5269284248352	/ibex/scratch/colleoe/spectralMol/guacamol_frequency_ablation_merged_20260824_150715/high-only/seed_4/task_16_Zaleplon_MPO/compare_GuacaMol_20260824_153044/model_runtime.tsv
high-only	4	17	Valsartan_smarts	ok	0	161.28732919692993	/ibex/scratch/colleoe/spectralMol/guacamol_frequency_ablation_merged_20260824_150715/high-only/seed_4/task_17_Valsartan_smarts/compare_GuacaMol_20260824_153056/model_runtime.tsv
high-only	4	18	Deco_hop	ok	0	182.14728021621704	/ibex/scratch/colleoe/spectralMol/guacamol_frequency_ablation_merged_20260824_150715/high-only/seed_4/task_18_Deco_hop/compare_GuacaMol_20260824_153056/model_runtime.tsv
high-only	4	19	Scaffold_hop	ok	0	169.95461559295654	/ibex/scratch/colleoe/spectralMol/guacamol_frequency_ablation_merged_20260824_150715/high-only/seed_4/task_19_Scaffold_hop/compare_GuacaMol_20260824_153054/model_runtime.tsv
high-only	4	1	Troglitazone_rediscovery	ok	0	166.97419905662537	/ibex/scratch/colleoe/spectralMol/guacamol_frequency_ablation_merged_20260824_150715/high-only/seed_4/task_1_Troglitazone_rediscovery/compare_GuacaMol_20260824_152927/model_runtime.tsv
high-only	4	2	Thiothixene_rediscovery	ok	0	175.78347730636597	/ibex/scratch/colleoe/spectralMol/guacamol_frequency_ablation_merged_20260824_150715/high-only/seed_4/task_2_Thiothixene_rediscovery/compare_GuacaMol_20260824_152926/model_runtime.tsv
high-only	4	3	Aripiprazole_similarity	ok	0	176.0031282901764	/ibex/scratch/colleoe/spectralMol/guacamol_frequency_ablation_merged_20260824_150715/high-only/seed_4/task_3_Aripiprazole_similarity/compare_GuacaMol_20260824_152932/model_runtime.tsv
high-only	4	4	Albuterol_similarity	ok	0	166.03698444366455	/ibex/scratch/colleoe/spectralMol/guacamol_frequency_ablation_merged_20260824_150715/high-only/seed_4/task_4_Albuterol_similarity/compare_GuacaMol_20260824_152944/model_runtime.tsv
high-only	4	5	Mestranol_similarity	ok	0	193.94326329231262	/ibex/scratch/colleoe/spectralMol/guacamol_frequency_ablation_merged_20260824_150715/high-only/seed_4/task_5_Mestranol_similarity/compare_GuacaMol_20260824_152946/model_runtime.tsv
high-only	4	6	C11H24	ok	0	118.71863436698914	/ibex/scratch/colleoe/spectralMol/guacamol_frequency_ablation_merged_20260824_150715/high-only/seed_4/task_6_C11H24/compare_GuacaMol_20260824_152958/model_runtime.tsv
high-only	4	7	C9H10N2O2PF2Cl	ok	0	119.59541177749634	/ibex/scratch/colleoe/spectralMol/guacamol_frequency_ablation_merged_20260824_150715/high-only/seed_4/task_7_C9H10N2O2PF2Cl/compare_GuacaMol_20260824_153002/model_runtime.tsv
high-only	4	8	Median_molecules_1	ok	0	198.86508893966675	/ibex/scratch/colleoe/spectralMol/guacamol_frequency_ablation_merged_20260824_150715/high-only/seed_4/task_8_Median_molecules_1/compare_GuacaMol_20260824_153006/model_runtime.tsv
high-only	4	9	Median_molecules_2	ok	0	142.7344994544983	/ibex/scratch/colleoe/spectralMol/guacamol_frequency_ablation_merged_20260824_150715/high-only/seed_4/task_9_Median_molecules_2/compare_GuacaMol_20260824_153008/model_runtime.tsv
high-only	5	0	Celecoxib_rediscovery	ok	0	183.76024842262268	/ibex/scratch/colleoe/spectralMol/guacamol_frequency_ablation_merged_20260824_150715/high-only/seed_5/task_0_Celecoxib_rediscovery/compare_GuacaMol_20260824_153054/model_runtime.tsv
high-only	5	10	Osimertinib_MPO	ok	0	136.73953533172607	/ibex/scratch/colleoe/spectralMol/guacamol_frequency_ablation_merged_20260824_150715/high-only/seed_5/task_10_Osimertinib_MPO/compare_GuacaMol_20260824_153144/model_runtime.tsv
high-only	5	11	Fexofenadine_MPO	ok	0	199.39210033416748	/ibex/scratch/colleoe/spectralMol/guacamol_frequency_ablation_merged_20260824_150715/high-only/seed_5/task_11_Fexofenadine_MPO/compare_GuacaMol_20260824_153159/model_runtime.tsv
high-only	5	12	Ranolazine_MPO	ok	0	134.3749804496765	/ibex/scratch/colleoe/spectralMol/guacamol_frequency_ablation_merged_20260824_150715/high-only/seed_5/task_12_Ranolazine_MPO/compare_GuacaMol_20260824_153208/model_runtime.tsv
high-only	5	13	Perindopril_MPO	ok	0	242.25531601905823	/ibex/scratch/colleoe/spectralMol/guacamol_frequency_ablation_merged_20260824_150715/high-only/seed_5/task_13_Perindopril_MPO/compare_GuacaMol_20260824_153208/model_runtime.tsv
high-only	5	14	Amlodipine_MPO	ok	0	200.19367790222168	/ibex/scratch/colleoe/spectralMol/guacamol_frequency_ablation_merged_20260824_150715/high-only/seed_5/task_14_Amlodipine_MPO/compare_GuacaMol_20260824_153216/model_runtime.tsv
high-only	5	15	Sitagliptin_MPO	ok	0	166.99576020240784	/ibex/scratch/colleoe/spectralMol/guacamol_frequency_ablation_merged_20260824_150715/high-only/seed_5/task_15_Sitagliptin_MPO/compare_GuacaMol_20260824_153211/model_runtime.tsv
high-only	5	16	Zaleplon_MPO	ok	0	154.0866470336914	/ibex/scratch/colleoe/spectralMol/guacamol_frequency_ablation_merged_20260824_150715/high-only/seed_5/task_16_Zaleplon_MPO/compare_GuacaMol_20260824_153218/model_runtime.tsv
high-only	5	17	Valsartan_smarts	ok	0	152.98461627960205	/ibex/scratch/colleoe/spectralMol/guacamol_frequency_ablation_merged_20260824_150715/high-only/seed_5/task_17_Valsartan_smarts/compare_GuacaMol_20260824_153225/model_runtime.tsv
high-only	5	18	Deco_hop	ok	0	218.98626947402954	/ibex/scratch/colleoe/spectralMol/guacamol_frequency_ablation_merged_20260824_150715/high-only/seed_5/task_18_Deco_hop/compare_GuacaMol_20260824_153220/model_runtime.tsv
high-only	5	19	Scaffold_hop	ok	0	160.1744134426117	/ibex/scratch/colleoe/spectralMol/guacamol_frequency_ablation_merged_20260824_150715/high-only/seed_5/task_19_Scaffold_hop/compare_GuacaMol_20260824_153229/model_runtime.tsv
high-only	5	1	Troglitazone_rediscovery	ok	0	169.76403641700745	/ibex/scratch/colleoe/spectralMol/guacamol_frequency_ablation_merged_20260824_150715/high-only/seed_5/task_1_Troglitazone_rediscovery/compare_GuacaMol_20260824_153059/model_runtime.tsv
high-only	5	2	Thiothixene_rediscovery	ok	0	193.54502272605896	/ibex/scratch/colleoe/spectralMol/guacamol_frequency_ablation_merged_20260824_150715/high-only/seed_5/task_2_Thiothixene_rediscovery/compare_GuacaMol_20260824_153104/model_runtime.tsv
high-only	5	3	Aripiprazole_similarity	ok	0	181.80238032341003	/ibex/scratch/colleoe/spectralMol/guacamol_frequency_ablation_merged_20260824_150715/high-only/seed_5/task_3_Aripiprazole_similarity/compare_GuacaMol_20260824_153104/model_runtime.tsv
high-only	5	4	Albuterol_similarity	ok	0	143.47329902648926	/ibex/scratch/colleoe/spectralMol/guacamol_frequency_ablation_merged_20260824_150715/high-only/seed_5/task_4_Albuterol_similarity/compare_GuacaMol_20260824_153057/model_runtime.tsv
high-only	5	5	Mestranol_similarity	ok	0	180.62481427192688	/ibex/scratch/colleoe/spectralMol/guacamol_frequency_ablation_merged_20260824_150715/high-only/seed_5/task_5_Mestranol_similarity/compare_GuacaMol_20260824_153107/model_runtime.tsv
high-only	5	6	C11H24	ok	0	127.61798524856567	/ibex/scratch/colleoe/spectralMol/guacamol_frequency_ablation_merged_20260824_150715/high-only/seed_5/task_6_C11H24/compare_GuacaMol_20260824_153111/model_runtime.tsv
high-only	5	7	C9H10N2O2PF2Cl	ok	0	127.31035375595093	/ibex/scratch/colleoe/spectralMol/guacamol_frequency_ablation_merged_20260824_150715/high-only/seed_5/task_7_C9H10N2O2PF2Cl/compare_GuacaMol_20260824_153119/model_runtime.tsv
high-only	5	8	Median_molecules_1	ok	0	193.99019837379456	/ibex/scratch/colleoe/spectralMol/guacamol_frequency_ablation_merged_20260824_150715/high-only/seed_5/task_8_Median_molecules_1/compare_GuacaMol_20260824_153130/model_runtime.tsv
high-only	5	9	Median_molecules_2	ok	0	161.31763458251953	/ibex/scratch/colleoe/spectralMol/guacamol_frequency_ablation_merged_20260824_150715/high-only/seed_5/task_9_Median_molecules_2/compare_GuacaMol_20260824_153134/model_runtime.tsv
low-only	0	0	Celecoxib_rediscovery	ok	0	174.68571281433105	/ibex/scratch/colleoe/spectralMol/guacamol_frequency_ablation_merged_20260824_150715/low-only/seed_0/task_0_Celecoxib_rediscovery/compare_GuacaMol_20260824_153235/model_runtime.tsv
low-only	0	10	Osimertinib_MPO	ok	0	136.31656217575073	/ibex/scratch/colleoe/spectralMol/guacamol_frequency_ablation_merged_20260824_150715/low-only/seed_0/task_10_Osimertinib_MPO/compare_GuacaMol_20260824_153326/model_runtime.tsv
low-only	0	11	Fexofenadine_MPO	ok	0	212.36928057670593	/ibex/scratch/colleoe/spectralMol/guacamol_frequency_ablation_merged_20260824_150715/low-only/seed_0/task_11_Fexofenadine_MPO/compare_GuacaMol_20260824_153326/model_runtime.tsv
low-only	0	12	Ranolazine_MPO	ok	0	149.44458746910095	/ibex/scratch/colleoe/spectralMol/guacamol_frequency_ablation_merged_20260824_150715/low-only/seed_0/task_12_Ranolazine_MPO/compare_GuacaMol_20260824_153337/model_runtime.tsv
low-only	0	13	Perindopril_MPO	ok	0	314.3994517326355	/ibex/scratch/colleoe/spectralMol/guacamol_frequency_ablation_merged_20260824_150715/low-only/seed_0/task_13_Perindopril_MPO/compare_GuacaMol_20260824_153332/model_runtime.tsv
low-only	0	14	Amlodipine_MPO	ok	0	225.19917964935303	/ibex/scratch/colleoe/spectralMol/guacamol_frequency_ablation_merged_20260824_150715/low-only/seed_0/task_14_Amlodipine_MPO/compare_GuacaMol_20260824_153351/model_runtime.tsv
low-only	0	15	Sitagliptin_MPO	ok	0	192.1031575202942	/ibex/scratch/colleoe/spectralMol/guacamol_frequency_ablation_merged_20260824_150715/low-only/seed_0/task_15_Sitagliptin_MPO/compare_GuacaMol_20260824_153355/model_runtime.tsv
low-only	0	16	Zaleplon_MPO	ok	0	153.97934198379517	/ibex/scratch/colleoe/spectralMol/guacamol_frequency_ablation_merged_20260824_150715/low-only/seed_0/task_16_Zaleplon_MPO/compare_GuacaMol_20260824_153359/model_runtime.tsv
low-only	0	17	Valsartan_smarts	ok	0	152.45735955238342	/ibex/scratch/colleoe/spectralMol/guacamol_frequency_ablation_merged_20260824_150715/low-only/seed_0/task_17_Valsartan_smarts/compare_GuacaMol_20260824_153358/model_runtime.tsv
low-only	0	18	Deco_hop	ok	0	179.49248099327087	/ibex/scratch/colleoe/spectralMol/guacamol_frequency_ablation_merged_20260824_150715/low-only/seed_0/task_18_Deco_hop/compare_GuacaMol_20260824_153411/model_runtime.tsv
low-only	0	19	Scaffold_hop	ok	0	194.5544912815094	/ibex/scratch/colleoe/spectralMol/guacamol_frequency_ablation_merged_20260824_150715/low-only/seed_0/task_19_Scaffold_hop/compare_GuacaMol_20260824_153410/model_runtime.tsv
low-only	0	1	Troglitazone_rediscovery	ok	0	175.79499292373657	/ibex/scratch/colleoe/spectralMol/guacamol_frequency_ablation_merged_20260824_150715/low-only/seed_0/task_1_Troglitazone_rediscovery/compare_GuacaMol_20260824_153238/model_runtime.tsv
low-only	0	2	Thiothixene_rediscovery	ok	0	222.1085226535797	/ibex/scratch/colleoe/spectralMol/guacamol_frequency_ablation_merged_20260824_150715/low-only/seed_0/task_2_Thiothixene_rediscovery/compare_GuacaMol_20260824_153238/model_runtime.tsv
low-only	0	3	Aripiprazole_similarity	ok	0	164.83705139160156	/ibex/scratch/colleoe/spectralMol/guacamol_frequency_ablation_merged_20260824_150715/low-only/seed_0/task_3_Aripiprazole_similarity/compare_GuacaMol_20260824_153241/model_runtime.tsv
low-only	0	4	Albuterol_similarity	ok	0	154.3830111026764	/ibex/scratch/colleoe/spectralMol/guacamol_frequency_ablation_merged_20260824_150715/low-only/seed_0/task_4_Albuterol_similarity/compare_GuacaMol_20260824_153244/model_runtime.tsv
low-only	0	5	Mestranol_similarity	ok	0	180.69805312156677	/ibex/scratch/colleoe/spectralMol/guacamol_frequency_ablation_merged_20260824_150715/low-only/seed_0/task_5_Mestranol_similarity/compare_GuacaMol_20260824_153312/model_runtime.tsv
low-only	0	6	C11H24	ok	0	122.34622240066528	/ibex/scratch/colleoe/spectralMol/guacamol_frequency_ablation_merged_20260824_150715/low-only/seed_0/task_6_C11H24/compare_GuacaMol_20260824_153312/model_runtime.tsv
low-only	0	7	C9H10N2O2PF2Cl	ok	0	122.79281997680664	/ibex/scratch/colleoe/spectralMol/guacamol_frequency_ablation_merged_20260824_150715/low-only/seed_0/task_7_C9H10N2O2PF2Cl/compare_GuacaMol_20260824_153311/model_runtime.tsv
low-only	0	8	Median_molecules_1	ok	0	710.9322831630707	/ibex/scratch/colleoe/spectralMol/guacamol_frequency_ablation_merged_20260824_150715/low-only/seed_0/task_8_Median_molecules_1/compare_GuacaMol_20260824_153315/model_runtime.tsv
low-only	0	9	Median_molecules_2	ok	0	675.9781827926636	/ibex/scratch/colleoe/spectralMol/guacamol_frequency_ablation_merged_20260824_150715/low-only/seed_0/task_9_Median_molecules_2/compare_GuacaMol_20260824_153320/model_runtime.tsv
low-only	1	0	Celecoxib_rediscovery	ok	0	210.66101598739624	/ibex/scratch/colleoe/spectralMol/guacamol_frequency_ablation_merged_20260824_150715/low-only/seed_1/task_0_Celecoxib_rediscovery/compare_GuacaMol_20260824_153410/model_runtime.tsv
low-only	1	10	Osimertinib_MPO	ok	0	137.4464614391327	/ibex/scratch/colleoe/spectralMol/guacamol_frequency_ablation_merged_20260824_150715/low-only/seed_1/task_10_Osimertinib_MPO/compare_GuacaMol_20260824_153459/model_runtime.tsv
low-only	1	11	Fexofenadine_MPO	ok	0	241.71887731552124	/ibex/scratch/colleoe/spectralMol/guacamol_frequency_ablation_merged_20260824_150715/low-only/seed_1/task_11_Fexofenadine_MPO/compare_GuacaMol_20260824_153510/model_runtime.tsv
low-only	1	12	Ranolazine_MPO	ok	0	138.6720006465912	/ibex/scratch/colleoe/spectralMol/guacamol_frequency_ablation_merged_20260824_150715/low-only/seed_1/task_12_Ranolazine_MPO/compare_GuacaMol_20260824_153505/model_runtime.tsv
low-only	1	13	Perindopril_MPO	ok	0	244.54420685768127	/ibex/scratch/colleoe/spectralMol/guacamol_frequency_ablation_merged_20260824_150715/low-only/seed_1/task_13_Perindopril_MPO/compare_GuacaMol_20260824_153514/model_runtime.tsv
low-only	1	14	Amlodipine_MPO	ok	0	217.18428945541382	/ibex/scratch/colleoe/spectralMol/guacamol_frequency_ablation_merged_20260824_150715/low-only/seed_1/task_14_Amlodipine_MPO/compare_GuacaMol_20260824_153526/model_runtime.tsv
low-only	1	15	Sitagliptin_MPO	ok	0	190.13554215431213	/ibex/scratch/colleoe/spectralMol/guacamol_frequency_ablation_merged_20260824_150715/low-only/seed_1/task_15_Sitagliptin_MPO/compare_GuacaMol_20260824_153520/model_runtime.tsv
low-only	1	16	Zaleplon_MPO	ok	0	133.2486093044281	/ibex/scratch/colleoe/spectralMol/guacamol_frequency_ablation_merged_20260824_150715/low-only/seed_1/task_16_Zaleplon_MPO/compare_GuacaMol_20260824_153523/model_runtime.tsv
low-only	1	17	Valsartan_smarts	ok	0	150.50798296928406	/ibex/scratch/colleoe/spectralMol/guacamol_frequency_ablation_merged_20260824_150715/low-only/seed_1/task_17_Valsartan_smarts/compare_GuacaMol_20260824_153523/model_runtime.tsv
low-only	1	18	Deco_hop	ok	0	172.29383540153503	/ibex/scratch/colleoe/spectralMol/guacamol_frequency_ablation_merged_20260824_150715/low-only/seed_1/task_18_Deco_hop/compare_GuacaMol_20260824_153532/model_runtime.tsv
low-only	1	19	Scaffold_hop	ok	0	193.10309147834778	/ibex/scratch/colleoe/spectralMol/guacamol_frequency_ablation_merged_20260824_150715/low-only/seed_1/task_19_Scaffold_hop/compare_GuacaMol_20260824_153535/model_runtime.tsv
low-only	1	1	Troglitazone_rediscovery	ok	0	165.7090802192688	/ibex/scratch/colleoe/spectralMol/guacamol_frequency_ablation_merged_20260824_150715/low-only/seed_1/task_1_Troglitazone_rediscovery/compare_GuacaMol_20260824_153409/model_runtime.tsv
low-only	1	2	Thiothixene_rediscovery	ok	0	189.44008493423462	/ibex/scratch/colleoe/spectralMol/guacamol_frequency_ablation_merged_20260824_150715/low-only/seed_1/task_2_Thiothixene_rediscovery/compare_GuacaMol_20260824_153416/model_runtime.tsv
low-only	1	3	Aripiprazole_similarity	ok	0	178.61038088798523	/ibex/scratch/colleoe/spectralMol/guacamol_frequency_ablation_merged_20260824_150715/low-only/seed_1/task_3_Aripiprazole_similarity/compare_GuacaMol_20260824_153420/model_runtime.tsv
low-only	1	4	Albuterol_similarity	ok	0	162.86568975448608	/ibex/scratch/colleoe/spectralMol/guacamol_frequency_ablation_merged_20260824_150715/low-only/seed_1/task_4_Albuterol_similarity/compare_GuacaMol_20260824_153429/model_runtime.tsv
low-only	1	5	Mestranol_similarity	ok	0	182.91472053527832	/ibex/scratch/colleoe/spectralMol/guacamol_frequency_ablation_merged_20260824_150715/low-only/seed_1/task_5_Mestranol_similarity/compare_GuacaMol_20260824_153428/model_runtime.tsv
low-only	1	6	C11H24	ok	0	135.95629239082336	/ibex/scratch/colleoe/spectralMol/guacamol_frequency_ablation_merged_20260824_150715/low-only/seed_1/task_6_C11H24/compare_GuacaMol_20260824_153428/model_runtime.tsv
low-only	1	7	C9H10N2O2PF2Cl	ok	0	122.56526732444763	/ibex/scratch/colleoe/spectralMol/guacamol_frequency_ablation_merged_20260824_150715/low-only/seed_1/task_7_C9H10N2O2PF2Cl/compare_GuacaMol_20260824_153423/model_runtime.tsv
low-only	1	8	Median_molecules_1	ok	0	186.36270880699158	/ibex/scratch/colleoe/spectralMol/guacamol_frequency_ablation_merged_20260824_150715/low-only/seed_1/task_8_Median_molecules_1/compare_GuacaMol_20260824_153434/model_runtime.tsv
low-only	1	9	Median_molecules_2	ok	0	142.50520300865173	/ibex/scratch/colleoe/spectralMol/guacamol_frequency_ablation_merged_20260824_150715/low-only/seed_1/task_9_Median_molecules_2/compare_GuacaMol_20260824_153456/model_runtime.tsv
low-only	2	0	Celecoxib_rediscovery	ok	0	174.0291838645935	/ibex/scratch/colleoe/spectralMol/guacamol_frequency_ablation_merged_20260824_150715/low-only/seed_2/task_0_Celecoxib_rediscovery/compare_GuacaMol_20260824_153540/model_runtime.tsv
low-only	2	10	Osimertinib_MPO	ok	0	138.66081714630127	/ibex/scratch/colleoe/spectralMol/guacamol_frequency_ablation_merged_20260824_150715/low-only/seed_2/task_10_Osimertinib_MPO/compare_GuacaMol_20260824_153630/model_runtime.tsv
low-only	2	11	Fexofenadine_MPO	ok	0	224.56132102012634	/ibex/scratch/colleoe/spectralMol/guacamol_frequency_ablation_merged_20260824_150715/low-only/seed_2/task_11_Fexofenadine_MPO/compare_GuacaMol_20260824_153642/model_runtime.tsv
low-only	2	12	Ranolazine_MPO	ok	0	148.31043601036072	/ibex/scratch/colleoe/spectralMol/guacamol_frequency_ablation_merged_20260824_150715/low-only/seed_2/task_12_Ranolazine_MPO/compare_GuacaMol_20260824_153645/model_runtime.tsv
low-only	2	13	Perindopril_MPO	ok	0	245.29753875732422	/ibex/scratch/colleoe/spectralMol/guacamol_frequency_ablation_merged_20260824_150715/low-only/seed_2/task_13_Perindopril_MPO/compare_GuacaMol_20260824_153658/model_runtime.tsv
low-only	2	14	Amlodipine_MPO	ok	0	267.35360741615295	/ibex/scratch/colleoe/spectralMol/guacamol_frequency_ablation_merged_20260824_150715/low-only/seed_2/task_14_Amlodipine_MPO/compare_GuacaMol_20260824_153659/model_runtime.tsv
low-only	2	15	Sitagliptin_MPO	ok	0	192.93772888183594	/ibex/scratch/colleoe/spectralMol/guacamol_frequency_ablation_merged_20260824_150715/low-only/seed_2/task_15_Sitagliptin_MPO/compare_GuacaMol_20260824_153705/model_runtime.tsv
low-only	2	16	Zaleplon_MPO	ok	0	136.53537392616272	/ibex/scratch/colleoe/spectralMol/guacamol_frequency_ablation_merged_20260824_150715/low-only/seed_2/task_16_Zaleplon_MPO/compare_GuacaMol_20260824_153720/model_runtime.tsv
low-only	2	17	Valsartan_smarts	ok	0	201.17521786689758	/ibex/scratch/colleoe/spectralMol/guacamol_frequency_ablation_merged_20260824_150715/low-only/seed_2/task_17_Valsartan_smarts/compare_GuacaMol_20260824_153718/model_runtime.tsv
low-only	2	18	Deco_hop	ok	0	255.06514024734497	/ibex/scratch/colleoe/spectralMol/guacamol_frequency_ablation_merged_20260824_150715/low-only/seed_2/task_18_Deco_hop/compare_GuacaMol_20260824_153718/model_runtime.tsv
low-only	2	19	Scaffold_hop	ok	0	192.00505709648132	/ibex/scratch/colleoe/spectralMol/guacamol_frequency_ablation_merged_20260824_150715/low-only/seed_2/task_19_Scaffold_hop/compare_GuacaMol_20260824_153723/model_runtime.tsv
low-only	2	1	Troglitazone_rediscovery	ok	0	181.6135573387146	/ibex/scratch/colleoe/spectralMol/guacamol_frequency_ablation_merged_20260824_150715/low-only/seed_2/task_1_Troglitazone_rediscovery/compare_GuacaMol_20260824_153549/model_runtime.tsv
low-only	2	2	Thiothixene_rediscovery	ok	0	170.04081749916077	/ibex/scratch/colleoe/spectralMol/guacamol_frequency_ablation_merged_20260824_150715/low-only/seed_2/task_2_Thiothixene_rediscovery/compare_GuacaMol_20260824_153548/model_runtime.tsv
low-only	2	3	Aripiprazole_similarity	ok	0	716.8971583843231	/ibex/scratch/colleoe/spectralMol/guacamol_frequency_ablation_merged_20260824_150715/low-only/seed_2/task_3_Aripiprazole_similarity/compare_GuacaMol_20260824_153557/model_runtime.tsv
low-only	2	4	Albuterol_similarity	ok	0	207.94057512283325	/ibex/scratch/colleoe/spectralMol/guacamol_frequency_ablation_merged_20260824_150715/low-only/seed_2/task_4_Albuterol_similarity/compare_GuacaMol_20260824_153605/model_runtime.tsv
low-only	2	5	Mestranol_similarity	ok	0	174.77742433547974	/ibex/scratch/colleoe/spectralMol/guacamol_frequency_ablation_merged_20260824_150715/low-only/seed_2/task_5_Mestranol_similarity/compare_GuacaMol_20260824_153620/model_runtime.tsv
low-only	2	6	C11H24	ok	0	129.4800992012024	/ibex/scratch/colleoe/spectralMol/guacamol_frequency_ablation_merged_20260824_150715/low-only/seed_2/task_6_C11H24/compare_GuacaMol_20260824_153615/model_runtime.tsv
low-only	2	7	C9H10N2O2PF2Cl	ok	0	161.57492327690125	/ibex/scratch/colleoe/spectralMol/guacamol_frequency_ablation_merged_20260824_150715/low-only/seed_2/task_7_C9H10N2O2PF2Cl/compare_GuacaMol_20260824_153615/model_runtime.tsv
low-only	2	8	Median_molecules_1	ok	0	178.2169210910797	/ibex/scratch/colleoe/spectralMol/guacamol_frequency_ablation_merged_20260824_150715/low-only/seed_2/task_8_Median_molecules_1/compare_GuacaMol_20260824_153627/model_runtime.tsv
low-only	2	9	Median_molecules_2	ok	0	184.35883212089539	/ibex/scratch/colleoe/spectralMol/guacamol_frequency_ablation_merged_20260824_150715/low-only/seed_2/task_9_Median_molecules_2/compare_GuacaMol_20260824_153626/model_runtime.tsv
low-only	3	0	Celecoxib_rediscovery	ok	0	202.51834654808044	/ibex/scratch/colleoe/spectralMol/guacamol_frequency_ablation_merged_20260824_150715/low-only/seed_3/task_0_Celecoxib_rediscovery/compare_GuacaMol_20260824_153732/model_runtime.tsv
low-only	3	10	Osimertinib_MPO	ok	0	158.58945608139038	/ibex/scratch/colleoe/spectralMol/guacamol_frequency_ablation_merged_20260824_150715/low-only/seed_3/task_10_Osimertinib_MPO/compare_GuacaMol_20260824_153806/model_runtime.tsv
low-only	3	11	Fexofenadine_MPO	ok	0	247.2615933418274	/ibex/scratch/colleoe/spectralMol/guacamol_frequency_ablation_merged_20260824_150715/low-only/seed_3/task_11_Fexofenadine_MPO/compare_GuacaMol_20260824_153836/model_runtime.tsv
low-only	3	12	Ranolazine_MPO	ok	0	136.97646927833557	/ibex/scratch/colleoe/spectralMol/guacamol_frequency_ablation_merged_20260824_150715/low-only/seed_3/task_12_Ranolazine_MPO/compare_GuacaMol_20260824_153830/model_runtime.tsv
low-only	3	13	Perindopril_MPO	ok	0	244.28222823143005	/ibex/scratch/colleoe/spectralMol/guacamol_frequency_ablation_merged_20260824_150715/low-only/seed_3/task_13_Perindopril_MPO/compare_GuacaMol_20260824_153835/model_runtime.tsv
low-only	3	14	Amlodipine_MPO	ok	0	223.51828289031982	/ibex/scratch/colleoe/spectralMol/guacamol_frequency_ablation_merged_20260824_150715/low-only/seed_3/task_14_Amlodipine_MPO/compare_GuacaMol_20260824_153844/model_runtime.tsv
low-only	3	15	Sitagliptin_MPO	ok	0	186.5848000049591	/ibex/scratch/colleoe/spectralMol/guacamol_frequency_ablation_merged_20260824_150715/low-only/seed_3/task_15_Sitagliptin_MPO/compare_GuacaMol_20260824_153844/model_runtime.tsv
low-only	3	16	Zaleplon_MPO	ok	0	158.16974806785583	/ibex/scratch/colleoe/spectralMol/guacamol_frequency_ablation_merged_20260824_150715/low-only/seed_3/task_16_Zaleplon_MPO/compare_GuacaMol_20260824_153858/model_runtime.tsv
low-only	3	17	Valsartan_smarts	ok	0	155.22548031806946	/ibex/scratch/colleoe/spectralMol/guacamol_frequency_ablation_merged_20260824_150715/low-only/seed_3/task_17_Valsartan_smarts/compare_GuacaMol_20260824_153900/model_runtime.tsv
low-only	3	18	Deco_hop	ok	0	173.17244386672974	/ibex/scratch/colleoe/spectralMol/guacamol_frequency_ablation_merged_20260824_150715/low-only/seed_3/task_18_Deco_hop/compare_GuacaMol_20260824_153854/model_runtime.tsv
low-only	3	19	Scaffold_hop	ok	0	197.42344856262207	/ibex/scratch/colleoe/spectralMol/guacamol_frequency_ablation_merged_20260824_150715/low-only/seed_3/task_19_Scaffold_hop/compare_GuacaMol_20260824_153905/model_runtime.tsv
low-only	3	1	Troglitazone_rediscovery	ok	0	201.65792322158813	/ibex/scratch/colleoe/spectralMol/guacamol_frequency_ablation_merged_20260824_150715/low-only/seed_3/task_1_Troglitazone_rediscovery/compare_GuacaMol_20260824_153732/model_runtime.tsv
low-only	3	2	Thiothixene_rediscovery	ok	0	192.02436566352844	/ibex/scratch/colleoe/spectralMol/guacamol_frequency_ablation_merged_20260824_150715/low-only/seed_3/task_2_Thiothixene_rediscovery/compare_GuacaMol_20260824_153729/model_runtime.tsv
low-only	3	3	Aripiprazole_similarity	ok	0	178.63095259666443	/ibex/scratch/colleoe/spectralMol/guacamol_frequency_ablation_merged_20260824_150715/low-only/seed_3/task_3_Aripiprazole_similarity/compare_GuacaMol_20260824_153738/model_runtime.tsv
low-only	3	4	Albuterol_similarity	ok	0	160.47910261154175	/ibex/scratch/colleoe/spectralMol/guacamol_frequency_ablation_merged_20260824_150715/low-only/seed_3/task_4_Albuterol_similarity/compare_GuacaMol_20260824_153737/model_runtime.tsv
low-only	3	5	Mestranol_similarity	ok	0	176.99922108650208	/ibex/scratch/colleoe/spectralMol/guacamol_frequency_ablation_merged_20260824_150715/low-only/seed_3/task_5_Mestranol_similarity/compare_GuacaMol_20260824_153743/model_runtime.tsv
low-only	3	6	C11H24	ok	0	115.47055125236511	/ibex/scratch/colleoe/spectralMol/guacamol_frequency_ablation_merged_20260824_150715/low-only/seed_3/task_6_C11H24/compare_GuacaMol_20260824_153741/model_runtime.tsv
low-only	3	7	C9H10N2O2PF2Cl	ok	0	140.04118537902832	/ibex/scratch/colleoe/spectralMol/guacamol_frequency_ablation_merged_20260824_150715/low-only/seed_3/task_7_C9H10N2O2PF2Cl/compare_GuacaMol_20260824_153750/model_runtime.tsv
low-only	3	8	Median_molecules_1	ok	0	169.29728770256042	/ibex/scratch/colleoe/spectralMol/guacamol_frequency_ablation_merged_20260824_150715/low-only/seed_3/task_8_Median_molecules_1/compare_GuacaMol_20260824_153752/model_runtime.tsv
low-only	3	9	Median_molecules_2	ok	0	155.98135709762573	/ibex/scratch/colleoe/spectralMol/guacamol_frequency_ablation_merged_20260824_150715/low-only/seed_3/task_9_Median_molecules_2/compare_GuacaMol_20260824_153753/model_runtime.tsv
low-only	4	0	Celecoxib_rediscovery	ok	0	175.75795221328735	/ibex/scratch/colleoe/spectralMol/guacamol_frequency_ablation_merged_20260824_150715/low-only/seed_4/task_0_Celecoxib_rediscovery/compare_GuacaMol_20260824_153903/model_runtime.tsv
low-only	4	10	Osimertinib_MPO	ok	0	143.47540950775146	/ibex/scratch/colleoe/spectralMol/guacamol_frequency_ablation_merged_20260824_150715/low-only/seed_4/task_10_Osimertinib_MPO/compare_GuacaMol_20260824_153949/model_runtime.tsv
low-only	4	11	Fexofenadine_MPO	ok	0	278.6842122077942	/ibex/scratch/colleoe/spectralMol/guacamol_frequency_ablation_merged_20260824_150715/low-only/seed_4/task_11_Fexofenadine_MPO/compare_GuacaMol_20260824_154022/model_runtime.tsv
low-only	4	12	Ranolazine_MPO	ok	0	154.42079138755798	/ibex/scratch/colleoe/spectralMol/guacamol_frequency_ablation_merged_20260824_150715/low-only/seed_4/task_12_Ranolazine_MPO/compare_GuacaMol_20260824_154028/model_runtime.tsv
low-only	4	13	Perindopril_MPO	ok	0	249.8954930305481	/ibex/scratch/colleoe/spectralMol/guacamol_frequency_ablation_merged_20260824_150715/low-only/seed_4/task_13_Perindopril_MPO/compare_GuacaMol_20260824_154023/model_runtime.tsv
low-only	4	14	Amlodipine_MPO	ok	0	238.10508036613464	/ibex/scratch/colleoe/spectralMol/guacamol_frequency_ablation_merged_20260824_150715/low-only/seed_4/task_14_Amlodipine_MPO/compare_GuacaMol_20260824_154038/model_runtime.tsv
low-only	4	15	Sitagliptin_MPO	ok	0	202.2614939212799	/ibex/scratch/colleoe/spectralMol/guacamol_frequency_ablation_merged_20260824_150715/low-only/seed_4/task_15_Sitagliptin_MPO/compare_GuacaMol_20260824_154041/model_runtime.tsv
low-only	4	16	Zaleplon_MPO	ok	0	128.6878423690796	/ibex/scratch/colleoe/spectralMol/guacamol_frequency_ablation_merged_20260824_150715/low-only/seed_4/task_16_Zaleplon_MPO/compare_GuacaMol_20260824_154040/model_runtime.tsv
low-only	4	17	Valsartan_smarts	ok	0	163.1397898197174	/ibex/scratch/colleoe/spectralMol/guacamol_frequency_ablation_merged_20260824_150715/low-only/seed_4/task_17_Valsartan_smarts/compare_GuacaMol_20260824_154050/model_runtime.tsv
low-only	4	18	Deco_hop	ok	0	252.4760127067566	/ibex/scratch/colleoe/spectralMol/guacamol_frequency_ablation_merged_20260824_150715/low-only/seed_4/task_18_Deco_hop/compare_GuacaMol_20260824_154052/model_runtime.tsv
low-only	4	19	Scaffold_hop	ok	0	194.24963355064392	/ibex/scratch/colleoe/spectralMol/guacamol_frequency_ablation_merged_20260824_150715/low-only/seed_4/task_19_Scaffold_hop/compare_GuacaMol_20260824_154047/model_runtime.tsv
low-only	4	1	Troglitazone_rediscovery	ok	0	190.6250193119049	/ibex/scratch/colleoe/spectralMol/guacamol_frequency_ablation_merged_20260824_150715/low-only/seed_4/task_1_Troglitazone_rediscovery/compare_GuacaMol_20260824_153918/model_runtime.tsv
low-only	4	2	Thiothixene_rediscovery	ok	0	197.0755066871643	/ibex/scratch/colleoe/spectralMol/guacamol_frequency_ablation_merged_20260824_150715/low-only/seed_4/task_2_Thiothixene_rediscovery/compare_GuacaMol_20260824_153923/model_runtime.tsv
low-only	4	3	Aripiprazole_similarity	ok	0	178.23550009727478	/ibex/scratch/colleoe/spectralMol/guacamol_frequency_ablation_merged_20260824_150715/low-only/seed_4/task_3_Aripiprazole_similarity/compare_GuacaMol_20260824_153925/model_runtime.tsv
low-only	4	4	Albuterol_similarity	ok	0	160.16984367370605	/ibex/scratch/colleoe/spectralMol/guacamol_frequency_ablation_merged_20260824_150715/low-only/seed_4/task_4_Albuterol_similarity/compare_GuacaMol_20260824_153927/model_runtime.tsv
low-only	4	5	Mestranol_similarity	ok	0	200.26083707809448	/ibex/scratch/colleoe/spectralMol/guacamol_frequency_ablation_merged_20260824_150715/low-only/seed_4/task_5_Mestranol_similarity/compare_GuacaMol_20260824_153926/model_runtime.tsv
low-only	4	6	C11H24	ok	0	124.99767112731934	/ibex/scratch/colleoe/spectralMol/guacamol_frequency_ablation_merged_20260824_150715/low-only/seed_4/task_6_C11H24/compare_GuacaMol_20260824_153938/model_runtime.tsv
low-only	4	7	C9H10N2O2PF2Cl	ok	0	130.89955639839172	/ibex/scratch/colleoe/spectralMol/guacamol_frequency_ablation_merged_20260824_150715/low-only/seed_4/task_7_C9H10N2O2PF2Cl/compare_GuacaMol_20260824_153936/model_runtime.tsv
low-only	4	8	Median_molecules_1	ok	0	198.74673080444336	/ibex/scratch/colleoe/spectralMol/guacamol_frequency_ablation_merged_20260824_150715/low-only/seed_4/task_8_Median_molecules_1/compare_GuacaMol_20260824_153938/model_runtime.tsv
low-only	4	9	Median_molecules_2	ok	0	133.38982009887695	/ibex/scratch/colleoe/spectralMol/guacamol_frequency_ablation_merged_20260824_150715/low-only/seed_4/task_9_Median_molecules_2/compare_GuacaMol_20260824_153944/model_runtime.tsv
low-only	5	0	Celecoxib_rediscovery	ok	0	240.20379328727722	/ibex/scratch/colleoe/spectralMol/guacamol_frequency_ablation_merged_20260824_150715/low-only/seed_5/task_0_Celecoxib_rediscovery/compare_GuacaMol_20260824_154048/model_runtime.tsv
low-only	5	10	Osimertinib_MPO	ok	0	177.5989100933075	/ibex/scratch/colleoe/spectralMol/guacamol_frequency_ablation_merged_20260824_150715/low-only/seed_5/task_10_Osimertinib_MPO/compare_GuacaMol_20260824_154150/model_runtime.tsv
low-only	5	11	Fexofenadine_MPO	ok	0	248.3703830242157	/ibex/scratch/colleoe/spectralMol/guacamol_frequency_ablation_merged_20260824_150715/low-only/seed_5/task_11_Fexofenadine_MPO/compare_GuacaMol_20260824_154156/model_runtime.tsv
low-only	5	12	Ranolazine_MPO	ok	0	190.374596118927	/ibex/scratch/colleoe/spectralMol/guacamol_frequency_ablation_merged_20260824_150715/low-only/seed_5/task_12_Ranolazine_MPO/compare_GuacaMol_20260824_154159/model_runtime.tsv
low-only	5	13	Perindopril_MPO	ok	0	253.98255467414856	/ibex/scratch/colleoe/spectralMol/guacamol_frequency_ablation_merged_20260824_150715/low-only/seed_5/task_13_Perindopril_MPO/compare_GuacaMol_20260824_154159/model_runtime.tsv
low-only	5	14	Amlodipine_MPO	ok	0	240.132493019104	/ibex/scratch/colleoe/spectralMol/guacamol_frequency_ablation_merged_20260824_150715/low-only/seed_5/task_14_Amlodipine_MPO/compare_GuacaMol_20260824_154156/model_runtime.tsv
low-only	5	15	Sitagliptin_MPO	ok	0	184.1517882347107	/ibex/scratch/colleoe/spectralMol/guacamol_frequency_ablation_merged_20260824_150715/low-only/seed_5/task_15_Sitagliptin_MPO/compare_GuacaMol_20260824_154202/model_runtime.tsv
low-only	5	16	Zaleplon_MPO	ok	0	165.68250393867493	/ibex/scratch/colleoe/spectralMol/guacamol_frequency_ablation_merged_20260824_150715/low-only/seed_5/task_16_Zaleplon_MPO/compare_GuacaMol_20260824_154205/model_runtime.tsv
low-only	5	17	Valsartan_smarts	ok	0	160.54848098754883	/ibex/scratch/colleoe/spectralMol/guacamol_frequency_ablation_merged_20260824_150715/low-only/seed_5/task_17_Valsartan_smarts/compare_GuacaMol_20260824_154220/model_runtime.tsv
low-only	5	18	Deco_hop	ok	0	170.81148052215576	/ibex/scratch/colleoe/spectralMol/guacamol_frequency_ablation_merged_20260824_150715/low-only/seed_5/task_18_Deco_hop/compare_GuacaMol_20260824_154223/model_runtime.tsv
low-only	5	19	Scaffold_hop	ok	0	218.1815061569214	/ibex/scratch/colleoe/spectralMol/guacamol_frequency_ablation_merged_20260824_150715/low-only/seed_5/task_19_Scaffold_hop/compare_GuacaMol_20260824_154234/model_runtime.tsv
low-only	5	1	Troglitazone_rediscovery	ok	0	186.94741010665894	/ibex/scratch/colleoe/spectralMol/guacamol_frequency_ablation_merged_20260824_150715/low-only/seed_5/task_1_Troglitazone_rediscovery/compare_GuacaMol_20260824_154055/model_runtime.tsv
low-only	5	2	Thiothixene_rediscovery	ok	0	207.25050020217896	/ibex/scratch/colleoe/spectralMol/guacamol_frequency_ablation_merged_20260824_150715/low-only/seed_5/task_2_Thiothixene_rediscovery/compare_GuacaMol_20260824_154055/model_runtime.tsv
low-only	5	3	Aripiprazole_similarity	ok	0	187.987610578537	/ibex/scratch/colleoe/spectralMol/guacamol_frequency_ablation_merged_20260824_150715/low-only/seed_5/task_3_Aripiprazole_similarity/compare_GuacaMol_20260824_154059/model_runtime.tsv
low-only	5	4	Albuterol_similarity	ok	0	149.9425036907196	/ibex/scratch/colleoe/spectralMol/guacamol_frequency_ablation_merged_20260824_150715/low-only/seed_5/task_4_Albuterol_similarity/compare_GuacaMol_20260824_154100/model_runtime.tsv
low-only	5	5	Mestranol_similarity	ok	0	176.63896226882935	/ibex/scratch/colleoe/spectralMol/guacamol_frequency_ablation_merged_20260824_150715/low-only/seed_5/task_5_Mestranol_similarity/compare_GuacaMol_20260824_154101/model_runtime.tsv
low-only	5	6	C11H24	ok	0	140.66867017745972	/ibex/scratch/colleoe/spectralMol/guacamol_frequency_ablation_merged_20260824_150715/low-only/seed_5/task_6_C11H24/compare_GuacaMol_20260824_154115/model_runtime.tsv
low-only	5	7	C9H10N2O2PF2Cl	ok	0	151.05713820457458	/ibex/scratch/colleoe/spectralMol/guacamol_frequency_ablation_merged_20260824_150715/low-only/seed_5/task_7_C9H10N2O2PF2Cl/compare_GuacaMol_20260824_154139/model_runtime.tsv
low-only	5	8	Median_molecules_1	ok	0	220.8667814731598	/ibex/scratch/colleoe/spectralMol/guacamol_frequency_ablation_merged_20260824_150715/low-only/seed_5/task_8_Median_molecules_1/compare_GuacaMol_20260824_154144/model_runtime.tsv
low-only	5	9	Median_molecules_2	ok	0	134.53044056892395	/ibex/scratch/colleoe/spectralMol/guacamol_frequency_ablation_merged_20260824_150715/low-only/seed_5/task_9_Median_molecules_2/compare_GuacaMol_20260824_154142/model_runtime.tsv
random-matrix	0	0	Celecoxib_rediscovery	ok	0	186.01275420188904	/ibex/scratch/colleoe/spectralMol/guacamol_frequency_ablation_merged_20260824_150715/random-matrix/seed_0/task_0_Celecoxib_rediscovery/compare_GuacaMol_20260824_154234/model_runtime.tsv
random-matrix	0	10	Osimertinib_MPO	ok	0	146.7587025165558	/ibex/scratch/colleoe/spectralMol/guacamol_frequency_ablation_merged_20260824_150715/random-matrix/seed_0/task_10_Osimertinib_MPO/compare_GuacaMol_20260824_154335/model_runtime.tsv
random-matrix	0	11	Fexofenadine_MPO	ok	0	231.61367321014404	/ibex/scratch/colleoe/spectralMol/guacamol_frequency_ablation_merged_20260824_150715/random-matrix/seed_0/task_11_Fexofenadine_MPO/compare_GuacaMol_20260824_154346/model_runtime.tsv
random-matrix	0	12	Ranolazine_MPO	ok	0	135.02502489089966	/ibex/scratch/colleoe/spectralMol/guacamol_frequency_ablation_merged_20260824_150715/random-matrix/seed_0/task_12_Ranolazine_MPO/compare_GuacaMol_20260824_154341/model_runtime.tsv
random-matrix	0	13	Perindopril_MPO	ok	0	262.43479084968567	/ibex/scratch/colleoe/spectralMol/guacamol_frequency_ablation_merged_20260824_150715/random-matrix/seed_0/task_13_Perindopril_MPO/compare_GuacaMol_20260824_154409/model_runtime.tsv
random-matrix	0	14	Amlodipine_MPO	ok	0	218.3174135684967	/ibex/scratch/colleoe/spectralMol/guacamol_frequency_ablation_merged_20260824_150715/random-matrix/seed_0/task_14_Amlodipine_MPO/compare_GuacaMol_20260824_154403/model_runtime.tsv
random-matrix	0	15	Sitagliptin_MPO	ok	0	302.15790128707886	/ibex/scratch/colleoe/spectralMol/guacamol_frequency_ablation_merged_20260824_150715/random-matrix/seed_0/task_15_Sitagliptin_MPO/compare_GuacaMol_20260824_154407/model_runtime.tsv
random-matrix	0	16	Zaleplon_MPO	ok	0	153.2804126739502	/ibex/scratch/colleoe/spectralMol/guacamol_frequency_ablation_merged_20260824_150715/random-matrix/seed_0/task_16_Zaleplon_MPO/compare_GuacaMol_20260824_154413/model_runtime.tsv
random-matrix	0	17	Valsartan_smarts	ok	0	165.06475734710693	/ibex/scratch/colleoe/spectralMol/guacamol_frequency_ablation_merged_20260824_150715/random-matrix/seed_0/task_17_Valsartan_smarts/compare_GuacaMol_20260824_154411/model_runtime.tsv
random-matrix	0	18	Deco_hop	ok	0	184.52757811546326	/ibex/scratch/colleoe/spectralMol/guacamol_frequency_ablation_merged_20260824_150715/random-matrix/seed_0/task_18_Deco_hop/compare_GuacaMol_20260824_154419/model_runtime.tsv
random-matrix	0	19	Scaffold_hop	ok	0	201.28725719451904	/ibex/scratch/colleoe/spectralMol/guacamol_frequency_ablation_merged_20260824_150715/random-matrix/seed_0/task_19_Scaffold_hop/compare_GuacaMol_20260824_154423/model_runtime.tsv
random-matrix	0	1	Troglitazone_rediscovery	ok	0	204.68277382850647	/ibex/scratch/colleoe/spectralMol/guacamol_frequency_ablation_merged_20260824_150715/random-matrix/seed_0/task_1_Troglitazone_rediscovery/compare_GuacaMol_20260824_154239/model_runtime.tsv
random-matrix	0	2	Thiothixene_rediscovery	ok	0	172.0232388973236	/ibex/scratch/colleoe/spectralMol/guacamol_frequency_ablation_merged_20260824_150715/random-matrix/seed_0/task_2_Thiothixene_rediscovery/compare_GuacaMol_20260824_154234/model_runtime.tsv
random-matrix	0	3	Aripiprazole_similarity	ok	0	186.88037157058716	/ibex/scratch/colleoe/spectralMol/guacamol_frequency_ablation_merged_20260824_150715/random-matrix/seed_0/task_3_Aripiprazole_similarity/compare_GuacaMol_20260824_154251/model_runtime.tsv
random-matrix	0	4	Albuterol_similarity	ok	0	146.72280955314636	/ibex/scratch/colleoe/spectralMol/guacamol_frequency_ablation_merged_20260824_150715/random-matrix/seed_0/task_4_Albuterol_similarity/compare_GuacaMol_20260824_154247/model_runtime.tsv
random-matrix	0	5	Mestranol_similarity	ok	0	190.75448083877563	/ibex/scratch/colleoe/spectralMol/guacamol_frequency_ablation_merged_20260824_150715/random-matrix/seed_0/task_5_Mestranol_similarity/compare_GuacaMol_20260824_154255/model_runtime.tsv
random-matrix	0	6	C11H24	ok	0	116.30438995361328	/ibex/scratch/colleoe/spectralMol/guacamol_frequency_ablation_merged_20260824_150715/random-matrix/seed_0/task_6_C11H24/compare_GuacaMol_20260824_154253/model_runtime.tsv
random-matrix	0	7	C9H10N2O2PF2Cl	ok	0	196.2566637992859	/ibex/scratch/colleoe/spectralMol/guacamol_frequency_ablation_merged_20260824_150715/random-matrix/seed_0/task_7_C9H10N2O2PF2Cl/compare_GuacaMol_20260824_154256/model_runtime.tsv
random-matrix	0	8	Median_molecules_1	ok	0	187.7664315700531	/ibex/scratch/colleoe/spectralMol/guacamol_frequency_ablation_merged_20260824_150715/random-matrix/seed_0/task_8_Median_molecules_1/compare_GuacaMol_20260824_154307/model_runtime.tsv
random-matrix	0	9	Median_molecules_2	ok	0	170.53305912017822	/ibex/scratch/colleoe/spectralMol/guacamol_frequency_ablation_merged_20260824_150715/random-matrix/seed_0/task_9_Median_molecules_2/compare_GuacaMol_20260824_154312/model_runtime.tsv
random-matrix	1	0	Celecoxib_rediscovery	ok	0	204.4923803806305	/ibex/scratch/colleoe/spectralMol/guacamol_frequency_ablation_merged_20260824_150715/random-matrix/seed_1/task_0_Celecoxib_rediscovery/compare_GuacaMol_20260824_154429/model_runtime.tsv
random-matrix	1	10	Osimertinib_MPO	ok	0	145.04080533981323	/ibex/scratch/colleoe/spectralMol/guacamol_frequency_ablation_merged_20260824_150715/random-matrix/seed_1/task_10_Osimertinib_MPO/compare_GuacaMol_20260824_154511/model_runtime.tsv
random-matrix	1	11	Fexofenadine_MPO	ok	0	235.94339203834534	/ibex/scratch/colleoe/spectralMol/guacamol_frequency_ablation_merged_20260824_150715/random-matrix/seed_1/task_11_Fexofenadine_MPO/compare_GuacaMol_20260824_154515/model_runtime.tsv
random-matrix	1	12	Ranolazine_MPO	ok	0	543.9824545383453	/ibex/scratch/colleoe/spectralMol/guacamol_frequency_ablation_merged_20260824_150715/random-matrix/seed_1/task_12_Ranolazine_MPO/compare_GuacaMol_20260824_154515/model_runtime.tsv
random-matrix	1	13	Perindopril_MPO	ok	0	262.1382067203522	/ibex/scratch/colleoe/spectralMol/guacamol_frequency_ablation_merged_20260824_150715/random-matrix/seed_1/task_13_Perindopril_MPO/compare_GuacaMol_20260824_154523/model_runtime.tsv
random-matrix	1	14	Amlodipine_MPO	ok	0	244.03627014160156	/ibex/scratch/colleoe/spectralMol/guacamol_frequency_ablation_merged_20260824_150715/random-matrix/seed_1/task_14_Amlodipine_MPO/compare_GuacaMol_20260824_154520/model_runtime.tsv
random-matrix	1	15	Sitagliptin_MPO	ok	0	179.22985172271729	/ibex/scratch/colleoe/spectralMol/guacamol_frequency_ablation_merged_20260824_150715/random-matrix/seed_1/task_15_Sitagliptin_MPO/compare_GuacaMol_20260824_154525/model_runtime.tsv
random-matrix	1	16	Zaleplon_MPO	ok	0	139.56030368804932	/ibex/scratch/colleoe/spectralMol/guacamol_frequency_ablation_merged_20260824_150715/random-matrix/seed_1/task_16_Zaleplon_MPO/compare_GuacaMol_20260824_154537/model_runtime.tsv
random-matrix	1	17	Valsartan_smarts	ok	0	166.4994125366211	/ibex/scratch/colleoe/spectralMol/guacamol_frequency_ablation_merged_20260824_150715/random-matrix/seed_1/task_17_Valsartan_smarts/compare_GuacaMol_20260824_154532/model_runtime.tsv
random-matrix	1	18	Deco_hop	ok	0	171.79340600967407	/ibex/scratch/colleoe/spectralMol/guacamol_frequency_ablation_merged_20260824_150715/random-matrix/seed_1/task_18_Deco_hop/compare_GuacaMol_20260824_154550/model_runtime.tsv
random-matrix	1	19	Scaffold_hop	ok	0	180.45928835868835	/ibex/scratch/colleoe/spectralMol/guacamol_frequency_ablation_merged_20260824_150715/random-matrix/seed_1/task_19_Scaffold_hop/compare_GuacaMol_20260824_154602/model_runtime.tsv
random-matrix	1	1	Troglitazone_rediscovery	ok	0	183.10985279083252	/ibex/scratch/colleoe/spectralMol/guacamol_frequency_ablation_merged_20260824_150715/random-matrix/seed_1/task_1_Troglitazone_rediscovery/compare_GuacaMol_20260824_154438/model_runtime.tsv
random-matrix	1	2	Thiothixene_rediscovery	ok	0	215.19400763511658	/ibex/scratch/colleoe/spectralMol/guacamol_frequency_ablation_merged_20260824_150715/random-matrix/seed_1/task_2_Thiothixene_rediscovery/compare_GuacaMol_20260824_154449/model_runtime.tsv
random-matrix	1	3	Aripiprazole_similarity	ok	0	177.9713418483734	/ibex/scratch/colleoe/spectralMol/guacamol_frequency_ablation_merged_20260824_150715/random-matrix/seed_1/task_3_Aripiprazole_similarity/compare_GuacaMol_20260824_154444/model_runtime.tsv
random-matrix	1	4	Albuterol_similarity	ok	0	171.930114030838	/ibex/scratch/colleoe/spectralMol/guacamol_frequency_ablation_merged_20260824_150715/random-matrix/seed_1/task_4_Albuterol_similarity/compare_GuacaMol_20260824_154454/model_runtime.tsv
random-matrix	1	5	Mestranol_similarity	ok	0	220.58021688461304	/ibex/scratch/colleoe/spectralMol/guacamol_frequency_ablation_merged_20260824_150715/random-matrix/seed_1/task_5_Mestranol_similarity/compare_GuacaMol_20260824_154500/model_runtime.tsv
random-matrix	1	6	C11H24	ok	0	201.25230622291565	/ibex/scratch/colleoe/spectralMol/guacamol_frequency_ablation_merged_20260824_150715/random-matrix/seed_1/task_6_C11H24/compare_GuacaMol_20260824_154454/model_runtime.tsv
random-matrix	1	7	C9H10N2O2PF2Cl	ok	0	151.50409483909607	/ibex/scratch/colleoe/spectralMol/guacamol_frequency_ablation_merged_20260824_150715/random-matrix/seed_1/task_7_C9H10N2O2PF2Cl/compare_GuacaMol_20260824_154456/model_runtime.tsv
random-matrix	1	8	Median_molecules_1	ok	0	149.82708024978638	/ibex/scratch/colleoe/spectralMol/guacamol_frequency_ablation_merged_20260824_150715/random-matrix/seed_1/task_8_Median_molecules_1/compare_GuacaMol_20260824_154513/model_runtime.tsv
random-matrix	1	9	Median_molecules_2	ok	0	192.81090569496155	/ibex/scratch/colleoe/spectralMol/guacamol_frequency_ablation_merged_20260824_150715/random-matrix/seed_1/task_9_Median_molecules_2/compare_GuacaMol_20260824_154512/model_runtime.tsv
random-matrix	2	0	Celecoxib_rediscovery	ok	0	222.94288611412048	/ibex/scratch/colleoe/spectralMol/guacamol_frequency_ablation_merged_20260824_150715/random-matrix/seed_2/task_0_Celecoxib_rediscovery/compare_GuacaMol_20260824_154602/model_runtime.tsv
random-matrix	2	10	Osimertinib_MPO	ok	0	160.6896026134491	/ibex/scratch/colleoe/spectralMol/guacamol_frequency_ablation_merged_20260824_150715/random-matrix/seed_2/task_10_Osimertinib_MPO/compare_GuacaMol_20260824_154625/model_runtime.tsv
random-matrix	2	11	Fexofenadine_MPO	ok	0	212.85652828216553	/ibex/scratch/colleoe/spectralMol/guacamol_frequency_ablation_merged_20260824_150715/random-matrix/seed_2/task_11_Fexofenadine_MPO/compare_GuacaMol_20260824_154658/model_runtime.tsv
random-matrix	2	12	Ranolazine_MPO	ok	0	137.50493717193604	/ibex/scratch/colleoe/spectralMol/guacamol_frequency_ablation_merged_20260824_150715/random-matrix/seed_2/task_12_Ranolazine_MPO/compare_GuacaMol_20260824_154706/model_runtime.tsv
random-matrix	2	13	Perindopril_MPO	ok	0	266.26982283592224	/ibex/scratch/colleoe/spectralMol/guacamol_frequency_ablation_merged_20260824_150715/random-matrix/seed_2/task_13_Perindopril_MPO/compare_GuacaMol_20260824_154738/model_runtime.tsv
random-matrix	2	14	Amlodipine_MPO	ok	0	217.92939615249634	/ibex/scratch/colleoe/spectralMol/guacamol_frequency_ablation_merged_20260824_150715/random-matrix/seed_2/task_14_Amlodipine_MPO/compare_GuacaMol_20260824_154732/model_runtime.tsv
random-matrix	2	15	Sitagliptin_MPO	ok	0	194.44422936439514	/ibex/scratch/colleoe/spectralMol/guacamol_frequency_ablation_merged_20260824_150715/random-matrix/seed_2/task_15_Sitagliptin_MPO/compare_GuacaMol_20260824_154742/model_runtime.tsv
random-matrix	2	16	Zaleplon_MPO	ok	0	210.23734545707703	/ibex/scratch/colleoe/spectralMol/guacamol_frequency_ablation_merged_20260824_150715/random-matrix/seed_2/task_16_Zaleplon_MPO/compare_GuacaMol_20260824_154750/model_runtime.tsv
random-matrix	2	17	Valsartan_smarts	ok	0	164.73026537895203	/ibex/scratch/colleoe/spectralMol/guacamol_frequency_ablation_merged_20260824_150715/random-matrix/seed_2/task_17_Valsartan_smarts/compare_GuacaMol_20260824_154747/model_runtime.tsv
random-matrix	2	18	Deco_hop	ok	0	178.3435413837433	/ibex/scratch/colleoe/spectralMol/guacamol_frequency_ablation_merged_20260824_150715/random-matrix/seed_2/task_18_Deco_hop/compare_GuacaMol_20260824_154747/model_runtime.tsv
random-matrix	2	19	Scaffold_hop	ok	0	180.07270574569702	/ibex/scratch/colleoe/spectralMol/guacamol_frequency_ablation_merged_20260824_150715/random-matrix/seed_2/task_19_Scaffold_hop/compare_GuacaMol_20260824_154747/model_runtime.tsv
random-matrix	2	1	Troglitazone_rediscovery	ok	0	209.4456992149353	/ibex/scratch/colleoe/spectralMol/guacamol_frequency_ablation_merged_20260824_150715/random-matrix/seed_2/task_1_Troglitazone_rediscovery/compare_GuacaMol_20260824_154611/model_runtime.tsv
random-matrix	2	2	Thiothixene_rediscovery	ok	0	183.59194612503052	/ibex/scratch/colleoe/spectralMol/guacamol_frequency_ablation_merged_20260824_150715/random-matrix/seed_2/task_2_Thiothixene_rediscovery/compare_GuacaMol_20260824_154608/model_runtime.tsv
random-matrix	2	3	Aripiprazole_similarity	ok	0	170.77899718284607	/ibex/scratch/colleoe/spectralMol/guacamol_frequency_ablation_merged_20260824_150715/random-matrix/seed_2/task_3_Aripiprazole_similarity/compare_GuacaMol_20260824_154613/model_runtime.tsv
random-matrix	2	4	Albuterol_similarity	ok	0	169.79940366744995	/ibex/scratch/colleoe/spectralMol/guacamol_frequency_ablation_merged_20260824_150715/random-matrix/seed_2/task_4_Albuterol_similarity/compare_GuacaMol_20260824_154617/model_runtime.tsv
random-matrix	2	5	Mestranol_similarity	ok	0	211.09992337226868	/ibex/scratch/colleoe/spectralMol/guacamol_frequency_ablation_merged_20260824_150715/random-matrix/seed_2/task_5_Mestranol_similarity/compare_GuacaMol_20260824_154612/model_runtime.tsv
random-matrix	2	6	C11H24	ok	0	246.40919089317322	/ibex/scratch/colleoe/spectralMol/guacamol_frequency_ablation_merged_20260824_150715/random-matrix/seed_2/task_6_C11H24/compare_GuacaMol_20260824_154619/model_runtime.tsv
random-matrix	2	7	C9H10N2O2PF2Cl	ok	0	125.30690860748291	/ibex/scratch/colleoe/spectralMol/guacamol_frequency_ablation_merged_20260824_150715/random-matrix/seed_2/task_7_C9H10N2O2PF2Cl/compare_GuacaMol_20260824_154617/model_runtime.tsv
random-matrix	2	8	Median_molecules_1	ok	0	160.37111020088196	/ibex/scratch/colleoe/spectralMol/guacamol_frequency_ablation_merged_20260824_150715/random-matrix/seed_2/task_8_Median_molecules_1/compare_GuacaMol_20260824_154625/model_runtime.tsv
random-matrix	2	9	Median_molecules_2	ok	0	187.28425645828247	/ibex/scratch/colleoe/spectralMol/guacamol_frequency_ablation_merged_20260824_150715/random-matrix/seed_2/task_9_Median_molecules_2/compare_GuacaMol_20260824_154626/model_runtime.tsv
random-matrix	3	0	Celecoxib_rediscovery	ok	0	196.3434543609619	/ibex/scratch/colleoe/spectralMol/guacamol_frequency_ablation_merged_20260824_150715/random-matrix/seed_3/task_0_Celecoxib_rediscovery/compare_GuacaMol_20260824_154756/model_runtime.tsv
random-matrix	3	10	Osimertinib_MPO	ok	0	144.88034892082214	/ibex/scratch/colleoe/spectralMol/guacamol_frequency_ablation_merged_20260824_150715/random-matrix/seed_3/task_10_Osimertinib_MPO/compare_GuacaMol_20260824_154837/model_runtime.tsv
random-matrix	3	11	Fexofenadine_MPO	ok	0	224.18945217132568	/ibex/scratch/colleoe/spectralMol/guacamol_frequency_ablation_merged_20260824_150715/random-matrix/seed_3/task_11_Fexofenadine_MPO/compare_GuacaMol_20260824_154837/model_runtime.tsv
random-matrix	3	12	Ranolazine_MPO	ok	0	147.78002095222473	/ibex/scratch/colleoe/spectralMol/guacamol_frequency_ablation_merged_20260824_150715/random-matrix/seed_3/task_12_Ranolazine_MPO/compare_GuacaMol_20260824_154845/model_runtime.tsv
random-matrix	3	13	Perindopril_MPO	ok	0	245.72655177116394	/ibex/scratch/colleoe/spectralMol/guacamol_frequency_ablation_merged_20260824_150715/random-matrix/seed_3/task_13_Perindopril_MPO/compare_GuacaMol_20260824_154852/model_runtime.tsv
random-matrix	3	14	Amlodipine_MPO	ok	0	272.7298994064331	/ibex/scratch/colleoe/spectralMol/guacamol_frequency_ablation_merged_20260824_150715/random-matrix/seed_3/task_14_Amlodipine_MPO/compare_GuacaMol_20260824_154855/model_runtime.tsv
random-matrix	3	15	Sitagliptin_MPO	ok	0	196.19840550422668	/ibex/scratch/colleoe/spectralMol/guacamol_frequency_ablation_merged_20260824_150715/random-matrix/seed_3/task_15_Sitagliptin_MPO/compare_GuacaMol_20260824_154907/model_runtime.tsv
random-matrix	3	16	Zaleplon_MPO	ok	0	147.1389081478119	/ibex/scratch/colleoe/spectralMol/guacamol_frequency_ablation_merged_20260824_150715/random-matrix/seed_3/task_16_Zaleplon_MPO/compare_GuacaMol_20260824_154915/model_runtime.tsv
random-matrix	3	17	Valsartan_smarts	ok	0	165.42741656303406	/ibex/scratch/colleoe/spectralMol/guacamol_frequency_ablation_merged_20260824_150715/random-matrix/seed_3/task_17_Valsartan_smarts/compare_GuacaMol_20260824_154915/model_runtime.tsv
random-matrix	3	18	Deco_hop	ok	0	191.83340716362	/ibex/scratch/colleoe/spectralMol/guacamol_frequency_ablation_merged_20260824_150715/random-matrix/seed_3/task_18_Deco_hop/compare_GuacaMol_20260824_154921/model_runtime.tsv
random-matrix	3	19	Scaffold_hop	ok	0	262.29261112213135	/ibex/scratch/colleoe/spectralMol/guacamol_frequency_ablation_merged_20260824_150715/random-matrix/seed_3/task_19_Scaffold_hop/compare_GuacaMol_20260824_154916/model_runtime.tsv
random-matrix	3	1	Troglitazone_rediscovery	ok	0	208.67541456222534	/ibex/scratch/colleoe/spectralMol/guacamol_frequency_ablation_merged_20260824_150715/random-matrix/seed_3/task_1_Troglitazone_rediscovery/compare_GuacaMol_20260824_154756/model_runtime.tsv
random-matrix	3	2	Thiothixene_rediscovery	ok	0	215.36637663841248	/ibex/scratch/colleoe/spectralMol/guacamol_frequency_ablation_merged_20260824_150715/random-matrix/seed_3/task_2_Thiothixene_rediscovery/compare_GuacaMol_20260824_154754/model_runtime.tsv
random-matrix	3	3	Aripiprazole_similarity	ok	0	191.33957242965698	/ibex/scratch/colleoe/spectralMol/guacamol_frequency_ablation_merged_20260824_150715/random-matrix/seed_3/task_3_Aripiprazole_similarity/compare_GuacaMol_20260824_154759/model_runtime.tsv
random-matrix	3	4	Albuterol_similarity	ok	0	576.5865950584412	/ibex/scratch/colleoe/spectralMol/guacamol_frequency_ablation_merged_20260824_150715/random-matrix/seed_3/task_4_Albuterol_similarity/compare_GuacaMol_20260824_154803/model_runtime.tsv
random-matrix	3	5	Mestranol_similarity	ok	0	176.90663886070251	/ibex/scratch/colleoe/spectralMol/guacamol_frequency_ablation_merged_20260824_150715/random-matrix/seed_3/task_5_Mestranol_similarity/compare_GuacaMol_20260824_154810/model_runtime.tsv
random-matrix	3	6	C11H24	ok	0	186.06021165847778	/ibex/scratch/colleoe/spectralMol/guacamol_frequency_ablation_merged_20260824_150715/random-matrix/seed_3/task_6_C11H24/compare_GuacaMol_20260824_154823/model_runtime.tsv
random-matrix	3	7	C9H10N2O2PF2Cl	ok	0	161.1383044719696	/ibex/scratch/colleoe/spectralMol/guacamol_frequency_ablation_merged_20260824_150715/random-matrix/seed_3/task_7_C9H10N2O2PF2Cl/compare_GuacaMol_20260824_154831/model_runtime.tsv
random-matrix	3	8	Median_molecules_1	ok	0	124.17734169960022	/ibex/scratch/colleoe/spectralMol/guacamol_frequency_ablation_merged_20260824_150715/random-matrix/seed_3/task_8_Median_molecules_1/compare_GuacaMol_20260824_154829/model_runtime.tsv
random-matrix	3	9	Median_molecules_2	ok	0	175.14019918441772	/ibex/scratch/colleoe/spectralMol/guacamol_frequency_ablation_merged_20260824_150715/random-matrix/seed_3/task_9_Median_molecules_2/compare_GuacaMol_20260824_154837/model_runtime.tsv
random-matrix	4	0	Celecoxib_rediscovery	ok	0	214.24128484725952	/ibex/scratch/colleoe/spectralMol/guacamol_frequency_ablation_merged_20260824_150715/random-matrix/seed_4/task_0_Celecoxib_rediscovery/compare_GuacaMol_20260824_154919/model_runtime.tsv
random-matrix	4	10	Osimertinib_MPO	ok	0	150.98643040657043	/ibex/scratch/colleoe/spectralMol/guacamol_frequency_ablation_merged_20260824_150715/random-matrix/seed_4/task_10_Osimertinib_MPO/compare_GuacaMol_20260824_155039/model_runtime.tsv
random-matrix	4	11	Fexofenadine_MPO	ok	0	212.6191442012787	/ibex/scratch/colleoe/spectralMol/guacamol_frequency_ablation_merged_20260824_150715/random-matrix/seed_4/task_11_Fexofenadine_MPO/compare_GuacaMol_20260824_155038/model_runtime.tsv
random-matrix	4	12	Ranolazine_MPO	ok	0	149.9040606021881	/ibex/scratch/colleoe/spectralMol/guacamol_frequency_ablation_merged_20260824_150715/random-matrix/seed_4/task_12_Ranolazine_MPO/compare_GuacaMol_20260824_155039/model_runtime.tsv
random-matrix	4	13	Perindopril_MPO	ok	0	244.94769048690796	/ibex/scratch/colleoe/spectralMol/guacamol_frequency_ablation_merged_20260824_150715/random-matrix/seed_4/task_13_Perindopril_MPO/compare_GuacaMol_20260824_155044/model_runtime.tsv
random-matrix	4	14	Amlodipine_MPO	ok	0	227.87406420707703	/ibex/scratch/colleoe/spectralMol/guacamol_frequency_ablation_merged_20260824_150715/random-matrix/seed_4/task_14_Amlodipine_MPO/compare_GuacaMol_20260824_155058/model_runtime.tsv
random-matrix	4	15	Sitagliptin_MPO	ok	0	179.310405254364	/ibex/scratch/colleoe/spectralMol/guacamol_frequency_ablation_merged_20260824_150715/random-matrix/seed_4/task_15_Sitagliptin_MPO/compare_GuacaMol_20260824_155054/model_runtime.tsv
random-matrix	4	16	Zaleplon_MPO	ok	0	174.7417027950287	/ibex/scratch/colleoe/spectralMol/guacamol_frequency_ablation_merged_20260824_150715/random-matrix/seed_4/task_16_Zaleplon_MPO/compare_GuacaMol_20260824_155101/model_runtime.tsv
random-matrix	4	17	Valsartan_smarts	ok	0	155.38726449012756	/ibex/scratch/colleoe/spectralMol/guacamol_frequency_ablation_merged_20260824_150715/random-matrix/seed_4/task_17_Valsartan_smarts/compare_GuacaMol_20260824_155109/model_runtime.tsv
random-matrix	4	18	Deco_hop	ok	0	182.7633981704712	/ibex/scratch/colleoe/spectralMol/guacamol_frequency_ablation_merged_20260824_150715/random-matrix/seed_4/task_18_Deco_hop/compare_GuacaMol_20260824_155120/model_runtime.tsv
random-matrix	4	19	Scaffold_hop	ok	0	182.9583990573883	/ibex/scratch/colleoe/spectralMol/guacamol_frequency_ablation_merged_20260824_150715/random-matrix/seed_4/task_19_Scaffold_hop/compare_GuacaMol_20260824_155120/model_runtime.tsv
random-matrix	4	1	Troglitazone_rediscovery	ok	0	205.13828945159912	/ibex/scratch/colleoe/spectralMol/guacamol_frequency_ablation_merged_20260824_150715/random-matrix/seed_4/task_1_Troglitazone_rediscovery/compare_GuacaMol_20260824_154917/model_runtime.tsv
random-matrix	4	2	Thiothixene_rediscovery	ok	0	190.67010927200317	/ibex/scratch/colleoe/spectralMol/guacamol_frequency_ablation_merged_20260824_150715/random-matrix/seed_4/task_2_Thiothixene_rediscovery/compare_GuacaMol_20260824_154922/model_runtime.tsv
random-matrix	4	3	Aripiprazole_similarity	ok	0	181.2436249256134	/ibex/scratch/colleoe/spectralMol/guacamol_frequency_ablation_merged_20260824_150715/random-matrix/seed_4/task_3_Aripiprazole_similarity/compare_GuacaMol_20260824_154930/model_runtime.tsv
random-matrix	4	4	Albuterol_similarity	ok	0	143.16340446472168	/ibex/scratch/colleoe/spectralMol/guacamol_frequency_ablation_merged_20260824_150715/random-matrix/seed_4/task_4_Albuterol_similarity/compare_GuacaMol_20260824_154935/model_runtime.tsv
random-matrix	4	5	Mestranol_similarity	ok	0	187.80314755439758	/ibex/scratch/colleoe/spectralMol/guacamol_frequency_ablation_merged_20260824_150715/random-matrix/seed_4/task_5_Mestranol_similarity/compare_GuacaMol_20260824_154945/model_runtime.tsv
random-matrix	4	6	C11H24	ok	0	201.27243208885193	/ibex/scratch/colleoe/spectralMol/guacamol_frequency_ablation_merged_20260824_150715/random-matrix/seed_4/task_6_C11H24/compare_GuacaMol_20260824_154952/model_runtime.tsv
random-matrix	4	7	C9H10N2O2PF2Cl	ok	0	136.57328987121582	/ibex/scratch/colleoe/spectralMol/guacamol_frequency_ablation_merged_20260824_150715/random-matrix/seed_4/task_7_C9H10N2O2PF2Cl/compare_GuacaMol_20260824_154956/model_runtime.tsv
random-matrix	4	8	Median_molecules_1	ok	0	149.189959526062	/ibex/scratch/colleoe/spectralMol/guacamol_frequency_ablation_merged_20260824_150715/random-matrix/seed_4/task_8_Median_molecules_1/compare_GuacaMol_20260824_154951/model_runtime.tsv
random-matrix	4	9	Median_molecules_2	ok	0	409.3719871044159	/ibex/scratch/colleoe/spectralMol/guacamol_frequency_ablation_merged_20260824_150715/random-matrix/seed_4/task_9_Median_molecules_2/compare_GuacaMol_20260824_154952/model_runtime.tsv
random-matrix	5	0	Celecoxib_rediscovery	ok	0	211.24944353103638	/ibex/scratch/colleoe/spectralMol/guacamol_frequency_ablation_merged_20260824_150715/random-matrix/seed_5/task_0_Celecoxib_rediscovery/compare_GuacaMol_20260824_155124/model_runtime.tsv
random-matrix	5	10	Osimertinib_MPO	ok	0	146.80876326560974	/ibex/scratch/colleoe/spectralMol/guacamol_frequency_ablation_merged_20260824_150715/random-matrix/seed_5/task_10_Osimertinib_MPO/compare_GuacaMol_20260824_155357/model_runtime.tsv
random-matrix	5	11	Fexofenadine_MPO	ok	0	236.1502170562744	/ibex/scratch/colleoe/spectralMol/guacamol_frequency_ablation_merged_20260824_150715/random-matrix/seed_5/task_11_Fexofenadine_MPO/compare_GuacaMol_20260824_155356/model_runtime.tsv
random-matrix	5	12	Ranolazine_MPO	ok	0	138.86972451210022	/ibex/scratch/colleoe/spectralMol/guacamol_frequency_ablation_merged_20260824_150715/random-matrix/seed_5/task_12_Ranolazine_MPO/compare_GuacaMol_20260824_155356/model_runtime.tsv
random-matrix	5	13	Perindopril_MPO	ok	0	297.78200459480286	/ibex/scratch/colleoe/spectralMol/guacamol_frequency_ablation_merged_20260824_150715/random-matrix/seed_5/task_13_Perindopril_MPO/compare_GuacaMol_20260824_155358/model_runtime.tsv
random-matrix	5	14	Amlodipine_MPO	ok	0	288.08527421951294	/ibex/scratch/colleoe/spectralMol/guacamol_frequency_ablation_merged_20260824_150715/random-matrix/seed_5/task_14_Amlodipine_MPO/compare_GuacaMol_20260824_155351/model_runtime.tsv
random-matrix	5	15	Sitagliptin_MPO	ok	0	221.96204495429993	/ibex/scratch/colleoe/spectralMol/guacamol_frequency_ablation_merged_20260824_150715/random-matrix/seed_5/task_15_Sitagliptin_MPO/compare_GuacaMol_20260824_155355/model_runtime.tsv
random-matrix	5	16	Zaleplon_MPO	ok	0	162.88466668128967	/ibex/scratch/colleoe/spectralMol/guacamol_frequency_ablation_merged_20260824_150715/random-matrix/seed_5/task_16_Zaleplon_MPO/compare_GuacaMol_20260824_155356/model_runtime.tsv
random-matrix	5	17	Valsartan_smarts	ok	0	187.41881155967712	/ibex/scratch/colleoe/spectralMol/guacamol_frequency_ablation_merged_20260824_150715/random-matrix/seed_5/task_17_Valsartan_smarts/compare_GuacaMol_20260824_155356/model_runtime.tsv
random-matrix	5	18	Deco_hop	ok	0	199.4687442779541	/ibex/scratch/colleoe/spectralMol/guacamol_frequency_ablation_merged_20260824_150715/random-matrix/seed_5/task_18_Deco_hop/compare_GuacaMol_20260824_155356/model_runtime.tsv
random-matrix	5	19	Scaffold_hop	ok	0	206.49504852294922	/ibex/scratch/colleoe/spectralMol/guacamol_frequency_ablation_merged_20260824_150715/random-matrix/seed_5/task_19_Scaffold_hop/compare_GuacaMol_20260824_155356/model_runtime.tsv
random-matrix	5	1	Troglitazone_rediscovery	ok	0	203.6382052898407	/ibex/scratch/colleoe/spectralMol/guacamol_frequency_ablation_merged_20260824_150715/random-matrix/seed_5/task_1_Troglitazone_rediscovery/compare_GuacaMol_20260824_155124/model_runtime.tsv
random-matrix	5	2	Thiothixene_rediscovery	ok	0	212.64034056663513	/ibex/scratch/colleoe/spectralMol/guacamol_frequency_ablation_merged_20260824_150715/random-matrix/seed_5/task_2_Thiothixene_rediscovery/compare_GuacaMol_20260824_155125/model_runtime.tsv
random-matrix	5	3	Aripiprazole_similarity	ok	0	189.3903112411499	/ibex/scratch/colleoe/spectralMol/guacamol_frequency_ablation_merged_20260824_150715/random-matrix/seed_5/task_3_Aripiprazole_similarity/compare_GuacaMol_20260824_155121/model_runtime.tsv
random-matrix	5	4	Albuterol_similarity	ok	0	152.1414885520935	/ibex/scratch/colleoe/spectralMol/guacamol_frequency_ablation_merged_20260824_150715/random-matrix/seed_5/task_4_Albuterol_similarity/compare_GuacaMol_20260824_155132/model_runtime.tsv
random-matrix	5	5	Mestranol_similarity	ok	0	200.62116408348083	/ibex/scratch/colleoe/spectralMol/guacamol_frequency_ablation_merged_20260824_150715/random-matrix/seed_5/task_5_Mestranol_similarity/compare_GuacaMol_20260824_155136/model_runtime.tsv
random-matrix	5	6	C11H24	ok	0	142.97120213508606	/ibex/scratch/colleoe/spectralMol/guacamol_frequency_ablation_merged_20260824_150715/random-matrix/seed_5/task_6_C11H24/compare_GuacaMol_20260824_155134/model_runtime.tsv
random-matrix	5	7	C9H10N2O2PF2Cl	ok	0	179.2277057170868	/ibex/scratch/colleoe/spectralMol/guacamol_frequency_ablation_merged_20260824_150715/random-matrix/seed_5/task_7_C9H10N2O2PF2Cl/compare_GuacaMol_20260824_155140/model_runtime.tsv
random-matrix	5	8	Median_molecules_1	ok	0	159.5255789756775	/ibex/scratch/colleoe/spectralMol/guacamol_frequency_ablation_merged_20260824_150715/random-matrix/seed_5/task_8_Median_molecules_1/compare_GuacaMol_20260824_155144/model_runtime.tsv
random-matrix	5	9	Median_molecules_2	ok	0	155.4394850730896	/ibex/scratch/colleoe/spectralMol/guacamol_frequency_ablation_merged_20260824_150715/random-matrix/seed_5/task_9_Median_molecules_2/compare_GuacaMol_20260824_155153/model_runtime.tsv
