condition	seed	task_index	task	export_path	source	generated_with_parent	missing_parent_rows	selected_top_n	valid_selected
full-spectrum	0	0	Celecoxib_rediscovery	PORTABLE_OUTPUT_ROOT/guacamol_frequency_ablation_lineage_20260825_094359/full-spectrum/seed_0/task_0_Celecoxib_rediscovery/compare_GuacaMol_20260825_094403/runs/spectralmol/seed_0/case_GuacaMol_20260825_094404/benchmark_runs/2026_08_25_evolution_ga_benchmark_09_44_08/2026_08_25_evolution_ga_Celecoxib_rediscovery/generator_top_molecules_lineage.csv	top-lineage	200	0	100	100
full-spectrum	0	10	Osimertinib_MPO	PORTABLE_OUTPUT_ROOT/guacamol_frequency_ablation_lineage_20260825_094359/full-spectrum/seed_0/task_10_Osimertinib_MPO/compare_GuacaMol_20260825_094405/runs/spectralmol/seed_0/case_GuacaMol_20260825_094406/benchmark_runs/2026_08_25_evolution_ga_benchmark_09_44_12/2026_08_25_evolution_ga_Osimertinib_MPO/generator_top_molecules_lineage.csv	top-lineage	152	0	100	100
full-spectrum	0	11	Fexofenadine_MPO	PORTABLE_OUTPUT_ROOT/guacamol_frequency_ablation_lineage_20260825_094359/full-spectrum/seed_0/task_11_Fexofenadine_MPO/compare_GuacaMol_20260825_094404/runs/spectralmol/seed_0/case_GuacaMol_20260825_094405/benchmark_runs/2026_08_25_evolution_ga_benchmark_09_44_11/2026_08_25_evolution_ga_Fexofenadine_MPO/generator_top_molecules_lineage.csv	top-lineage	200	0	100	100
full-spectrum	0	12	Ranolazine_MPO	PORTABLE_OUTPUT_ROOT/guacamol_frequency_ablation_lineage_20260825_094359/full-spectrum/seed_0/task_12_Ranolazine_MPO/compare_GuacaMol_20260825_094404/runs/spectralmol/seed_0/case_GuacaMol_20260825_094405/benchmark_runs/2026_08_25_evolution_ga_benchmark_09_44_11/2026_08_25_evolution_ga_Ranolazine_MPO/generator_top_molecules_lineage.csv	top-lineage	198	0	100	100
full-spectrum	0	13	Perindopril_MPO	PORTABLE_OUTPUT_ROOT/guacamol_frequency_ablation_lineage_20260825_094359/full-spectrum/seed_0/task_13_Perindopril_MPO/compare_GuacaMol_20260825_094404/runs/spectralmol/seed_0/case_GuacaMol_20260825_094405/benchmark_runs/2026_08_25_evolution_ga_benchmark_09_44_11/2026_08_25_evolution_ga_Perindopril_MPO/generator_top_molecules_lineage.csv	top-lineage	32	0	32	32
full-spectrum	0	14	Amlodipine_MPO	PORTABLE_OUTPUT_ROOT/guacamol_frequency_ablation_lineage_20260825_094359/full-spectrum/seed_0/task_14_Amlodipine_MPO/compare_GuacaMol_20260825_094405/runs/spectralmol/seed_0/case_GuacaMol_20260825_094406/benchmark_runs/2026_08_25_evolution_ga_benchmark_09_44_13/2026_08_25_evolution_ga_Amlodipine_MPO/generator_top_molecules_lineage.csv	top-lineage	51	9	51	51
full-spectrum	0	15	Sitagliptin_MPO	PORTABLE_OUTPUT_ROOT/guacamol_frequency_ablation_lineage_20260825_094359/full-spectrum/seed_0/task_15_Sitagliptin_MPO/compare_GuacaMol_20260825_094405/runs/spectralmol/seed_0/case_GuacaMol_20260825_094406/benchmark_runs/2026_08_25_evolution_ga_benchmark_09_44_13/2026_08_25_evolution_ga_Sitagliptin_MPO/generator_top_molecules_lineage.csv	top-lineage	199	1	100	100
full-spectrum	0	16	Zaleplon_MPO	PORTABLE_OUTPUT_ROOT/guacamol_frequency_ablation_lineage_20260825_094359/full-spectrum/seed_0/task_16_Zaleplon_MPO/compare_GuacaMol_20260825_094405/runs/spectralmol/seed_0/case_GuacaMol_20260825_094406/benchmark_runs/2026_08_25_evolution_ga_benchmark_09_44_13/2026_08_25_evolution_ga_Zaleplon_MPO/generator_top_molecules_lineage.csv	top-lineage	141	0	100	100
full-spectrum	0	17	Valsartan_smarts	PORTABLE_OUTPUT_ROOT/guacamol_frequency_ablation_lineage_20260825_094359/full-spectrum/seed_0/task_17_Valsartan_smarts/compare_GuacaMol_20260825_094405/runs/spectralmol/seed_0/case_GuacaMol_20260825_094406/benchmark_runs/2026_08_25_evolution_ga_benchmark_09_44_12/2026_08_25_evolution_ga_Valsartan_smarts/generator_top_molecules_lineage.csv	top-lineage	196	0	100	100
full-spectrum	0	18	Deco_hop	PORTABLE_OUTPUT_ROOT/guacamol_frequency_ablation_lineage_20260825_094359/full-spectrum/seed_0/task_18_Deco_hop/compare_GuacaMol_20260825_094405/runs/spectralmol/seed_0/case_GuacaMol_20260825_094406/benchmark_runs/2026_08_25_evolution_ga_benchmark_09_44_12/2026_08_25_evolution_ga_Deco_hop/generator_top_molecules_lineage.csv	top-lineage	200	0	100	100
full-spectrum	0	19	Scaffold_hop	PORTABLE_OUTPUT_ROOT/guacamol_frequency_ablation_lineage_20260825_094359/full-spectrum/seed_0/task_19_Scaffold_hop/compare_GuacaMol_20260825_094411/runs/spectralmol/seed_0/case_GuacaMol_20260825_094413/benchmark_runs/2026_08_25_evolution_ga_benchmark_09_44_23/2026_08_25_evolution_ga_Scaffold_hop/generator_top_molecules_lineage.csv	top-lineage	200	0	100	100
full-spectrum	0	1	Troglitazone_rediscovery	PORTABLE_OUTPUT_ROOT/guacamol_frequency_ablation_lineage_20260825_094359/full-spectrum/seed_0/task_1_Troglitazone_rediscovery/compare_GuacaMol_20260825_094403/runs/spectralmol/seed_0/case_GuacaMol_20260825_094404/benchmark_runs/2026_08_25_evolution_ga_benchmark_09_44_07/2026_08_25_evolution_ga_Troglitazone_rediscovery/generator_top_molecules_lineage.csv	top-lineage	200	0	100	100
full-spectrum	0	2	Thiothixene_rediscovery	PORTABLE_OUTPUT_ROOT/guacamol_frequency_ablation_lineage_20260825_094359/full-spectrum/seed_0/task_2_Thiothixene_rediscovery/compare_GuacaMol_20260825_094404/runs/spectralmol/seed_0/case_GuacaMol_20260825_094406/benchmark_runs/2026_08_25_evolution_ga_benchmark_09_44_12/2026_08_25_evolution_ga_Thiothixene_rediscovery/generator_top_molecules_lineage.csv	top-lineage	200	0	100	100
full-spectrum	0	3	Aripiprazole_similarity	PORTABLE_OUTPUT_ROOT/guacamol_frequency_ablation_lineage_20260825_094359/full-spectrum/seed_0/task_3_Aripiprazole_similarity/compare_GuacaMol_20260825_094404/runs/spectralmol/seed_0/case_GuacaMol_20260825_094406/benchmark_runs/2026_08_25_evolution_ga_benchmark_09_44_12/2026_08_25_evolution_ga_Aripiprazole_similarity/generator_top_molecules_lineage.csv	top-lineage	200	0	100	100
full-spectrum	0	4	Albuterol_similarity	PORTABLE_OUTPUT_ROOT/guacamol_frequency_ablation_lineage_20260825_094359/full-spectrum/seed_0/task_4_Albuterol_similarity/compare_GuacaMol_20260825_094404/runs/spectralmol/seed_0/case_GuacaMol_20260825_094406/benchmark_runs/2026_08_25_evolution_ga_benchmark_09_44_12/2026_08_25_evolution_ga_Albuterol_similarity/generator_top_molecules_lineage.csv	top-lineage	199	0	100	100
full-spectrum	0	5	Mestranol_similarity	PORTABLE_OUTPUT_ROOT/guacamol_frequency_ablation_lineage_20260825_094359/full-spectrum/seed_0/task_5_Mestranol_similarity/compare_GuacaMol_20260825_094404/runs/spectralmol/seed_0/case_GuacaMol_20260825_094406/benchmark_runs/2026_08_25_evolution_ga_benchmark_09_44_12/2026_08_25_evolution_ga_Mestranol_similarity/generator_top_molecules_lineage.csv	top-lineage	200	0	100	100
full-spectrum	0	6	C11H24	PORTABLE_OUTPUT_ROOT/guacamol_frequency_ablation_lineage_20260825_094359/full-spectrum/seed_0/task_6_C11H24/compare_GuacaMol_20260825_094404/runs/spectralmol/seed_0/case_GuacaMol_20260825_094405/benchmark_runs/2026_08_25_evolution_ga_benchmark_09_44_11/2026_08_25_evolution_ga_C11H24/generator_top_molecules_lineage.csv	top-lineage	200	0	100	100
full-spectrum	0	7	C9H10N2O2PF2Cl	PORTABLE_OUTPUT_ROOT/guacamol_frequency_ablation_lineage_20260825_094359/full-spectrum/seed_0/task_7_C9H10N2O2PF2Cl/compare_GuacaMol_20260825_094404/runs/spectralmol/seed_0/case_GuacaMol_20260825_094405/benchmark_runs/2026_08_25_evolution_ga_benchmark_09_44_11/2026_08_25_evolution_ga_C9H10N2O2PF2Cl/generator_top_molecules_lineage.csv	top-lineage	199	0	100	100
full-spectrum	0	8	Median_molecules_1	PORTABLE_OUTPUT_ROOT/guacamol_frequency_ablation_lineage_20260825_094359/full-spectrum/seed_0/task_8_Median_molecules_1/compare_GuacaMol_20260825_094405/runs/spectralmol/seed_0/case_GuacaMol_20260825_094406/benchmark_runs/2026_08_25_evolution_ga_benchmark_09_44_12/2026_08_25_evolution_ga_Median_molecules_1/generator_top_molecules_lineage.csv	top-lineage	200	0	100	100
full-spectrum	0	9	Median_molecules_2	PORTABLE_OUTPUT_ROOT/guacamol_frequency_ablation_lineage_20260825_094359/full-spectrum/seed_0/task_9_Median_molecules_2/compare_GuacaMol_20260825_094405/runs/spectralmol/seed_0/case_GuacaMol_20260825_094406/benchmark_runs/2026_08_25_evolution_ga_benchmark_09_44_12/2026_08_25_evolution_ga_Median_molecules_2/generator_top_molecules_lineage.csv	top-lineage	20	0	20	20
full-spectrum	1	0	Celecoxib_rediscovery	PORTABLE_OUTPUT_ROOT/guacamol_frequency_ablation_lineage_20260825_094359/full-spectrum/seed_1/task_0_Celecoxib_rediscovery/compare_GuacaMol_20260825_094404/runs/spectralmol/seed_1/case_GuacaMol_20260825_094405/benchmark_runs/2026_08_25_evolution_ga_benchmark_09_44_12/2026_08_25_evolution_ga_Celecoxib_rediscovery/generator_top_molecules_lineage.csv	top-lineage	110	0	100	100
full-spectrum	1	10	Osimertinib_MPO	PORTABLE_OUTPUT_ROOT/guacamol_frequency_ablation_lineage_20260825_094359/full-spectrum/seed_1/task_10_Osimertinib_MPO/compare_GuacaMol_20260825_094404/runs/spectralmol/seed_1/case_GuacaMol_20260825_094405/benchmark_runs/2026_08_25_evolution_ga_benchmark_09_44_12/2026_08_25_evolution_ga_Osimertinib_MPO/generator_top_molecules_lineage.csv	top-lineage	163	0	100	100
full-spectrum	1	11	Fexofenadine_MPO	PORTABLE_OUTPUT_ROOT/guacamol_frequency_ablation_lineage_20260825_094359/full-spectrum/seed_1/task_11_Fexofenadine_MPO/compare_GuacaMol_20260825_094405/runs/spectralmol/seed_1/case_GuacaMol_20260825_094406/benchmark_runs/2026_08_25_evolution_ga_benchmark_09_44_11/2026_08_25_evolution_ga_Fexofenadine_MPO/generator_top_molecules_lineage.csv	top-lineage	200	0	100	100
full-spectrum	1	12	Ranolazine_MPO	PORTABLE_OUTPUT_ROOT/guacamol_frequency_ablation_lineage_20260825_094359/full-spectrum/seed_1/task_12_Ranolazine_MPO/compare_GuacaMol_20260825_094404/runs/spectralmol/seed_1/case_GuacaMol_20260825_094405/benchmark_runs/2026_08_25_evolution_ga_benchmark_09_44_11/2026_08_25_evolution_ga_Ranolazine_MPO/generator_top_molecules_lineage.csv	top-lineage	181	0	100	100
full-spectrum	1	13	Perindopril_MPO	PORTABLE_OUTPUT_ROOT/guacamol_frequency_ablation_lineage_20260825_094359/full-spectrum/seed_1/task_13_Perindopril_MPO/compare_GuacaMol_20260825_094404/runs/spectralmol/seed_1/case_GuacaMol_20260825_094405/benchmark_runs/2026_08_25_evolution_ga_benchmark_09_44_11/2026_08_25_evolution_ga_Perindopril_MPO/generator_top_molecules_lineage.csv	top-lineage	38	0	38	38
full-spectrum	1	14	Amlodipine_MPO	PORTABLE_OUTPUT_ROOT/guacamol_frequency_ablation_lineage_20260825_094359/full-spectrum/seed_1/task_14_Amlodipine_MPO/compare_GuacaMol_20260825_094404/runs/spectralmol/seed_1/case_GuacaMol_20260825_094405/benchmark_runs/2026_08_25_evolution_ga_benchmark_09_44_11/2026_08_25_evolution_ga_Amlodipine_MPO/generator_top_molecules_lineage.csv	top-lineage	58	8	58	58
full-spectrum	1	15	Sitagliptin_MPO	PORTABLE_OUTPUT_ROOT/guacamol_frequency_ablation_lineage_20260825_094359/full-spectrum/seed_1/task_15_Sitagliptin_MPO/compare_GuacaMol_20260825_094404/runs/spectralmol/seed_1/case_GuacaMol_20260825_094405/benchmark_runs/2026_08_25_evolution_ga_benchmark_09_44_11/2026_08_25_evolution_ga_Sitagliptin_MPO/generator_top_molecules_lineage.csv	top-lineage	200	0	100	100
full-spectrum	1	16	Zaleplon_MPO	PORTABLE_OUTPUT_ROOT/guacamol_frequency_ablation_lineage_20260825_094359/full-spectrum/seed_1/task_16_Zaleplon_MPO/compare_GuacaMol_20260825_094405/runs/spectralmol/seed_1/case_GuacaMol_20260825_094406/benchmark_runs/2026_08_25_evolution_ga_benchmark_09_44_12/2026_08_25_evolution_ga_Zaleplon_MPO/generator_top_molecules_lineage.csv	top-lineage	140	0	100	100
full-spectrum	1	17	Valsartan_smarts	PORTABLE_OUTPUT_ROOT/guacamol_frequency_ablation_lineage_20260825_094359/full-spectrum/seed_1/task_17_Valsartan_smarts/compare_GuacaMol_20260825_094405/runs/spectralmol/seed_1/case_GuacaMol_20260825_094406/benchmark_runs/2026_08_25_evolution_ga_benchmark_09_44_12/2026_08_25_evolution_ga_Valsartan_smarts/generator_top_molecules_lineage.csv	top-lineage	182	0	100	100
full-spectrum	1	18	Deco_hop	PORTABLE_OUTPUT_ROOT/guacamol_frequency_ablation_lineage_20260825_094359/full-spectrum/seed_1/task_18_Deco_hop/compare_GuacaMol_20260825_094405/runs/spectralmol/seed_1/case_GuacaMol_20260825_094406/benchmark_runs/2026_08_25_evolution_ga_benchmark_09_44_12/2026_08_25_evolution_ga_Deco_hop/generator_top_molecules_lineage.csv	top-lineage	47	0	47	47
full-spectrum	1	19	Scaffold_hop	PORTABLE_OUTPUT_ROOT/guacamol_frequency_ablation_lineage_20260825_094359/full-spectrum/seed_1/task_19_Scaffold_hop/compare_GuacaMol_20260825_094405/runs/spectralmol/seed_1/case_GuacaMol_20260825_094406/benchmark_runs/2026_08_25_evolution_ga_benchmark_09_44_12/2026_08_25_evolution_ga_Scaffold_hop/generator_top_molecules_lineage.csv	top-lineage	200	0	100	100
full-spectrum	1	1	Troglitazone_rediscovery	PORTABLE_OUTPUT_ROOT/guacamol_frequency_ablation_lineage_20260825_094359/full-spectrum/seed_1/task_1_Troglitazone_rediscovery/compare_GuacaMol_20260825_094404/runs/spectralmol/seed_1/case_GuacaMol_20260825_094405/benchmark_runs/2026_08_25_evolution_ga_benchmark_09_44_12/2026_08_25_evolution_ga_Troglitazone_rediscovery/generator_top_molecules_lineage.csv	top-lineage	200	0	100	100
full-spectrum	1	2	Thiothixene_rediscovery	PORTABLE_OUTPUT_ROOT/guacamol_frequency_ablation_lineage_20260825_094359/full-spectrum/seed_1/task_2_Thiothixene_rediscovery/compare_GuacaMol_20260825_094404/runs/spectralmol/seed_1/case_GuacaMol_20260825_094405/benchmark_runs/2026_08_25_evolution_ga_benchmark_09_44_12/2026_08_25_evolution_ga_Thiothixene_rediscovery/generator_top_molecules_lineage.csv	top-lineage	150	0	100	100
full-spectrum	1	3	Aripiprazole_similarity	PORTABLE_OUTPUT_ROOT/guacamol_frequency_ablation_lineage_20260825_094359/full-spectrum/seed_1/task_3_Aripiprazole_similarity/compare_GuacaMol_20260825_094404/runs/spectralmol/seed_1/case_GuacaMol_20260825_094405/benchmark_runs/2026_08_25_evolution_ga_benchmark_09_44_12/2026_08_25_evolution_ga_Aripiprazole_similarity/generator_top_molecules_lineage.csv	top-lineage	200	0	100	100
full-spectrum	1	4	Albuterol_similarity	PORTABLE_OUTPUT_ROOT/guacamol_frequency_ablation_lineage_20260825_094359/full-spectrum/seed_1/task_4_Albuterol_similarity/compare_GuacaMol_20260825_094404/runs/spectralmol/seed_1/case_GuacaMol_20260825_094405/benchmark_runs/2026_08_25_evolution_ga_benchmark_09_44_12/2026_08_25_evolution_ga_Albuterol_similarity/generator_top_molecules_lineage.csv	top-lineage	187	0	100	100
full-spectrum	1	5	Mestranol_similarity	PORTABLE_OUTPUT_ROOT/guacamol_frequency_ablation_lineage_20260825_094359/full-spectrum/seed_1/task_5_Mestranol_similarity/compare_GuacaMol_20260825_094404/runs/spectralmol/seed_1/case_GuacaMol_20260825_094405/benchmark_runs/2026_08_25_evolution_ga_benchmark_09_44_12/2026_08_25_evolution_ga_Mestranol_similarity/generator_top_molecules_lineage.csv	top-lineage	200	0	100	100
full-spectrum	1	6	C11H24	PORTABLE_OUTPUT_ROOT/guacamol_frequency_ablation_lineage_20260825_094359/full-spectrum/seed_1/task_6_C11H24/compare_GuacaMol_20260825_094404/runs/spectralmol/seed_1/case_GuacaMol_20260825_094405/benchmark_runs/2026_08_25_evolution_ga_benchmark_09_44_12/2026_08_25_evolution_ga_C11H24/generator_top_molecules_lineage.csv	top-lineage	200	0	100	100
full-spectrum	1	7	C9H10N2O2PF2Cl	PORTABLE_OUTPUT_ROOT/guacamol_frequency_ablation_lineage_20260825_094359/full-spectrum/seed_1/task_7_C9H10N2O2PF2Cl/compare_GuacaMol_20260825_094405/runs/spectralmol/seed_1/case_GuacaMol_20260825_094405/benchmark_runs/2026_08_25_evolution_ga_benchmark_09_44_12/2026_08_25_evolution_ga_C9H10N2O2PF2Cl/generator_top_molecules_lineage.csv	top-lineage	199	0	100	100
full-spectrum	1	8	Median_molecules_1	PORTABLE_OUTPUT_ROOT/guacamol_frequency_ablation_lineage_20260825_094359/full-spectrum/seed_1/task_8_Median_molecules_1/compare_GuacaMol_20260825_094404/runs/spectralmol/seed_1/case_GuacaMol_20260825_094405/benchmark_runs/2026_08_25_evolution_ga_benchmark_09_44_12/2026_08_25_evolution_ga_Median_molecules_1/generator_top_molecules_lineage.csv	top-lineage	200	0	100	100
full-spectrum	1	9	Median_molecules_2	PORTABLE_OUTPUT_ROOT/guacamol_frequency_ablation_lineage_20260825_094359/full-spectrum/seed_1/task_9_Median_molecules_2/compare_GuacaMol_20260825_094404/runs/spectralmol/seed_1/case_GuacaMol_20260825_094405/benchmark_runs/2026_08_25_evolution_ga_benchmark_09_44_12/2026_08_25_evolution_ga_Median_molecules_2/generator_top_molecules_lineage.csv	top-lineage	20	0	20	20
full-spectrum	2	0	Celecoxib_rediscovery	PORTABLE_OUTPUT_ROOT/guacamol_frequency_ablation_lineage_20260825_094359/full-spectrum/seed_2/task_0_Celecoxib_rediscovery/compare_GuacaMol_20260825_094615/runs/spectralmol/seed_2/case_GuacaMol_20260825_094617/benchmark_runs/2026_08_25_evolution_ga_benchmark_09_46_25/2026_08_25_evolution_ga_Celecoxib_rediscovery/generator_top_molecules_lineage.csv	top-lineage	195	0	100	100
full-spectrum	2	10	Osimertinib_MPO	PORTABLE_OUTPUT_ROOT/guacamol_frequency_ablation_lineage_20260825_094359/full-spectrum/seed_2/task_10_Osimertinib_MPO/compare_GuacaMol_20260825_094659/runs/spectralmol/seed_2/case_GuacaMol_20260825_094659/benchmark_runs/2026_08_25_evolution_ga_benchmark_09_47_02/2026_08_25_evolution_ga_Osimertinib_MPO/generator_top_molecules_lineage.csv	top-lineage	159	0	100	100
full-spectrum	2	11	Fexofenadine_MPO	PORTABLE_OUTPUT_ROOT/guacamol_frequency_ablation_lineage_20260825_094359/full-spectrum/seed_2/task_11_Fexofenadine_MPO/compare_GuacaMol_20260825_094659/runs/spectralmol/seed_2/case_GuacaMol_20260825_094659/benchmark_runs/2026_08_25_evolution_ga_benchmark_09_47_02/2026_08_25_evolution_ga_Fexofenadine_MPO/generator_top_molecules_lineage.csv	top-lineage	200	0	100	100
full-spectrum	2	12	Ranolazine_MPO	PORTABLE_OUTPUT_ROOT/guacamol_frequency_ablation_lineage_20260825_094359/full-spectrum/seed_2/task_12_Ranolazine_MPO/compare_GuacaMol_20260825_094704/runs/spectralmol/seed_2/case_GuacaMol_20260825_094705/benchmark_runs/2026_08_25_evolution_ga_benchmark_09_47_08/2026_08_25_evolution_ga_Ranolazine_MPO/generator_top_molecules_lineage.csv	top-lineage	146	0	100	100
full-spectrum	2	13	Perindopril_MPO	PORTABLE_OUTPUT_ROOT/guacamol_frequency_ablation_lineage_20260825_094359/full-spectrum/seed_2/task_13_Perindopril_MPO/compare_GuacaMol_20260825_094710/runs/spectralmol/seed_2/case_GuacaMol_20260825_094710/benchmark_runs/2026_08_25_evolution_ga_benchmark_09_47_13/2026_08_25_evolution_ga_Perindopril_MPO/generator_top_molecules_lineage.csv	top-lineage	45	0	45	45
full-spectrum	2	14	Amlodipine_MPO	PORTABLE_OUTPUT_ROOT/guacamol_frequency_ablation_lineage_20260825_094359/full-spectrum/seed_2/task_14_Amlodipine_MPO/compare_GuacaMol_20260825_094713/runs/spectralmol/seed_2/case_GuacaMol_20260825_094713/benchmark_runs/2026_08_25_evolution_ga_benchmark_09_47_16/2026_08_25_evolution_ga_Amlodipine_MPO/generator_top_molecules_lineage.csv	top-lineage	57	8	57	57
full-spectrum	2	15	Sitagliptin_MPO	PORTABLE_OUTPUT_ROOT/guacamol_frequency_ablation_lineage_20260825_094359/full-spectrum/seed_2/task_15_Sitagliptin_MPO/compare_GuacaMol_20260825_094713/runs/spectralmol/seed_2/case_GuacaMol_20260825_094714/benchmark_runs/2026_08_25_evolution_ga_benchmark_09_47_17/2026_08_25_evolution_ga_Sitagliptin_MPO/generator_top_molecules_lineage.csv	top-lineage	200	0	100	100
full-spectrum	2	16	Zaleplon_MPO	PORTABLE_OUTPUT_ROOT/guacamol_frequency_ablation_lineage_20260825_094359/full-spectrum/seed_2/task_16_Zaleplon_MPO/compare_GuacaMol_20260825_094713/runs/spectralmol/seed_2/case_GuacaMol_20260825_094714/benchmark_runs/2026_08_25_evolution_ga_benchmark_09_47_17/2026_08_25_evolution_ga_Zaleplon_MPO/generator_top_molecules_lineage.csv	top-lineage	158	0	100	100
full-spectrum	2	17	Valsartan_smarts	PORTABLE_OUTPUT_ROOT/guacamol_frequency_ablation_lineage_20260825_094359/full-spectrum/seed_2/task_17_Valsartan_smarts/compare_GuacaMol_20260825_094713/runs/spectralmol/seed_2/case_GuacaMol_20260825_094714/benchmark_runs/2026_08_25_evolution_ga_benchmark_09_47_16/2026_08_25_evolution_ga_Valsartan_smarts/generator_top_molecules_lineage.csv	top-lineage	191	0	100	100
full-spectrum	2	18	Deco_hop	PORTABLE_OUTPUT_ROOT/guacamol_frequency_ablation_lineage_20260825_094359/full-spectrum/seed_2/task_18_Deco_hop/compare_GuacaMol_20260825_094716/runs/spectralmol/seed_2/case_GuacaMol_20260825_094716/benchmark_runs/2026_08_25_evolution_ga_benchmark_09_47_19/2026_08_25_evolution_ga_Deco_hop/generator_top_molecules_lineage.csv	top-lineage	51	0	51	51
full-spectrum	2	19	Scaffold_hop	PORTABLE_OUTPUT_ROOT/guacamol_frequency_ablation_lineage_20260825_094359/full-spectrum/seed_2/task_19_Scaffold_hop/compare_GuacaMol_20260825_094717/runs/spectralmol/seed_2/case_GuacaMol_20260825_094718/benchmark_runs/2026_08_25_evolution_ga_benchmark_09_47_20/2026_08_25_evolution_ga_Scaffold_hop/generator_top_molecules_lineage.csv	top-lineage	200	0	100	100
full-spectrum	2	1	Troglitazone_rediscovery	PORTABLE_OUTPUT_ROOT/guacamol_frequency_ablation_lineage_20260825_094359/full-spectrum/seed_2/task_1_Troglitazone_rediscovery/compare_GuacaMol_20260825_094623/runs/spectralmol/seed_2/case_GuacaMol_20260825_094623/benchmark_runs/2026_08_25_evolution_ga_benchmark_09_46_26/2026_08_25_evolution_ga_Troglitazone_rediscovery/generator_top_molecules_lineage.csv	top-lineage	199	0	100	100
full-spectrum	2	2	Thiothixene_rediscovery	PORTABLE_OUTPUT_ROOT/guacamol_frequency_ablation_lineage_20260825_094359/full-spectrum/seed_2/task_2_Thiothixene_rediscovery/compare_GuacaMol_20260825_094640/runs/spectralmol/seed_2/case_GuacaMol_20260825_094640/benchmark_runs/2026_08_25_evolution_ga_benchmark_09_46_43/2026_08_25_evolution_ga_Thiothixene_rediscovery/generator_top_molecules_lineage.csv	top-lineage	200	0	100	100
full-spectrum	2	3	Aripiprazole_similarity	PORTABLE_OUTPUT_ROOT/guacamol_frequency_ablation_lineage_20260825_094359/full-spectrum/seed_2/task_3_Aripiprazole_similarity/compare_GuacaMol_20260825_094640/runs/spectralmol/seed_2/case_GuacaMol_20260825_094640/benchmark_runs/2026_08_25_evolution_ga_benchmark_09_46_43/2026_08_25_evolution_ga_Aripiprazole_similarity/generator_top_molecules_lineage.csv	top-lineage	200	0	100	100
full-spectrum	2	4	Albuterol_similarity	PORTABLE_OUTPUT_ROOT/guacamol_frequency_ablation_lineage_20260825_094359/full-spectrum/seed_2/task_4_Albuterol_similarity/compare_GuacaMol_20260825_094640/runs/spectralmol/seed_2/case_GuacaMol_20260825_094640/benchmark_runs/2026_08_25_evolution_ga_benchmark_09_46_43/2026_08_25_evolution_ga_Albuterol_similarity/generator_top_molecules_lineage.csv	top-lineage	200	0	100	100
full-spectrum	2	5	Mestranol_similarity	PORTABLE_OUTPUT_ROOT/guacamol_frequency_ablation_lineage_20260825_094359/full-spectrum/seed_2/task_5_Mestranol_similarity/compare_GuacaMol_20260825_094642/runs/spectralmol/seed_2/case_GuacaMol_20260825_094643/benchmark_runs/2026_08_25_evolution_ga_benchmark_09_46_45/2026_08_25_evolution_ga_Mestranol_similarity/generator_top_molecules_lineage.csv	top-lineage	200	0	100	100
full-spectrum	2	6	C11H24	PORTABLE_OUTPUT_ROOT/guacamol_frequency_ablation_lineage_20260825_094359/full-spectrum/seed_2/task_6_C11H24/compare_GuacaMol_20260825_094642/runs/spectralmol/seed_2/case_GuacaMol_20260825_094643/benchmark_runs/2026_08_25_evolution_ga_benchmark_09_46_45/2026_08_25_evolution_ga_C11H24/generator_top_molecules_lineage.csv	top-lineage	200	0	100	100
full-spectrum	2	7	C9H10N2O2PF2Cl	PORTABLE_OUTPUT_ROOT/guacamol_frequency_ablation_lineage_20260825_094359/full-spectrum/seed_2/task_7_C9H10N2O2PF2Cl/compare_GuacaMol_20260825_094649/runs/spectralmol/seed_2/case_GuacaMol_20260825_094650/benchmark_runs/2026_08_25_evolution_ga_benchmark_09_46_56/2026_08_25_evolution_ga_C9H10N2O2PF2Cl/generator_top_molecules_lineage.csv	top-lineage	200	0	100	100
full-spectrum	2	8	Median_molecules_1	PORTABLE_OUTPUT_ROOT/guacamol_frequency_ablation_lineage_20260825_094359/full-spectrum/seed_2/task_8_Median_molecules_1/compare_GuacaMol_20260825_094654/runs/spectralmol/seed_2/case_GuacaMol_20260825_094655/benchmark_runs/2026_08_25_evolution_ga_benchmark_09_46_57/2026_08_25_evolution_ga_Median_molecules_1/generator_top_molecules_lineage.csv	top-lineage	200	0	100	100
full-spectrum	2	9	Median_molecules_2	PORTABLE_OUTPUT_ROOT/guacamol_frequency_ablation_lineage_20260825_094359/full-spectrum/seed_2/task_9_Median_molecules_2/compare_GuacaMol_20260825_094654/runs/spectralmol/seed_2/case_GuacaMol_20260825_094654/benchmark_runs/2026_08_25_evolution_ga_benchmark_09_46_58/2026_08_25_evolution_ga_Median_molecules_2/generator_top_molecules_lineage.csv	top-lineage	107	0	100	100
full-spectrum	3	0	Celecoxib_rediscovery	PORTABLE_OUTPUT_ROOT/guacamol_frequency_ablation_lineage_20260825_094359/full-spectrum/seed_3/task_0_Celecoxib_rediscovery/compare_GuacaMol_20260825_094722/runs/spectralmol/seed_3/case_GuacaMol_20260825_094722/benchmark_runs/2026_08_25_evolution_ga_benchmark_09_47_26/2026_08_25_evolution_ga_Celecoxib_rediscovery/generator_top_molecules_lineage.csv	top-lineage	200	0	100	100
full-spectrum	3	10	Osimertinib_MPO	PORTABLE_OUTPUT_ROOT/guacamol_frequency_ablation_lineage_20260825_094359/full-spectrum/seed_3/task_10_Osimertinib_MPO/compare_GuacaMol_20260825_094807/runs/spectralmol/seed_3/case_GuacaMol_20260825_094808/benchmark_runs/2026_08_25_evolution_ga_benchmark_09_48_11/2026_08_25_evolution_ga_Osimertinib_MPO/generator_top_molecules_lineage.csv	top-lineage	194	0	100	100
full-spectrum	3	11	Fexofenadine_MPO	PORTABLE_OUTPUT_ROOT/guacamol_frequency_ablation_lineage_20260825_094359/full-spectrum/seed_3/task_11_Fexofenadine_MPO/compare_GuacaMol_20260825_094813/runs/spectralmol/seed_3/case_GuacaMol_20260825_094813/benchmark_runs/2026_08_25_evolution_ga_benchmark_09_48_17/2026_08_25_evolution_ga_Fexofenadine_MPO/generator_top_molecules_lineage.csv	top-lineage	200	0	100	100
full-spectrum	3	12	Ranolazine_MPO	PORTABLE_OUTPUT_ROOT/guacamol_frequency_ablation_lineage_20260825_094359/full-spectrum/seed_3/task_12_Ranolazine_MPO/compare_GuacaMol_20260825_094827/runs/spectralmol/seed_3/case_GuacaMol_20260825_094828/benchmark_runs/2026_08_25_evolution_ga_benchmark_09_48_30/2026_08_25_evolution_ga_Ranolazine_MPO/generator_top_molecules_lineage.csv	top-lineage	198	0	100	100
full-spectrum	3	13	Perindopril_MPO	PORTABLE_OUTPUT_ROOT/guacamol_frequency_ablation_lineage_20260825_094359/full-spectrum/seed_3/task_13_Perindopril_MPO/compare_GuacaMol_20260825_094834/runs/spectralmol/seed_3/case_GuacaMol_20260825_094835/benchmark_runs/2026_08_25_evolution_ga_benchmark_09_48_38/2026_08_25_evolution_ga_Perindopril_MPO/generator_top_molecules_lineage.csv	top-lineage	32	0	32	32
full-spectrum	3	14	Amlodipine_MPO	PORTABLE_OUTPUT_ROOT/guacamol_frequency_ablation_lineage_20260825_094359/full-spectrum/seed_3/task_14_Amlodipine_MPO/compare_GuacaMol_20260825_094836/runs/spectralmol/seed_3/case_GuacaMol_20260825_094837/benchmark_runs/2026_08_25_evolution_ga_benchmark_09_48_39/2026_08_25_evolution_ga_Amlodipine_MPO/generator_top_molecules_lineage.csv	top-lineage	39	13	39	39
full-spectrum	3	15	Sitagliptin_MPO	PORTABLE_OUTPUT_ROOT/guacamol_frequency_ablation_lineage_20260825_094359/full-spectrum/seed_3/task_15_Sitagliptin_MPO/compare_GuacaMol_20260825_094859/runs/spectralmol/seed_3/case_GuacaMol_20260825_094859/benchmark_runs/2026_08_25_evolution_ga_benchmark_09_49_02/2026_08_25_evolution_ga_Sitagliptin_MPO/generator_top_molecules_lineage.csv	top-lineage	200	0	100	100
full-spectrum	3	16	Zaleplon_MPO	PORTABLE_OUTPUT_ROOT/guacamol_frequency_ablation_lineage_20260825_094359/full-spectrum/seed_3/task_16_Zaleplon_MPO/compare_GuacaMol_20260825_094927/runs/spectralmol/seed_3/case_GuacaMol_20260825_094930/benchmark_runs/2026_08_25_evolution_ga_benchmark_09_49_43/2026_08_25_evolution_ga_Zaleplon_MPO/generator_top_molecules_lineage.csv	top-lineage	180	0	100	100
full-spectrum	3	17	Valsartan_smarts	PORTABLE_OUTPUT_ROOT/guacamol_frequency_ablation_lineage_20260825_094359/full-spectrum/seed_3/task_17_Valsartan_smarts/compare_GuacaMol_20260825_094926/runs/spectralmol/seed_3/case_GuacaMol_20260825_094927/benchmark_runs/2026_08_25_evolution_ga_benchmark_09_49_29/2026_08_25_evolution_ga_Valsartan_smarts/generator_top_molecules_lineage.csv	top-lineage	191	0	100	100
full-spectrum	3	18	Deco_hop	PORTABLE_OUTPUT_ROOT/guacamol_frequency_ablation_lineage_20260825_094359/full-spectrum/seed_3/task_18_Deco_hop/compare_GuacaMol_20260825_094925/runs/spectralmol/seed_3/case_GuacaMol_20260825_094926/benchmark_runs/2026_08_25_evolution_ga_benchmark_09_49_28/2026_08_25_evolution_ga_Deco_hop/generator_top_molecules_lineage.csv	top-lineage	49	0	49	49
full-spectrum	3	19	Scaffold_hop	PORTABLE_OUTPUT_ROOT/guacamol_frequency_ablation_lineage_20260825_094359/full-spectrum/seed_3/task_19_Scaffold_hop/compare_GuacaMol_20260825_094925/runs/spectralmol/seed_3/case_GuacaMol_20260825_094926/benchmark_runs/2026_08_25_evolution_ga_benchmark_09_49_29/2026_08_25_evolution_ga_Scaffold_hop/generator_top_molecules_lineage.csv	top-lineage	200	0	100	100
full-spectrum	3	1	Troglitazone_rediscovery	PORTABLE_OUTPUT_ROOT/guacamol_frequency_ablation_lineage_20260825_094359/full-spectrum/seed_3/task_1_Troglitazone_rediscovery/compare_GuacaMol_20260825_094722/runs/spectralmol/seed_3/case_GuacaMol_20260825_094722/benchmark_runs/2026_08_25_evolution_ga_benchmark_09_47_25/2026_08_25_evolution_ga_Troglitazone_rediscovery/generator_top_molecules_lineage.csv	top-lineage	199	0	100	100
full-spectrum	3	2	Thiothixene_rediscovery	PORTABLE_OUTPUT_ROOT/guacamol_frequency_ablation_lineage_20260825_094359/full-spectrum/seed_3/task_2_Thiothixene_rediscovery/compare_GuacaMol_20260825_094726/runs/spectralmol/seed_3/case_GuacaMol_20260825_094727/benchmark_runs/2026_08_25_evolution_ga_benchmark_09_47_30/2026_08_25_evolution_ga_Thiothixene_rediscovery/generator_top_molecules_lineage.csv	top-lineage	200	0	100	100
full-spectrum	3	3	Aripiprazole_similarity	PORTABLE_OUTPUT_ROOT/guacamol_frequency_ablation_lineage_20260825_094359/full-spectrum/seed_3/task_3_Aripiprazole_similarity/compare_GuacaMol_20260825_094731/runs/spectralmol/seed_3/case_GuacaMol_20260825_094732/benchmark_runs/2026_08_25_evolution_ga_benchmark_09_47_35/2026_08_25_evolution_ga_Aripiprazole_similarity/generator_top_molecules_lineage.csv	top-lineage	200	0	100	100
full-spectrum	3	4	Albuterol_similarity	PORTABLE_OUTPUT_ROOT/guacamol_frequency_ablation_lineage_20260825_094359/full-spectrum/seed_3/task_4_Albuterol_similarity/compare_GuacaMol_20260825_094737/runs/spectralmol/seed_3/case_GuacaMol_20260825_094738/benchmark_runs/2026_08_25_evolution_ga_benchmark_09_47_41/2026_08_25_evolution_ga_Albuterol_similarity/generator_top_molecules_lineage.csv	top-lineage	190	0	100	100
full-spectrum	3	5	Mestranol_similarity	PORTABLE_OUTPUT_ROOT/guacamol_frequency_ablation_lineage_20260825_094359/full-spectrum/seed_3/task_5_Mestranol_similarity/compare_GuacaMol_20260825_094740/runs/spectralmol/seed_3/case_GuacaMol_20260825_094741/benchmark_runs/2026_08_25_evolution_ga_benchmark_09_47_44/2026_08_25_evolution_ga_Mestranol_similarity/generator_top_molecules_lineage.csv	top-lineage	200	0	100	100
full-spectrum	3	6	C11H24	PORTABLE_OUTPUT_ROOT/guacamol_frequency_ablation_lineage_20260825_094359/full-spectrum/seed_3/task_6_C11H24/compare_GuacaMol_20260825_094740/runs/spectralmol/seed_3/case_GuacaMol_20260825_094740/benchmark_runs/2026_08_25_evolution_ga_benchmark_09_47_43/2026_08_25_evolution_ga_C11H24/generator_top_molecules_lineage.csv	top-lineage	200	0	100	100
full-spectrum	3	7	C9H10N2O2PF2Cl	PORTABLE_OUTPUT_ROOT/guacamol_frequency_ablation_lineage_20260825_094359/full-spectrum/seed_3/task_7_C9H10N2O2PF2Cl/compare_GuacaMol_20260825_094742/runs/spectralmol/seed_3/case_GuacaMol_20260825_094743/benchmark_runs/2026_08_25_evolution_ga_benchmark_09_47_45/2026_08_25_evolution_ga_C9H10N2O2PF2Cl/generator_top_molecules_lineage.csv	top-lineage	200	0	100	100
full-spectrum	3	8	Median_molecules_1	PORTABLE_OUTPUT_ROOT/guacamol_frequency_ablation_lineage_20260825_094359/full-spectrum/seed_3/task_8_Median_molecules_1/compare_GuacaMol_20260825_094750/runs/spectralmol/seed_3/case_GuacaMol_20260825_094751/benchmark_runs/2026_08_25_evolution_ga_benchmark_09_47_54/2026_08_25_evolution_ga_Median_molecules_1/generator_top_molecules_lineage.csv	top-lineage	200	0	100	100
full-spectrum	3	9	Median_molecules_2	PORTABLE_OUTPUT_ROOT/guacamol_frequency_ablation_lineage_20260825_094359/full-spectrum/seed_3/task_9_Median_molecules_2/compare_GuacaMol_20260825_094750/runs/spectralmol/seed_3/case_GuacaMol_20260825_094750/benchmark_runs/2026_08_25_evolution_ga_benchmark_09_47_53/2026_08_25_evolution_ga_Median_molecules_2/generator_top_molecules_lineage.csv	top-lineage	200	0	100	100
full-spectrum	4	0	Celecoxib_rediscovery	PORTABLE_OUTPUT_ROOT/guacamol_frequency_ablation_lineage_20260825_094359/full-spectrum/seed_4/task_0_Celecoxib_rediscovery/compare_GuacaMol_20260825_094926/runs/spectralmol/seed_4/case_GuacaMol_20260825_094927/benchmark_runs/2026_08_25_evolution_ga_benchmark_09_49_30/2026_08_25_evolution_ga_Celecoxib_rediscovery/generator_top_molecules_lineage.csv	top-lineage	200	0	100	100
full-spectrum	4	10	Osimertinib_MPO	PORTABLE_OUTPUT_ROOT/guacamol_frequency_ablation_lineage_20260825_094359/full-spectrum/seed_4/task_10_Osimertinib_MPO/compare_GuacaMol_20260825_094944/runs/spectralmol/seed_4/case_GuacaMol_20260825_094945/benchmark_runs/2026_08_25_evolution_ga_benchmark_09_49_49/2026_08_25_evolution_ga_Osimertinib_MPO/generator_top_molecules_lineage.csv	top-lineage	155	0	100	100
full-spectrum	4	11	Fexofenadine_MPO	PORTABLE_OUTPUT_ROOT/guacamol_frequency_ablation_lineage_20260825_094359/full-spectrum/seed_4/task_11_Fexofenadine_MPO/compare_GuacaMol_20260825_094951/runs/spectralmol/seed_4/case_GuacaMol_20260825_094952/benchmark_runs/2026_08_25_evolution_ga_benchmark_09_49_54/2026_08_25_evolution_ga_Fexofenadine_MPO/generator_top_molecules_lineage.csv	top-lineage	200	0	100	100
full-spectrum	4	12	Ranolazine_MPO	PORTABLE_OUTPUT_ROOT/guacamol_frequency_ablation_lineage_20260825_094359/full-spectrum/seed_4/task_12_Ranolazine_MPO/compare_GuacaMol_20260825_095012/runs/spectralmol/seed_4/case_GuacaMol_20260825_095013/benchmark_runs/2026_08_25_evolution_ga_benchmark_09_50_16/2026_08_25_evolution_ga_Ranolazine_MPO/generator_top_molecules_lineage.csv	top-lineage	157	0	100	100
full-spectrum	4	13	Perindopril_MPO	PORTABLE_OUTPUT_ROOT/guacamol_frequency_ablation_lineage_20260825_094359/full-spectrum/seed_4/task_13_Perindopril_MPO/compare_GuacaMol_20260825_095012/runs/spectralmol/seed_4/case_GuacaMol_20260825_095013/benchmark_runs/2026_08_25_evolution_ga_benchmark_09_50_16/2026_08_25_evolution_ga_Perindopril_MPO/generator_top_molecules_lineage.csv	top-lineage	28	0	28	28
full-spectrum	4	14	Amlodipine_MPO	PORTABLE_OUTPUT_ROOT/guacamol_frequency_ablation_lineage_20260825_094359/full-spectrum/seed_4/task_14_Amlodipine_MPO/compare_GuacaMol_20260825_095018/runs/spectralmol/seed_4/case_GuacaMol_20260825_095020/benchmark_runs/2026_08_25_evolution_ga_benchmark_09_50_23/2026_08_25_evolution_ga_Amlodipine_MPO/generator_top_molecules_lineage.csv	top-lineage	41	9	41	41
full-spectrum	4	15	Sitagliptin_MPO	PORTABLE_OUTPUT_ROOT/guacamol_frequency_ablation_lineage_20260825_094359/full-spectrum/seed_4/task_15_Sitagliptin_MPO/compare_GuacaMol_20260825_095028/runs/spectralmol/seed_4/case_GuacaMol_20260825_095029/benchmark_runs/2026_08_25_evolution_ga_benchmark_09_50_32/2026_08_25_evolution_ga_Sitagliptin_MPO/generator_top_molecules_lineage.csv	top-lineage	195	3	100	100
full-spectrum	4	16	Zaleplon_MPO	PORTABLE_OUTPUT_ROOT/guacamol_frequency_ablation_lineage_20260825_094359/full-spectrum/seed_4/task_16_Zaleplon_MPO/compare_GuacaMol_20260825_095031/runs/spectralmol/seed_4/case_GuacaMol_20260825_095031/benchmark_runs/2026_08_25_evolution_ga_benchmark_09_50_34/2026_08_25_evolution_ga_Zaleplon_MPO/generator_top_molecules_lineage.csv	top-lineage	159	0	100	100
full-spectrum	4	17	Valsartan_smarts	PORTABLE_OUTPUT_ROOT/guacamol_frequency_ablation_lineage_20260825_094359/full-spectrum/seed_4/task_17_Valsartan_smarts/compare_GuacaMol_20260825_095034/runs/spectralmol/seed_4/case_GuacaMol_20260825_095035/benchmark_runs/2026_08_25_evolution_ga_benchmark_09_50_39/2026_08_25_evolution_ga_Valsartan_smarts/generator_top_molecules_lineage.csv	top-lineage	174	0	100	100
full-spectrum	4	18	Deco_hop	PORTABLE_OUTPUT_ROOT/guacamol_frequency_ablation_lineage_20260825_094359/full-spectrum/seed_4/task_18_Deco_hop/compare_GuacaMol_20260825_095040/runs/spectralmol/seed_4/case_GuacaMol_20260825_095041/benchmark_runs/2026_08_25_evolution_ga_benchmark_09_50_44/2026_08_25_evolution_ga_Deco_hop/generator_top_molecules_lineage.csv	top-lineage	51	0	51	51
full-spectrum	4	19	Scaffold_hop	PORTABLE_OUTPUT_ROOT/guacamol_frequency_ablation_lineage_20260825_094359/full-spectrum/seed_4/task_19_Scaffold_hop/compare_GuacaMol_20260825_095043/runs/spectralmol/seed_4/case_GuacaMol_20260825_095043/benchmark_runs/2026_08_25_evolution_ga_benchmark_09_50_46/2026_08_25_evolution_ga_Scaffold_hop/generator_top_molecules_lineage.csv	top-lineage	200	0	100	100
full-spectrum	4	1	Troglitazone_rediscovery	PORTABLE_OUTPUT_ROOT/guacamol_frequency_ablation_lineage_20260825_094359/full-spectrum/seed_4/task_1_Troglitazone_rediscovery/compare_GuacaMol_20260825_094928/runs/spectralmol/seed_4/case_GuacaMol_20260825_094929/benchmark_runs/2026_08_25_evolution_ga_benchmark_09_49_36/2026_08_25_evolution_ga_Troglitazone_rediscovery/generator_top_molecules_lineage.csv	top-lineage	200	0	100	100
full-spectrum	4	2	Thiothixene_rediscovery	PORTABLE_OUTPUT_ROOT/guacamol_frequency_ablation_lineage_20260825_094359/full-spectrum/seed_4/task_2_Thiothixene_rediscovery/compare_GuacaMol_20260825_094930/runs/spectralmol/seed_4/case_GuacaMol_20260825_094931/benchmark_runs/2026_08_25_evolution_ga_benchmark_09_49_33/2026_08_25_evolution_ga_Thiothixene_rediscovery/generator_top_molecules_lineage.csv	top-lineage	200	0	100	100
full-spectrum	4	3	Aripiprazole_similarity	PORTABLE_OUTPUT_ROOT/guacamol_frequency_ablation_lineage_20260825_094359/full-spectrum/seed_4/task_3_Aripiprazole_similarity/compare_GuacaMol_20260825_094931/runs/spectralmol/seed_4/case_GuacaMol_20260825_094932/benchmark_runs/2026_08_25_evolution_ga_benchmark_09_49_34/2026_08_25_evolution_ga_Aripiprazole_similarity/generator_top_molecules_lineage.csv	top-lineage	200	0	100	100
full-spectrum	4	4	Albuterol_similarity	PORTABLE_OUTPUT_ROOT/guacamol_frequency_ablation_lineage_20260825_094359/full-spectrum/seed_4/task_4_Albuterol_similarity/compare_GuacaMol_20260825_094931/runs/spectralmol/seed_4/case_GuacaMol_20260825_094931/benchmark_runs/2026_08_25_evolution_ga_benchmark_09_49_34/2026_08_25_evolution_ga_Albuterol_similarity/generator_top_molecules_lineage.csv	top-lineage	191	0	100	100
full-spectrum	4	5	Mestranol_similarity	PORTABLE_OUTPUT_ROOT/guacamol_frequency_ablation_lineage_20260825_094359/full-spectrum/seed_4/task_5_Mestranol_similarity/compare_GuacaMol_20260825_094935/runs/spectralmol/seed_4/case_GuacaMol_20260825_094935/benchmark_runs/2026_08_25_evolution_ga_benchmark_09_49_38/2026_08_25_evolution_ga_Mestranol_similarity/generator_top_molecules_lineage.csv	top-lineage	200	0	100	100
full-spectrum	4	6	C11H24	PORTABLE_OUTPUT_ROOT/guacamol_frequency_ablation_lineage_20260825_094359/full-spectrum/seed_4/task_6_C11H24/compare_GuacaMol_20260825_094935/runs/spectralmol/seed_4/case_GuacaMol_20260825_094937/benchmark_runs/2026_08_25_evolution_ga_benchmark_09_49_41/2026_08_25_evolution_ga_C11H24/generator_top_molecules_lineage.csv	top-lineage	199	0	100	100
full-spectrum	4	7	C9H10N2O2PF2Cl	PORTABLE_OUTPUT_ROOT/guacamol_frequency_ablation_lineage_20260825_094359/full-spectrum/seed_4/task_7_C9H10N2O2PF2Cl/compare_GuacaMol_20260825_094935/runs/spectralmol/seed_4/case_GuacaMol_20260825_094936/benchmark_runs/2026_08_25_evolution_ga_benchmark_09_49_39/2026_08_25_evolution_ga_C9H10N2O2PF2Cl/generator_top_molecules_lineage.csv	top-lineage	199	0	100	100
full-spectrum	4	8	Median_molecules_1	PORTABLE_OUTPUT_ROOT/guacamol_frequency_ablation_lineage_20260825_094359/full-spectrum/seed_4/task_8_Median_molecules_1/compare_GuacaMol_20260825_094942/runs/spectralmol/seed_4/case_GuacaMol_20260825_094944/benchmark_runs/2026_08_25_evolution_ga_benchmark_09_49_56/2026_08_25_evolution_ga_Median_molecules_1/generator_top_molecules_lineage.csv	top-lineage	200	0	100	100
full-spectrum	4	9	Median_molecules_2	PORTABLE_OUTPUT_ROOT/guacamol_frequency_ablation_lineage_20260825_094359/full-spectrum/seed_4/task_9_Median_molecules_2/compare_GuacaMol_20260825_094940/runs/spectralmol/seed_4/case_GuacaMol_20260825_094941/benchmark_runs/2026_08_25_evolution_ga_benchmark_09_49_43/2026_08_25_evolution_ga_Median_molecules_2/generator_top_molecules_lineage.csv	top-lineage	52	0	52	52
full-spectrum	5	0	Celecoxib_rediscovery	PORTABLE_OUTPUT_ROOT/guacamol_frequency_ablation_lineage_20260825_094359/full-spectrum/seed_5/task_0_Celecoxib_rediscovery/compare_GuacaMol_20260825_095049/runs/spectralmol/seed_5/case_GuacaMol_20260825_095049/benchmark_runs/2026_08_25_evolution_ga_benchmark_09_50_52/2026_08_25_evolution_ga_Celecoxib_rediscovery/generator_top_molecules_lineage.csv	top-lineage	200	0	100	100
full-spectrum	5	10	Osimertinib_MPO	PORTABLE_OUTPUT_ROOT/guacamol_frequency_ablation_lineage_20260825_094359/full-spectrum/seed_5/task_10_Osimertinib_MPO/compare_GuacaMol_20260825_095155/runs/spectralmol/seed_5/case_GuacaMol_20260825_095155/benchmark_runs/2026_08_25_evolution_ga_benchmark_09_51_58/2026_08_25_evolution_ga_Osimertinib_MPO/generator_top_molecules_lineage.csv	top-lineage	149	0	100	100
full-spectrum	5	11	Fexofenadine_MPO	PORTABLE_OUTPUT_ROOT/guacamol_frequency_ablation_lineage_20260825_094359/full-spectrum/seed_5/task_11_Fexofenadine_MPO/compare_GuacaMol_20260825_095200/runs/spectralmol/seed_5/case_GuacaMol_20260825_095200/benchmark_runs/2026_08_25_evolution_ga_benchmark_09_52_03/2026_08_25_evolution_ga_Fexofenadine_MPO/generator_top_molecules_lineage.csv	top-lineage	196	1	100	100
full-spectrum	5	12	Ranolazine_MPO	PORTABLE_OUTPUT_ROOT/guacamol_frequency_ablation_lineage_20260825_094359/full-spectrum/seed_5/task_12_Ranolazine_MPO/compare_GuacaMol_20260825_095200/runs/spectralmol/seed_5/case_GuacaMol_20260825_095200/benchmark_runs/2026_08_25_evolution_ga_benchmark_09_52_03/2026_08_25_evolution_ga_Ranolazine_MPO/generator_top_molecules_lineage.csv	top-lineage	191	0	100	100
full-spectrum	5	13	Perindopril_MPO	PORTABLE_OUTPUT_ROOT/guacamol_frequency_ablation_lineage_20260825_094359/full-spectrum/seed_5/task_13_Perindopril_MPO/compare_GuacaMol_20260825_095200/runs/spectralmol/seed_5/case_GuacaMol_20260825_095201/benchmark_runs/2026_08_25_evolution_ga_benchmark_09_52_03/2026_08_25_evolution_ga_Perindopril_MPO/generator_top_molecules_lineage.csv	top-lineage	37	0	37	37
full-spectrum	5	14	Amlodipine_MPO	PORTABLE_OUTPUT_ROOT/guacamol_frequency_ablation_lineage_20260825_094359/full-spectrum/seed_5/task_14_Amlodipine_MPO/compare_GuacaMol_20260825_095210/runs/spectralmol/seed_5/case_GuacaMol_20260825_095211/benchmark_runs/2026_08_25_evolution_ga_benchmark_09_52_14/2026_08_25_evolution_ga_Amlodipine_MPO/generator_top_molecules_lineage.csv	top-lineage	69	8	69	69
full-spectrum	5	15	Sitagliptin_MPO	PORTABLE_OUTPUT_ROOT/guacamol_frequency_ablation_lineage_20260825_094359/full-spectrum/seed_5/task_15_Sitagliptin_MPO/compare_GuacaMol_20260825_095216/runs/spectralmol/seed_5/case_GuacaMol_20260825_095216/benchmark_runs/2026_08_25_evolution_ga_benchmark_09_52_19/2026_08_25_evolution_ga_Sitagliptin_MPO/generator_top_molecules_lineage.csv	top-lineage	200	0	100	100
full-spectrum	5	16	Zaleplon_MPO	PORTABLE_OUTPUT_ROOT/guacamol_frequency_ablation_lineage_20260825_094359/full-spectrum/seed_5/task_16_Zaleplon_MPO/compare_GuacaMol_20260825_095221/runs/spectralmol/seed_5/case_GuacaMol_20260825_095221/benchmark_runs/2026_08_25_evolution_ga_benchmark_09_52_24/2026_08_25_evolution_ga_Zaleplon_MPO/generator_top_molecules_lineage.csv	top-lineage	198	0	100	100
full-spectrum	5	17	Valsartan_smarts	PORTABLE_OUTPUT_ROOT/guacamol_frequency_ablation_lineage_20260825_094359/full-spectrum/seed_5/task_17_Valsartan_smarts/compare_GuacaMol_20260825_095227/runs/spectralmol/seed_5/case_GuacaMol_20260825_095227/benchmark_runs/2026_08_25_evolution_ga_benchmark_09_52_30/2026_08_25_evolution_ga_Valsartan_smarts/generator_top_molecules_lineage.csv	top-lineage	182	0	100	100
full-spectrum	5	18	Deco_hop	PORTABLE_OUTPUT_ROOT/guacamol_frequency_ablation_lineage_20260825_094359/full-spectrum/seed_5/task_18_Deco_hop/compare_GuacaMol_20260825_095227/runs/spectralmol/seed_5/case_GuacaMol_20260825_095227/benchmark_runs/2026_08_25_evolution_ga_benchmark_09_52_30/2026_08_25_evolution_ga_Deco_hop/generator_top_molecules_lineage.csv	top-lineage	52	0	52	52
full-spectrum	5	19	Scaffold_hop	PORTABLE_OUTPUT_ROOT/guacamol_frequency_ablation_lineage_20260825_094359/full-spectrum/seed_5/task_19_Scaffold_hop/compare_GuacaMol_20260825_095229/runs/spectralmol/seed_5/case_GuacaMol_20260825_095230/benchmark_runs/2026_08_25_evolution_ga_benchmark_09_52_33/2026_08_25_evolution_ga_Scaffold_hop/generator_top_molecules_lineage.csv	top-lineage	200	0	100	100
full-spectrum	5	1	Troglitazone_rediscovery	PORTABLE_OUTPUT_ROOT/guacamol_frequency_ablation_lineage_20260825_094359/full-spectrum/seed_5/task_1_Troglitazone_rediscovery/compare_GuacaMol_20260825_095049/runs/spectralmol/seed_5/case_GuacaMol_20260825_095049/benchmark_runs/2026_08_25_evolution_ga_benchmark_09_50_52/2026_08_25_evolution_ga_Troglitazone_rediscovery/generator_top_molecules_lineage.csv	top-lineage	200	0	100	100
full-spectrum	5	2	Thiothixene_rediscovery	PORTABLE_OUTPUT_ROOT/guacamol_frequency_ablation_lineage_20260825_094359/full-spectrum/seed_5/task_2_Thiothixene_rediscovery/compare_GuacaMol_20260825_095107/runs/spectralmol/seed_5/case_GuacaMol_20260825_095108/benchmark_runs/2026_08_25_evolution_ga_benchmark_09_51_11/2026_08_25_evolution_ga_Thiothixene_rediscovery/generator_top_molecules_lineage.csv	top-lineage	200	0	100	100
full-spectrum	5	3	Aripiprazole_similarity	PORTABLE_OUTPUT_ROOT/guacamol_frequency_ablation_lineage_20260825_094359/full-spectrum/seed_5/task_3_Aripiprazole_similarity/compare_GuacaMol_20260825_095110/runs/spectralmol/seed_5/case_GuacaMol_20260825_095110/benchmark_runs/2026_08_25_evolution_ga_benchmark_09_51_13/2026_08_25_evolution_ga_Aripiprazole_similarity/generator_top_molecules_lineage.csv	top-lineage	200	0	100	100
full-spectrum	5	4	Albuterol_similarity	PORTABLE_OUTPUT_ROOT/guacamol_frequency_ablation_lineage_20260825_094359/full-spectrum/seed_5/task_4_Albuterol_similarity/compare_GuacaMol_20260825_095110/runs/spectralmol/seed_5/case_GuacaMol_20260825_095111/benchmark_runs/2026_08_25_evolution_ga_benchmark_09_51_14/2026_08_25_evolution_ga_Albuterol_similarity/generator_top_molecules_lineage.csv	top-lineage	200	0	100	100
full-spectrum	5	5	Mestranol_similarity	PORTABLE_OUTPUT_ROOT/guacamol_frequency_ablation_lineage_20260825_094359/full-spectrum/seed_5/task_5_Mestranol_similarity/compare_GuacaMol_20260825_095116/runs/spectralmol/seed_5/case_GuacaMol_20260825_095117/benchmark_runs/2026_08_25_evolution_ga_benchmark_09_51_19/2026_08_25_evolution_ga_Mestranol_similarity/generator_top_molecules_lineage.csv	top-lineage	200	0	100	100
full-spectrum	5	6	C11H24	PORTABLE_OUTPUT_ROOT/guacamol_frequency_ablation_lineage_20260825_094359/full-spectrum/seed_5/task_6_C11H24/compare_GuacaMol_20260825_095125/runs/spectralmol/seed_5/case_GuacaMol_20260825_095125/benchmark_runs/2026_08_25_evolution_ga_benchmark_09_51_28/2026_08_25_evolution_ga_C11H24/generator_top_molecules_lineage.csv	top-lineage	200	0	100	100
full-spectrum	5	7	C9H10N2O2PF2Cl	PORTABLE_OUTPUT_ROOT/guacamol_frequency_ablation_lineage_20260825_094359/full-spectrum/seed_5/task_7_C9H10N2O2PF2Cl/compare_GuacaMol_20260825_095128/runs/spectralmol/seed_5/case_GuacaMol_20260825_095128/benchmark_runs/2026_08_25_evolution_ga_benchmark_09_51_31/2026_08_25_evolution_ga_C9H10N2O2PF2Cl/generator_top_molecules_lineage.csv	top-lineage	200	0	100	100
full-spectrum	5	8	Median_molecules_1	PORTABLE_OUTPUT_ROOT/guacamol_frequency_ablation_lineage_20260825_094359/full-spectrum/seed_5/task_8_Median_molecules_1/compare_GuacaMol_20260825_095141/runs/spectralmol/seed_5/case_GuacaMol_20260825_095141/benchmark_runs/2026_08_25_evolution_ga_benchmark_09_51_43/2026_08_25_evolution_ga_Median_molecules_1/generator_top_molecules_lineage.csv	top-lineage	200	0	100	100
full-spectrum	5	9	Median_molecules_2	PORTABLE_OUTPUT_ROOT/guacamol_frequency_ablation_lineage_20260825_094359/full-spectrum/seed_5/task_9_Median_molecules_2/compare_GuacaMol_20260825_095151/runs/spectralmol/seed_5/case_GuacaMol_20260825_095152/benchmark_runs/2026_08_25_evolution_ga_benchmark_09_51_54/2026_08_25_evolution_ga_Median_molecules_2/generator_top_molecules_lineage.csv	top-lineage	14	0	14	14
high-only	0	0	Celecoxib_rediscovery	PORTABLE_OUTPUT_ROOT/guacamol_frequency_ablation_lineage_20260825_094359/high-only/seed_0/task_0_Celecoxib_rediscovery/compare_GuacaMol_20260825_095230/runs/spectralmol/seed_0/case_GuacaMol_20260825_095232/benchmark_runs/2026_08_25_evolution_ga_benchmark_09_52_36/2026_08_25_evolution_ga_Celecoxib_rediscovery/generator_top_molecules_lineage.csv	top-lineage	70	0	70	70
high-only	0	10	Osimertinib_MPO	PORTABLE_OUTPUT_ROOT/guacamol_frequency_ablation_lineage_20260825_094359/high-only/seed_0/task_10_Osimertinib_MPO/compare_GuacaMol_20260825_095346/runs/spectralmol/seed_0/case_GuacaMol_20260825_095346/benchmark_runs/2026_08_25_evolution_ga_benchmark_09_53_49/2026_08_25_evolution_ga_Osimertinib_MPO/generator_top_molecules_lineage.csv	top-lineage	49	0	49	49
high-only	0	11	Fexofenadine_MPO	PORTABLE_OUTPUT_ROOT/guacamol_frequency_ablation_lineage_20260825_094359/high-only/seed_0/task_11_Fexofenadine_MPO/compare_GuacaMol_20260825_095346/runs/spectralmol/seed_0/case_GuacaMol_20260825_095347/benchmark_runs/2026_08_25_evolution_ga_benchmark_09_53_49/2026_08_25_evolution_ga_Fexofenadine_MPO/generator_top_molecules_lineage.csv	top-lineage	52	10	52	52
high-only	0	12	Ranolazine_MPO	PORTABLE_OUTPUT_ROOT/guacamol_frequency_ablation_lineage_20260825_094359/high-only/seed_0/task_12_Ranolazine_MPO/compare_GuacaMol_20260825_095348/runs/spectralmol/seed_0/case_GuacaMol_20260825_095349/benchmark_runs/2026_08_25_evolution_ga_benchmark_09_53_52/2026_08_25_evolution_ga_Ranolazine_MPO/generator_top_molecules_lineage.csv	top-lineage	11	0	11	11
high-only	0	13	Perindopril_MPO	PORTABLE_OUTPUT_ROOT/guacamol_frequency_ablation_lineage_20260825_094359/high-only/seed_0/task_13_Perindopril_MPO/compare_GuacaMol_20260825_095351/runs/spectralmol/seed_0/case_GuacaMol_20260825_095352/benchmark_runs/2026_08_25_evolution_ga_benchmark_09_53_55/2026_08_25_evolution_ga_Perindopril_MPO/generator_top_molecules_lineage.csv	top-lineage	20	0	20	20
high-only	0	14	Amlodipine_MPO	PORTABLE_OUTPUT_ROOT/guacamol_frequency_ablation_lineage_20260825_094359/high-only/seed_0/task_14_Amlodipine_MPO/compare_GuacaMol_20260825_095357/runs/spectralmol/seed_0/case_GuacaMol_20260825_095357/benchmark_runs/2026_08_25_evolution_ga_benchmark_09_54_00/2026_08_25_evolution_ga_Amlodipine_MPO/generator_top_molecules_lineage.csv	top-lineage	11	2	11	11
high-only	0	15	Sitagliptin_MPO	PORTABLE_OUTPUT_ROOT/guacamol_frequency_ablation_lineage_20260825_094359/high-only/seed_0/task_15_Sitagliptin_MPO/compare_GuacaMol_20260825_095405/runs/spectralmol/seed_0/case_GuacaMol_20260825_095407/benchmark_runs/2026_08_25_evolution_ga_benchmark_09_54_17/2026_08_25_evolution_ga_Sitagliptin_MPO/generator_top_molecules_lineage.csv	top-lineage	100	11	100	100
high-only	0	16	Zaleplon_MPO	PORTABLE_OUTPUT_ROOT/guacamol_frequency_ablation_lineage_20260825_094359/high-only/seed_0/task_16_Zaleplon_MPO/compare_GuacaMol_20260825_095407/runs/spectralmol/seed_0/case_GuacaMol_20260825_095408/benchmark_runs/2026_08_25_evolution_ga_benchmark_09_54_10/2026_08_25_evolution_ga_Zaleplon_MPO/generator_top_molecules_lineage.csv	top-lineage	95	0	95	95
high-only	0	17	Valsartan_smarts	PORTABLE_OUTPUT_ROOT/guacamol_frequency_ablation_lineage_20260825_094359/high-only/seed_0/task_17_Valsartan_smarts/compare_GuacaMol_20260825_095408/runs/spectralmol/seed_0/case_GuacaMol_20260825_095409/benchmark_runs/2026_08_25_evolution_ga_benchmark_09_54_12/2026_08_25_evolution_ga_Valsartan_smarts/generator_top_molecules_lineage.csv	top-lineage	107	0	100	100
high-only	0	18	Deco_hop	PORTABLE_OUTPUT_ROOT/guacamol_frequency_ablation_lineage_20260825_094359/high-only/seed_0/task_18_Deco_hop/compare_GuacaMol_20260825_095411/runs/spectralmol/seed_0/case_GuacaMol_20260825_095412/benchmark_runs/2026_08_25_evolution_ga_benchmark_09_54_15/2026_08_25_evolution_ga_Deco_hop/generator_top_molecules_lineage.csv	top-lineage	30	0	30	30
high-only	0	19	Scaffold_hop	PORTABLE_OUTPUT_ROOT/guacamol_frequency_ablation_lineage_20260825_094359/high-only/seed_0/task_19_Scaffold_hop/compare_GuacaMol_20260825_095416/runs/spectralmol/seed_0/case_GuacaMol_20260825_095417/benchmark_runs/2026_08_25_evolution_ga_benchmark_09_54_19/2026_08_25_evolution_ga_Scaffold_hop/generator_top_molecules_lineage.csv	top-lineage	53	0	53	53
high-only	0	1	Troglitazone_rediscovery	PORTABLE_OUTPUT_ROOT/guacamol_frequency_ablation_lineage_20260825_094359/high-only/seed_0/task_1_Troglitazone_rediscovery/compare_GuacaMol_20260825_095239/runs/spectralmol/seed_0/case_GuacaMol_20260825_095239/benchmark_runs/2026_08_25_evolution_ga_benchmark_09_52_42/2026_08_25_evolution_ga_Troglitazone_rediscovery/generator_top_molecules_lineage.csv	top-lineage	114	0	100	100
high-only	0	2	Thiothixene_rediscovery	PORTABLE_OUTPUT_ROOT/guacamol_frequency_ablation_lineage_20260825_094359/high-only/seed_0/task_2_Thiothixene_rediscovery/compare_GuacaMol_20260825_095242/runs/spectralmol/seed_0/case_GuacaMol_20260825_095242/benchmark_runs/2026_08_25_evolution_ga_benchmark_09_52_45/2026_08_25_evolution_ga_Thiothixene_rediscovery/generator_top_molecules_lineage.csv	top-lineage	92	0	92	92
high-only	0	3	Aripiprazole_similarity	PORTABLE_OUTPUT_ROOT/guacamol_frequency_ablation_lineage_20260825_094359/high-only/seed_0/task_3_Aripiprazole_similarity/compare_GuacaMol_20260825_095249/runs/spectralmol/seed_0/case_GuacaMol_20260825_095250/benchmark_runs/2026_08_25_evolution_ga_benchmark_09_52_52/2026_08_25_evolution_ga_Aripiprazole_similarity/generator_top_molecules_lineage.csv	top-lineage	113	0	100	100
high-only	0	4	Albuterol_similarity	PORTABLE_OUTPUT_ROOT/guacamol_frequency_ablation_lineage_20260825_094359/high-only/seed_0/task_4_Albuterol_similarity/compare_GuacaMol_20260825_095255/runs/spectralmol/seed_0/case_GuacaMol_20260825_095255/benchmark_runs/2026_08_25_evolution_ga_benchmark_09_52_58/2026_08_25_evolution_ga_Albuterol_similarity/generator_top_molecules_lineage.csv	top-lineage	156	0	100	100
high-only	0	5	Mestranol_similarity	PORTABLE_OUTPUT_ROOT/guacamol_frequency_ablation_lineage_20260825_094359/high-only/seed_0/task_5_Mestranol_similarity/compare_GuacaMol_20260825_095305/runs/spectralmol/seed_0/case_GuacaMol_20260825_095306/benchmark_runs/2026_08_25_evolution_ga_benchmark_09_53_09/2026_08_25_evolution_ga_Mestranol_similarity/generator_top_molecules_lineage.csv	top-lineage	199	0	100	100
high-only	0	6	C11H24	PORTABLE_OUTPUT_ROOT/guacamol_frequency_ablation_lineage_20260825_094359/high-only/seed_0/task_6_C11H24/compare_GuacaMol_20260825_095315/runs/spectralmol/seed_0/case_GuacaMol_20260825_095316/benchmark_runs/2026_08_25_evolution_ga_benchmark_09_53_19/2026_08_25_evolution_ga_C11H24/generator_top_molecules_lineage.csv	top-lineage	200	0	100	100
high-only	0	7	C9H10N2O2PF2Cl	PORTABLE_OUTPUT_ROOT/guacamol_frequency_ablation_lineage_20260825_094359/high-only/seed_0/task_7_C9H10N2O2PF2Cl/compare_GuacaMol_20260825_095324/runs/spectralmol/seed_0/case_GuacaMol_20260825_095324/benchmark_runs/2026_08_25_evolution_ga_benchmark_09_53_27/2026_08_25_evolution_ga_C9H10N2O2PF2Cl/generator_top_molecules_lineage.csv	top-lineage	194	0	100	100
high-only	0	8	Median_molecules_1	PORTABLE_OUTPUT_ROOT/guacamol_frequency_ablation_lineage_20260825_094359/high-only/seed_0/task_8_Median_molecules_1/compare_GuacaMol_20260825_095324/runs/spectralmol/seed_0/case_GuacaMol_20260825_095325/benchmark_runs/2026_08_25_evolution_ga_benchmark_09_53_28/2026_08_25_evolution_ga_Median_molecules_1/generator_top_molecules_lineage.csv	top-lineage	200	0	100	100
high-only	0	9	Median_molecules_2	PORTABLE_OUTPUT_ROOT/guacamol_frequency_ablation_lineage_20260825_094359/high-only/seed_0/task_9_Median_molecules_2/compare_GuacaMol_20260825_095326/runs/spectralmol/seed_0/case_GuacaMol_20260825_095327/benchmark_runs/2026_08_25_evolution_ga_benchmark_09_53_30/2026_08_25_evolution_ga_Median_molecules_2/generator_top_molecules_lineage.csv	top-lineage	29	0	29	29
high-only	1	0	Celecoxib_rediscovery	PORTABLE_OUTPUT_ROOT/guacamol_frequency_ablation_lineage_20260825_094359/high-only/seed_1/task_0_Celecoxib_rediscovery/compare_GuacaMol_20260825_095417/runs/spectralmol/seed_1/case_GuacaMol_20260825_095418/benchmark_runs/2026_08_25_evolution_ga_benchmark_09_54_21/2026_08_25_evolution_ga_Celecoxib_rediscovery/generator_top_molecules_lineage.csv	top-lineage	48	0	48	48
high-only	1	10	Osimertinib_MPO	PORTABLE_OUTPUT_ROOT/guacamol_frequency_ablation_lineage_20260825_094359/high-only/seed_1/task_10_Osimertinib_MPO/compare_GuacaMol_20260825_095515/runs/spectralmol/seed_1/case_GuacaMol_20260825_095516/benchmark_runs/2026_08_25_evolution_ga_benchmark_09_55_18/2026_08_25_evolution_ga_Osimertinib_MPO/generator_top_molecules_lineage.csv	top-lineage	46	0	46	46
high-only	1	11	Fexofenadine_MPO	PORTABLE_OUTPUT_ROOT/guacamol_frequency_ablation_lineage_20260825_094359/high-only/seed_1/task_11_Fexofenadine_MPO/compare_GuacaMol_20260825_095517/runs/spectralmol/seed_1/case_GuacaMol_20260825_095518/benchmark_runs/2026_08_25_evolution_ga_benchmark_09_55_21/2026_08_25_evolution_ga_Fexofenadine_MPO/generator_top_molecules_lineage.csv	top-lineage	110	2	100	100
high-only	1	12	Ranolazine_MPO	PORTABLE_OUTPUT_ROOT/guacamol_frequency_ablation_lineage_20260825_094359/high-only/seed_1/task_12_Ranolazine_MPO/compare_GuacaMol_20260825_095521/runs/spectralmol/seed_1/case_GuacaMol_20260825_095521/benchmark_runs/2026_08_25_evolution_ga_benchmark_09_55_24/2026_08_25_evolution_ga_Ranolazine_MPO/generator_top_molecules_lineage.csv	top-lineage	5	0	5	5
high-only	1	13	Perindopril_MPO	PORTABLE_OUTPUT_ROOT/guacamol_frequency_ablation_lineage_20260825_094359/high-only/seed_1/task_13_Perindopril_MPO/compare_GuacaMol_20260825_095530/runs/spectralmol/seed_1/case_GuacaMol_20260825_095532/benchmark_runs/2026_08_25_evolution_ga_benchmark_09_55_37/2026_08_25_evolution_ga_Perindopril_MPO/generator_top_molecules_lineage.csv	top-lineage	20	0	20	20
high-only	1	14	Amlodipine_MPO	PORTABLE_OUTPUT_ROOT/guacamol_frequency_ablation_lineage_20260825_094359/high-only/seed_1/task_14_Amlodipine_MPO/compare_GuacaMol_20260825_095535/runs/spectralmol/seed_1/case_GuacaMol_20260825_095535/benchmark_runs/2026_08_25_evolution_ga_benchmark_09_55_38/2026_08_25_evolution_ga_Amlodipine_MPO/generator_top_molecules_lineage.csv	top-lineage	13	1	13	13
high-only	1	15	Sitagliptin_MPO	PORTABLE_OUTPUT_ROOT/guacamol_frequency_ablation_lineage_20260825_094359/high-only/seed_1/task_15_Sitagliptin_MPO/compare_GuacaMol_20260825_095538/runs/spectralmol/seed_1/case_GuacaMol_20260825_095538/benchmark_runs/2026_08_25_evolution_ga_benchmark_09_55_41/2026_08_25_evolution_ga_Sitagliptin_MPO/generator_top_molecules_lineage.csv	top-lineage	101	16	100	100
high-only	1	16	Zaleplon_MPO	PORTABLE_OUTPUT_ROOT/guacamol_frequency_ablation_lineage_20260825_094359/high-only/seed_1/task_16_Zaleplon_MPO/compare_GuacaMol_20260825_095545/runs/spectralmol/seed_1/case_GuacaMol_20260825_095546/benchmark_runs/2026_08_25_evolution_ga_benchmark_09_55_49/2026_08_25_evolution_ga_Zaleplon_MPO/generator_top_molecules_lineage.csv	top-lineage	57	0	57	57
high-only	1	17	Valsartan_smarts	PORTABLE_OUTPUT_ROOT/guacamol_frequency_ablation_lineage_20260825_094359/high-only/seed_1/task_17_Valsartan_smarts/compare_GuacaMol_20260825_095546/runs/spectralmol/seed_1/case_GuacaMol_20260825_095546/benchmark_runs/2026_08_25_evolution_ga_benchmark_09_55_49/2026_08_25_evolution_ga_Valsartan_smarts/generator_top_molecules_lineage.csv	top-lineage	114	0	100	100
high-only	1	18	Deco_hop	PORTABLE_OUTPUT_ROOT/guacamol_frequency_ablation_lineage_20260825_094359/high-only/seed_1/task_18_Deco_hop/compare_GuacaMol_20260825_095549/runs/spectralmol/seed_1/case_GuacaMol_20260825_095550/benchmark_runs/2026_08_25_evolution_ga_benchmark_09_55_53/2026_08_25_evolution_ga_Deco_hop/generator_top_molecules_lineage.csv	top-lineage	27	0	27	27
high-only	1	19	Scaffold_hop	PORTABLE_OUTPUT_ROOT/guacamol_frequency_ablation_lineage_20260825_094359/high-only/seed_1/task_19_Scaffold_hop/compare_GuacaMol_20260825_095553/runs/spectralmol/seed_1/case_GuacaMol_20260825_095553/benchmark_runs/2026_08_25_evolution_ga_benchmark_09_55_56/2026_08_25_evolution_ga_Scaffold_hop/generator_top_molecules_lineage.csv	top-lineage	43	0	43	43
high-only	1	1	Troglitazone_rediscovery	PORTABLE_OUTPUT_ROOT/guacamol_frequency_ablation_lineage_20260825_094359/high-only/seed_1/task_1_Troglitazone_rediscovery/compare_GuacaMol_20260825_095420/runs/spectralmol/seed_1/case_GuacaMol_20260825_095421/benchmark_runs/2026_08_25_evolution_ga_benchmark_09_54_23/2026_08_25_evolution_ga_Troglitazone_rediscovery/generator_top_molecules_lineage.csv	top-lineage	169	0	100	100
high-only	1	2	Thiothixene_rediscovery	PORTABLE_OUTPUT_ROOT/guacamol_frequency_ablation_lineage_20260825_094359/high-only/seed_1/task_2_Thiothixene_rediscovery/compare_GuacaMol_20260825_095423/runs/spectralmol/seed_1/case_GuacaMol_20260825_095424/benchmark_runs/2026_08_25_evolution_ga_benchmark_09_54_26/2026_08_25_evolution_ga_Thiothixene_rediscovery/generator_top_molecules_lineage.csv	top-lineage	28	0	28	28
high-only	1	3	Aripiprazole_similarity	PORTABLE_OUTPUT_ROOT/guacamol_frequency_ablation_lineage_20260825_094359/high-only/seed_1/task_3_Aripiprazole_similarity/compare_GuacaMol_20260825_095426/runs/spectralmol/seed_1/case_GuacaMol_20260825_095427/benchmark_runs/2026_08_25_evolution_ga_benchmark_09_54_30/2026_08_25_evolution_ga_Aripiprazole_similarity/generator_top_molecules_lineage.csv	top-lineage	134	0	100	100
high-only	1	4	Albuterol_similarity	PORTABLE_OUTPUT_ROOT/guacamol_frequency_ablation_lineage_20260825_094359/high-only/seed_1/task_4_Albuterol_similarity/compare_GuacaMol_20260825_095430/runs/spectralmol/seed_1/case_GuacaMol_20260825_095431/benchmark_runs/2026_08_25_evolution_ga_benchmark_09_54_33/2026_08_25_evolution_ga_Albuterol_similarity/generator_top_molecules_lineage.csv	top-lineage	126	0	100	100
high-only	1	5	Mestranol_similarity	PORTABLE_OUTPUT_ROOT/guacamol_frequency_ablation_lineage_20260825_094359/high-only/seed_1/task_5_Mestranol_similarity/compare_GuacaMol_20260825_095433/runs/spectralmol/seed_1/case_GuacaMol_20260825_095433/benchmark_runs/2026_08_25_evolution_ga_benchmark_09_54_36/2026_08_25_evolution_ga_Mestranol_similarity/generator_top_molecules_lineage.csv	top-lineage	169	0	100	100
high-only	1	6	C11H24	PORTABLE_OUTPUT_ROOT/guacamol_frequency_ablation_lineage_20260825_094359/high-only/seed_1/task_6_C11H24/compare_GuacaMol_20260825_095439/runs/spectralmol/seed_1/case_GuacaMol_20260825_095441/benchmark_runs/2026_08_25_evolution_ga_benchmark_09_54_46/2026_08_25_evolution_ga_C11H24/generator_top_molecules_lineage.csv	top-lineage	200	0	100	100
high-only	1	7	C9H10N2O2PF2Cl	PORTABLE_OUTPUT_ROOT/guacamol_frequency_ablation_lineage_20260825_094359/high-only/seed_1/task_7_C9H10N2O2PF2Cl/compare_GuacaMol_20260825_095441/runs/spectralmol/seed_1/case_GuacaMol_20260825_095442/benchmark_runs/2026_08_25_evolution_ga_benchmark_09_54_45/2026_08_25_evolution_ga_C9H10N2O2PF2Cl/generator_top_molecules_lineage.csv	top-lineage	198	0	100	100
high-only	1	8	Median_molecules_1	PORTABLE_OUTPUT_ROOT/guacamol_frequency_ablation_lineage_20260825_094359/high-only/seed_1/task_8_Median_molecules_1/compare_GuacaMol_20260825_095441/runs/spectralmol/seed_1/case_GuacaMol_20260825_095442/benchmark_runs/2026_08_25_evolution_ga_benchmark_09_54_45/2026_08_25_evolution_ga_Median_molecules_1/generator_top_molecules_lineage.csv	top-lineage	200	0	100	100
high-only	1	9	Median_molecules_2	PORTABLE_OUTPUT_ROOT/guacamol_frequency_ablation_lineage_20260825_094359/high-only/seed_1/task_9_Median_molecules_2/compare_GuacaMol_20260825_095455/runs/spectralmol/seed_1/case_GuacaMol_20260825_095455/benchmark_runs/2026_08_25_evolution_ga_benchmark_09_54_58/2026_08_25_evolution_ga_Median_molecules_2/generator_top_molecules_lineage.csv	top-lineage	25	0	25	25
high-only	2	0	Celecoxib_rediscovery	PORTABLE_OUTPUT_ROOT/guacamol_frequency_ablation_lineage_20260825_094359/high-only/seed_2/task_0_Celecoxib_rediscovery/compare_GuacaMol_20260825_095555/runs/spectralmol/seed_2/case_GuacaMol_20260825_095556/benchmark_runs/2026_08_25_evolution_ga_benchmark_09_55_59/2026_08_25_evolution_ga_Celecoxib_rediscovery/generator_top_molecules_lineage.csv	top-lineage	57	0	57	57
high-only	2	10	Osimertinib_MPO	PORTABLE_OUTPUT_ROOT/guacamol_frequency_ablation_lineage_20260825_094359/high-only/seed_2/task_10_Osimertinib_MPO/compare_GuacaMol_20260825_095650/runs/spectralmol/seed_2/case_GuacaMol_20260825_095651/benchmark_runs/2026_08_25_evolution_ga_benchmark_09_56_55/2026_08_25_evolution_ga_Osimertinib_MPO/generator_top_molecules_lineage.csv	top-lineage	64	0	64	64
high-only	2	11	Fexofenadine_MPO	PORTABLE_OUTPUT_ROOT/guacamol_frequency_ablation_lineage_20260825_094359/high-only/seed_2/task_11_Fexofenadine_MPO/compare_GuacaMol_20260825_095656/runs/spectralmol/seed_2/case_GuacaMol_20260825_095658/benchmark_runs/2026_08_25_evolution_ga_benchmark_09_57_07/2026_08_25_evolution_ga_Fexofenadine_MPO/generator_top_molecules_lineage.csv	top-lineage	26	5	26	26
high-only	2	12	Ranolazine_MPO	PORTABLE_OUTPUT_ROOT/guacamol_frequency_ablation_lineage_20260825_094359/high-only/seed_2/task_12_Ranolazine_MPO/compare_GuacaMol_20260825_095705/runs/spectralmol/seed_2/case_GuacaMol_20260825_095706/benchmark_runs/2026_08_25_evolution_ga_benchmark_09_57_09/2026_08_25_evolution_ga_Ranolazine_MPO/generator_top_molecules_lineage.csv	top-lineage	8	0	8	8
high-only	2	13	Perindopril_MPO	PORTABLE_OUTPUT_ROOT/guacamol_frequency_ablation_lineage_20260825_094359/high-only/seed_2/task_13_Perindopril_MPO/compare_GuacaMol_20260825_095711/runs/spectralmol/seed_2/case_GuacaMol_20260825_095712/benchmark_runs/2026_08_25_evolution_ga_benchmark_09_57_16/2026_08_25_evolution_ga_Perindopril_MPO/generator_top_molecules_lineage.csv	top-lineage	27	0	27	27
high-only	2	14	Amlodipine_MPO	PORTABLE_OUTPUT_ROOT/guacamol_frequency_ablation_lineage_20260825_094359/high-only/seed_2/task_14_Amlodipine_MPO/compare_GuacaMol_20260825_095714/runs/spectralmol/seed_2/case_GuacaMol_20260825_095714/benchmark_runs/2026_08_25_evolution_ga_benchmark_09_57_17/2026_08_25_evolution_ga_Amlodipine_MPO/generator_top_molecules_lineage.csv	top-lineage	13	3	13	13
high-only	2	15	Sitagliptin_MPO	PORTABLE_OUTPUT_ROOT/guacamol_frequency_ablation_lineage_20260825_094359/high-only/seed_2/task_15_Sitagliptin_MPO/compare_GuacaMol_20260825_095718/runs/spectralmol/seed_2/case_GuacaMol_20260825_095718/benchmark_runs/2026_08_25_evolution_ga_benchmark_09_57_21/2026_08_25_evolution_ga_Sitagliptin_MPO/generator_top_molecules_lineage.csv	top-lineage	120	9	100	100
high-only	2	16	Zaleplon_MPO	PORTABLE_OUTPUT_ROOT/guacamol_frequency_ablation_lineage_20260825_094359/high-only/seed_2/task_16_Zaleplon_MPO/compare_GuacaMol_20260825_095721/runs/spectralmol/seed_2/case_GuacaMol_20260825_095722/benchmark_runs/2026_08_25_evolution_ga_benchmark_09_57_24/2026_08_25_evolution_ga_Zaleplon_MPO/generator_top_molecules_lineage.csv	top-lineage	77	0	77	77
high-only	2	17	Valsartan_smarts	PORTABLE_OUTPUT_ROOT/guacamol_frequency_ablation_lineage_20260825_094359/high-only/seed_2/task_17_Valsartan_smarts/compare_GuacaMol_20260825_095725/runs/spectralmol/seed_2/case_GuacaMol_20260825_095725/benchmark_runs/2026_08_25_evolution_ga_benchmark_09_57_28/2026_08_25_evolution_ga_Valsartan_smarts/generator_top_molecules_lineage.csv	top-lineage	137	0	100	100
high-only	2	18	Deco_hop	PORTABLE_OUTPUT_ROOT/guacamol_frequency_ablation_lineage_20260825_094359/high-only/seed_2/task_18_Deco_hop/compare_GuacaMol_20260825_095725/runs/spectralmol/seed_2/case_GuacaMol_20260825_095726/benchmark_runs/2026_08_25_evolution_ga_benchmark_09_57_28/2026_08_25_evolution_ga_Deco_hop/generator_top_molecules_lineage.csv	top-lineage	32	0	32	32
high-only	2	19	Scaffold_hop	PORTABLE_OUTPUT_ROOT/guacamol_frequency_ablation_lineage_20260825_094359/high-only/seed_2/task_19_Scaffold_hop/compare_GuacaMol_20260825_095728/runs/spectralmol/seed_2/case_GuacaMol_20260825_095728/benchmark_runs/2026_08_25_evolution_ga_benchmark_09_57_31/2026_08_25_evolution_ga_Scaffold_hop/generator_top_molecules_lineage.csv	top-lineage	33	0	33	33
high-only	2	1	Troglitazone_rediscovery	PORTABLE_OUTPUT_ROOT/guacamol_frequency_ablation_lineage_20260825_094359/high-only/seed_2/task_1_Troglitazone_rediscovery/compare_GuacaMol_20260825_095601/runs/spectralmol/seed_2/case_GuacaMol_20260825_095602/benchmark_runs/2026_08_25_evolution_ga_benchmark_09_56_05/2026_08_25_evolution_ga_Troglitazone_rediscovery/generator_top_molecules_lineage.csv	top-lineage	150	0	100	100
high-only	2	2	Thiothixene_rediscovery	PORTABLE_OUTPUT_ROOT/guacamol_frequency_ablation_lineage_20260825_094359/high-only/seed_2/task_2_Thiothixene_rediscovery/compare_GuacaMol_20260825_095604/runs/spectralmol/seed_2/case_GuacaMol_20260825_095605/benchmark_runs/2026_08_25_evolution_ga_benchmark_09_56_07/2026_08_25_evolution_ga_Thiothixene_rediscovery/generator_top_molecules_lineage.csv	top-lineage	66	0	66	66
high-only	2	3	Aripiprazole_similarity	PORTABLE_OUTPUT_ROOT/guacamol_frequency_ablation_lineage_20260825_094359/high-only/seed_2/task_3_Aripiprazole_similarity/compare_GuacaMol_20260825_095609/runs/spectralmol/seed_2/case_GuacaMol_20260825_095610/benchmark_runs/2026_08_25_evolution_ga_benchmark_09_56_12/2026_08_25_evolution_ga_Aripiprazole_similarity/generator_top_molecules_lineage.csv	top-lineage	132	0	100	100
high-only	2	4	Albuterol_similarity	PORTABLE_OUTPUT_ROOT/guacamol_frequency_ablation_lineage_20260825_094359/high-only/seed_2/task_4_Albuterol_similarity/compare_GuacaMol_20260825_095617/runs/spectralmol/seed_2/case_GuacaMol_20260825_095618/benchmark_runs/2026_08_25_evolution_ga_benchmark_09_56_21/2026_08_25_evolution_ga_Albuterol_similarity/generator_top_molecules_lineage.csv	top-lineage	151	0	100	100
high-only	2	5	Mestranol_similarity	PORTABLE_OUTPUT_ROOT/guacamol_frequency_ablation_lineage_20260825_094359/high-only/seed_2/task_5_Mestranol_similarity/compare_GuacaMol_20260825_095632/runs/spectralmol/seed_2/case_GuacaMol_20260825_095632/benchmark_runs/2026_08_25_evolution_ga_benchmark_09_56_35/2026_08_25_evolution_ga_Mestranol_similarity/generator_top_molecules_lineage.csv	top-lineage	177	0	100	100
high-only	2	6	C11H24	PORTABLE_OUTPUT_ROOT/guacamol_frequency_ablation_lineage_20260825_094359/high-only/seed_2/task_6_C11H24/compare_GuacaMol_20260825_095638/runs/spectralmol/seed_2/case_GuacaMol_20260825_095639/benchmark_runs/2026_08_25_evolution_ga_benchmark_09_56_42/2026_08_25_evolution_ga_C11H24/generator_top_molecules_lineage.csv	top-lineage	200	0	100	100
high-only	2	7	C9H10N2O2PF2Cl	PORTABLE_OUTPUT_ROOT/guacamol_frequency_ablation_lineage_20260825_094359/high-only/seed_2/task_7_C9H10N2O2PF2Cl/compare_GuacaMol_20260825_095641/runs/spectralmol/seed_2/case_GuacaMol_20260825_095641/benchmark_runs/2026_08_25_evolution_ga_benchmark_09_56_44/2026_08_25_evolution_ga_C9H10N2O2PF2Cl/generator_top_molecules_lineage.csv	top-lineage	197	0	100	100
high-only	2	8	Median_molecules_1	PORTABLE_OUTPUT_ROOT/guacamol_frequency_ablation_lineage_20260825_094359/high-only/seed_2/task_8_Median_molecules_1/compare_GuacaMol_20260825_095648/runs/spectralmol/seed_2/case_GuacaMol_20260825_095649/benchmark_runs/2026_08_25_evolution_ga_benchmark_09_56_53/2026_08_25_evolution_ga_Median_molecules_1/generator_top_molecules_lineage.csv	top-lineage	200	0	100	100
high-only	2	9	Median_molecules_2	PORTABLE_OUTPUT_ROOT/guacamol_frequency_ablation_lineage_20260825_094359/high-only/seed_2/task_9_Median_molecules_2/compare_GuacaMol_20260825_095650/runs/spectralmol/seed_2/case_GuacaMol_20260825_095651/benchmark_runs/2026_08_25_evolution_ga_benchmark_09_56_54/2026_08_25_evolution_ga_Median_molecules_2/generator_top_molecules_lineage.csv	top-lineage	27	0	27	27
high-only	3	0	Celecoxib_rediscovery	PORTABLE_OUTPUT_ROOT/guacamol_frequency_ablation_lineage_20260825_094359/high-only/seed_3/task_0_Celecoxib_rediscovery/compare_GuacaMol_20260825_095735/runs/spectralmol/seed_3/case_GuacaMol_20260825_095736/benchmark_runs/2026_08_25_evolution_ga_benchmark_09_57_39/2026_08_25_evolution_ga_Celecoxib_rediscovery/generator_top_molecules_lineage.csv	top-lineage	61	0	61	61
high-only	3	10	Osimertinib_MPO	PORTABLE_OUTPUT_ROOT/guacamol_frequency_ablation_lineage_20260825_094359/high-only/seed_3/task_10_Osimertinib_MPO/compare_GuacaMol_20260825_095831/runs/spectralmol/seed_3/case_GuacaMol_20260825_095831/benchmark_runs/2026_08_25_evolution_ga_benchmark_09_58_34/2026_08_25_evolution_ga_Osimertinib_MPO/generator_top_molecules_lineage.csv	top-lineage	58	0	58	58
high-only	3	11	Fexofenadine_MPO	PORTABLE_OUTPUT_ROOT/guacamol_frequency_ablation_lineage_20260825_094359/high-only/seed_3/task_11_Fexofenadine_MPO/compare_GuacaMol_20260825_095833/runs/spectralmol/seed_3/case_GuacaMol_20260825_095834/benchmark_runs/2026_08_25_evolution_ga_benchmark_09_58_37/2026_08_25_evolution_ga_Fexofenadine_MPO/generator_top_molecules_lineage.csv	top-lineage	93	3	93	93
high-only	3	12	Ranolazine_MPO	PORTABLE_OUTPUT_ROOT/guacamol_frequency_ablation_lineage_20260825_094359/high-only/seed_3/task_12_Ranolazine_MPO/compare_GuacaMol_20260825_095836/runs/spectralmol/seed_3/case_GuacaMol_20260825_095837/benchmark_runs/2026_08_25_evolution_ga_benchmark_09_58_39/2026_08_25_evolution_ga_Ranolazine_MPO/generator_top_molecules_lineage.csv	top-lineage	12	0	12	12
high-only	3	13	Perindopril_MPO	PORTABLE_OUTPUT_ROOT/guacamol_frequency_ablation_lineage_20260825_094359/high-only/seed_3/task_13_Perindopril_MPO/compare_GuacaMol_20260825_095842/runs/spectralmol/seed_3/case_GuacaMol_20260825_095843/benchmark_runs/2026_08_25_evolution_ga_benchmark_09_58_47/2026_08_25_evolution_ga_Perindopril_MPO/generator_top_molecules_lineage.csv	top-lineage	23	0	23	23
high-only	3	14	Amlodipine_MPO	PORTABLE_OUTPUT_ROOT/guacamol_frequency_ablation_lineage_20260825_094359/high-only/seed_3/task_14_Amlodipine_MPO/compare_GuacaMol_20260825_095845/runs/spectralmol/seed_3/case_GuacaMol_20260825_095845/benchmark_runs/2026_08_25_evolution_ga_benchmark_09_58_48/2026_08_25_evolution_ga_Amlodipine_MPO/generator_top_molecules_lineage.csv	top-lineage	16	2	16	16
high-only	3	15	Sitagliptin_MPO	PORTABLE_OUTPUT_ROOT/guacamol_frequency_ablation_lineage_20260825_094359/high-only/seed_3/task_15_Sitagliptin_MPO/compare_GuacaMol_20260825_095847/runs/spectralmol/seed_3/case_GuacaMol_20260825_095848/benchmark_runs/2026_08_25_evolution_ga_benchmark_09_58_50/2026_08_25_evolution_ga_Sitagliptin_MPO/generator_top_molecules_lineage.csv	top-lineage	115	12	100	100
high-only	3	16	Zaleplon_MPO	PORTABLE_OUTPUT_ROOT/guacamol_frequency_ablation_lineage_20260825_094359/high-only/seed_3/task_16_Zaleplon_MPO/compare_GuacaMol_20260825_095853/runs/spectralmol/seed_3/case_GuacaMol_20260825_095853/benchmark_runs/2026_08_25_evolution_ga_benchmark_09_58_56/2026_08_25_evolution_ga_Zaleplon_MPO/generator_top_molecules_lineage.csv	top-lineage	151	0	100	100
high-only	3	17	Valsartan_smarts	PORTABLE_OUTPUT_ROOT/guacamol_frequency_ablation_lineage_20260825_094359/high-only/seed_3/task_17_Valsartan_smarts/compare_GuacaMol_20260825_095857/runs/spectralmol/seed_3/case_GuacaMol_20260825_095857/benchmark_runs/2026_08_25_evolution_ga_benchmark_09_59_00/2026_08_25_evolution_ga_Valsartan_smarts/generator_top_molecules_lineage.csv	top-lineage	120	0	100	100
high-only	3	18	Deco_hop	PORTABLE_OUTPUT_ROOT/guacamol_frequency_ablation_lineage_20260825_094359/high-only/seed_3/task_18_Deco_hop/compare_GuacaMol_20260825_095857/runs/spectralmol/seed_3/case_GuacaMol_20260825_095857/benchmark_runs/2026_08_25_evolution_ga_benchmark_09_59_00/2026_08_25_evolution_ga_Deco_hop/generator_top_molecules_lineage.csv	top-lineage	35	0	35	35
high-only	3	19	Scaffold_hop	PORTABLE_OUTPUT_ROOT/guacamol_frequency_ablation_lineage_20260825_094359/high-only/seed_3/task_19_Scaffold_hop/compare_GuacaMol_20260825_095857/runs/spectralmol/seed_3/case_GuacaMol_20260825_095857/benchmark_runs/2026_08_25_evolution_ga_benchmark_09_59_00/2026_08_25_evolution_ga_Scaffold_hop/generator_top_molecules_lineage.csv	top-lineage	41	0	41	41
high-only	3	1	Troglitazone_rediscovery	PORTABLE_OUTPUT_ROOT/guacamol_frequency_ablation_lineage_20260825_094359/high-only/seed_3/task_1_Troglitazone_rediscovery/compare_GuacaMol_20260825_095735/runs/spectralmol/seed_3/case_GuacaMol_20260825_095735/benchmark_runs/2026_08_25_evolution_ga_benchmark_09_57_38/2026_08_25_evolution_ga_Troglitazone_rediscovery/generator_top_molecules_lineage.csv	top-lineage	186	0	100	100
high-only	3	2	Thiothixene_rediscovery	PORTABLE_OUTPUT_ROOT/guacamol_frequency_ablation_lineage_20260825_094359/high-only/seed_3/task_2_Thiothixene_rediscovery/compare_GuacaMol_20260825_095738/runs/spectralmol/seed_3/case_GuacaMol_20260825_095739/benchmark_runs/2026_08_25_evolution_ga_benchmark_09_57_42/2026_08_25_evolution_ga_Thiothixene_rediscovery/generator_top_molecules_lineage.csv	top-lineage	58	0	58	58
high-only	3	3	Aripiprazole_similarity	PORTABLE_OUTPUT_ROOT/guacamol_frequency_ablation_lineage_20260825_094359/high-only/seed_3/task_3_Aripiprazole_similarity/compare_GuacaMol_20260825_095742/runs/spectralmol/seed_3/case_GuacaMol_20260825_095743/benchmark_runs/2026_08_25_evolution_ga_benchmark_09_57_46/2026_08_25_evolution_ga_Aripiprazole_similarity/generator_top_molecules_lineage.csv	top-lineage	27	0	27	27
high-only	3	4	Albuterol_similarity	PORTABLE_OUTPUT_ROOT/guacamol_frequency_ablation_lineage_20260825_094359/high-only/seed_3/task_4_Albuterol_similarity/compare_GuacaMol_20260825_095747/runs/spectralmol/seed_3/case_GuacaMol_20260825_095748/benchmark_runs/2026_08_25_evolution_ga_benchmark_09_57_51/2026_08_25_evolution_ga_Albuterol_similarity/generator_top_molecules_lineage.csv	top-lineage	138	0	100	100
high-only	3	5	Mestranol_similarity	PORTABLE_OUTPUT_ROOT/guacamol_frequency_ablation_lineage_20260825_094359/high-only/seed_3/task_5_Mestranol_similarity/compare_GuacaMol_20260825_095750/runs/spectralmol/seed_3/case_GuacaMol_20260825_095750/benchmark_runs/2026_08_25_evolution_ga_benchmark_09_57_53/2026_08_25_evolution_ga_Mestranol_similarity/generator_top_molecules_lineage.csv	top-lineage	185	0	100	100
high-only	3	6	C11H24	PORTABLE_OUTPUT_ROOT/guacamol_frequency_ablation_lineage_20260825_094359/high-only/seed_3/task_6_C11H24/compare_GuacaMol_20260825_095750/runs/spectralmol/seed_3/case_GuacaMol_20260825_095751/benchmark_runs/2026_08_25_evolution_ga_benchmark_09_57_54/2026_08_25_evolution_ga_C11H24/generator_top_molecules_lineage.csv	top-lineage	200	0	100	100
high-only	3	7	C9H10N2O2PF2Cl	PORTABLE_OUTPUT_ROOT/guacamol_frequency_ablation_lineage_20260825_094359/high-only/seed_3/task_7_C9H10N2O2PF2Cl/compare_GuacaMol_20260825_095812/runs/spectralmol/seed_3/case_GuacaMol_20260825_095813/benchmark_runs/2026_08_25_evolution_ga_benchmark_09_58_17/2026_08_25_evolution_ga_C9H10N2O2PF2Cl/generator_top_molecules_lineage.csv	top-lineage	193	0	100	100
high-only	3	8	Median_molecules_1	PORTABLE_OUTPUT_ROOT/guacamol_frequency_ablation_lineage_20260825_094359/high-only/seed_3/task_8_Median_molecules_1/compare_GuacaMol_20260825_095814/runs/spectralmol/seed_3/case_GuacaMol_20260825_095814/benchmark_runs/2026_08_25_evolution_ga_benchmark_09_58_17/2026_08_25_evolution_ga_Median_molecules_1/generator_top_molecules_lineage.csv	top-lineage	200	0	100	100
high-only	3	9	Median_molecules_2	PORTABLE_OUTPUT_ROOT/guacamol_frequency_ablation_lineage_20260825_094359/high-only/seed_3/task_9_Median_molecules_2/compare_GuacaMol_20260825_095826/runs/spectralmol/seed_3/case_GuacaMol_20260825_095827/benchmark_runs/2026_08_25_evolution_ga_benchmark_09_58_29/2026_08_25_evolution_ga_Median_molecules_2/generator_top_molecules_lineage.csv	top-lineage	19	0	19	19
high-only	4	0	Celecoxib_rediscovery	PORTABLE_OUTPUT_ROOT/guacamol_frequency_ablation_lineage_20260825_094359/high-only/seed_4/task_0_Celecoxib_rediscovery/compare_GuacaMol_20260825_095911/runs/spectralmol/seed_4/case_GuacaMol_20260825_095911/benchmark_runs/2026_08_25_evolution_ga_benchmark_09_59_14/2026_08_25_evolution_ga_Celecoxib_rediscovery/generator_top_molecules_lineage.csv	top-lineage	47	0	47	47
high-only	4	10	Osimertinib_MPO	PORTABLE_OUTPUT_ROOT/guacamol_frequency_ablation_lineage_20260825_094359/high-only/seed_4/task_10_Osimertinib_MPO/compare_GuacaMol_20260825_100008/runs/spectralmol/seed_4/case_GuacaMol_20260825_100008/benchmark_runs/2026_08_25_evolution_ga_benchmark_10_00_11/2026_08_25_evolution_ga_Osimertinib_MPO/generator_top_molecules_lineage.csv	top-lineage	57	0	57	57
high-only	4	11	Fexofenadine_MPO	PORTABLE_OUTPUT_ROOT/guacamol_frequency_ablation_lineage_20260825_094359/high-only/seed_4/task_11_Fexofenadine_MPO/compare_GuacaMol_20260825_100003/runs/spectralmol/seed_4/case_GuacaMol_20260825_100004/benchmark_runs/2026_08_25_evolution_ga_benchmark_10_00_08/2026_08_25_evolution_ga_Fexofenadine_MPO/generator_top_molecules_lineage.csv	top-lineage	38	8	38	38
high-only	4	12	Ranolazine_MPO	PORTABLE_OUTPUT_ROOT/guacamol_frequency_ablation_lineage_20260825_094359/high-only/seed_4/task_12_Ranolazine_MPO/compare_GuacaMol_20260825_100012/runs/spectralmol/seed_4/case_GuacaMol_20260825_100012/benchmark_runs/2026_08_25_evolution_ga_benchmark_10_00_16/2026_08_25_evolution_ga_Ranolazine_MPO/generator_top_molecules_lineage.csv	top-lineage	12	0	12	12
high-only	4	13	Perindopril_MPO	PORTABLE_OUTPUT_ROOT/guacamol_frequency_ablation_lineage_20260825_094359/high-only/seed_4/task_13_Perindopril_MPO/compare_GuacaMol_20260825_100020/runs/spectralmol/seed_4/case_GuacaMol_20260825_100020/benchmark_runs/2026_08_25_evolution_ga_benchmark_10_00_23/2026_08_25_evolution_ga_Perindopril_MPO/generator_top_molecules_lineage.csv	top-lineage	20	0	20	20
high-only	4	14	Amlodipine_MPO	PORTABLE_OUTPUT_ROOT/guacamol_frequency_ablation_lineage_20260825_094359/high-only/seed_4/task_14_Amlodipine_MPO/compare_GuacaMol_20260825_100023/runs/spectralmol/seed_4/case_GuacaMol_20260825_100023/benchmark_runs/2026_08_25_evolution_ga_benchmark_10_00_26/2026_08_25_evolution_ga_Amlodipine_MPO/generator_top_molecules_lineage.csv	top-lineage	23	2	23	23
high-only	4	15	Sitagliptin_MPO	PORTABLE_OUTPUT_ROOT/guacamol_frequency_ablation_lineage_20260825_094359/high-only/seed_4/task_15_Sitagliptin_MPO/compare_GuacaMol_20260825_100027/runs/spectralmol/seed_4/case_GuacaMol_20260825_100028/benchmark_runs/2026_08_25_evolution_ga_benchmark_10_00_32/2026_08_25_evolution_ga_Sitagliptin_MPO/generator_top_molecules_lineage.csv	top-lineage	108	13	100	100
high-only	4	16	Zaleplon_MPO	PORTABLE_OUTPUT_ROOT/guacamol_frequency_ablation_lineage_20260825_094359/high-only/seed_4/task_16_Zaleplon_MPO/compare_GuacaMol_20260825_100031/runs/spectralmol/seed_4/case_GuacaMol_20260825_100032/benchmark_runs/2026_08_25_evolution_ga_benchmark_10_00_35/2026_08_25_evolution_ga_Zaleplon_MPO/generator_top_molecules_lineage.csv	top-lineage	107	0	100	100
high-only	4	17	Valsartan_smarts	PORTABLE_OUTPUT_ROOT/guacamol_frequency_ablation_lineage_20260825_094359/high-only/seed_4/task_17_Valsartan_smarts/compare_GuacaMol_20260825_100040/runs/spectralmol/seed_4/case_GuacaMol_20260825_100041/benchmark_runs/2026_08_25_evolution_ga_benchmark_10_00_44/2026_08_25_evolution_ga_Valsartan_smarts/generator_top_molecules_lineage.csv	top-lineage	120	0	100	100
high-only	4	18	Deco_hop	PORTABLE_OUTPUT_ROOT/guacamol_frequency_ablation_lineage_20260825_094359/high-only/seed_4/task_18_Deco_hop/compare_GuacaMol_20260825_100040/runs/spectralmol/seed_4/case_GuacaMol_20260825_100040/benchmark_runs/2026_08_25_evolution_ga_benchmark_10_00_43/2026_08_25_evolution_ga_Deco_hop/generator_top_molecules_lineage.csv	top-lineage	33	0	33	33
high-only	4	19	Scaffold_hop	PORTABLE_OUTPUT_ROOT/guacamol_frequency_ablation_lineage_20260825_094359/high-only/seed_4/task_19_Scaffold_hop/compare_GuacaMol_20260825_100040/runs/spectralmol/seed_4/case_GuacaMol_20260825_100040/benchmark_runs/2026_08_25_evolution_ga_benchmark_10_00_43/2026_08_25_evolution_ga_Scaffold_hop/generator_top_molecules_lineage.csv	top-lineage	46	0	46	46
high-only	4	1	Troglitazone_rediscovery	PORTABLE_OUTPUT_ROOT/guacamol_frequency_ablation_lineage_20260825_094359/high-only/seed_4/task_1_Troglitazone_rediscovery/compare_GuacaMol_20260825_095921/runs/spectralmol/seed_4/case_GuacaMol_20260825_095922/benchmark_runs/2026_08_25_evolution_ga_benchmark_09_59_25/2026_08_25_evolution_ga_Troglitazone_rediscovery/generator_top_molecules_lineage.csv	top-lineage	91	0	91	91
high-only	4	2	Thiothixene_rediscovery	PORTABLE_OUTPUT_ROOT/guacamol_frequency_ablation_lineage_20260825_094359/high-only/seed_4/task_2_Thiothixene_rediscovery/compare_GuacaMol_20260825_095921/runs/spectralmol/seed_4/case_GuacaMol_20260825_095922/benchmark_runs/2026_08_25_evolution_ga_benchmark_09_59_25/2026_08_25_evolution_ga_Thiothixene_rediscovery/generator_top_molecules_lineage.csv	top-lineage	65	0	65	65
high-only	4	3	Aripiprazole_similarity	PORTABLE_OUTPUT_ROOT/guacamol_frequency_ablation_lineage_20260825_094359/high-only/seed_4/task_3_Aripiprazole_similarity/compare_GuacaMol_20260825_095934/runs/spectralmol/seed_4/case_GuacaMol_20260825_095935/benchmark_runs/2026_08_25_evolution_ga_benchmark_09_59_38/2026_08_25_evolution_ga_Aripiprazole_similarity/generator_top_molecules_lineage.csv	top-lineage	90	0	90	90
high-only	4	4	Albuterol_similarity	PORTABLE_OUTPUT_ROOT/guacamol_frequency_ablation_lineage_20260825_094359/high-only/seed_4/task_4_Albuterol_similarity/compare_GuacaMol_20260825_095935/runs/spectralmol/seed_4/case_GuacaMol_20260825_095936/benchmark_runs/2026_08_25_evolution_ga_benchmark_09_59_39/2026_08_25_evolution_ga_Albuterol_similarity/generator_top_molecules_lineage.csv	top-lineage	198	0	100	100
high-only	4	5	Mestranol_similarity	PORTABLE_OUTPUT_ROOT/guacamol_frequency_ablation_lineage_20260825_094359/high-only/seed_4/task_5_Mestranol_similarity/compare_GuacaMol_20260825_095938/runs/spectralmol/seed_4/case_GuacaMol_20260825_095938/benchmark_runs/2026_08_25_evolution_ga_benchmark_09_59_42/2026_08_25_evolution_ga_Mestranol_similarity/generator_top_molecules_lineage.csv	top-lineage	197	0	100	100
high-only	4	6	C11H24	PORTABLE_OUTPUT_ROOT/guacamol_frequency_ablation_lineage_20260825_094359/high-only/seed_4/task_6_C11H24/compare_GuacaMol_20260825_095950/runs/spectralmol/seed_4/case_GuacaMol_20260825_095951/benchmark_runs/2026_08_25_evolution_ga_benchmark_09_59_53/2026_08_25_evolution_ga_C11H24/generator_top_molecules_lineage.csv	top-lineage	200	0	100	100
high-only	4	7	C9H10N2O2PF2Cl	PORTABLE_OUTPUT_ROOT/guacamol_frequency_ablation_lineage_20260825_094359/high-only/seed_4/task_7_C9H10N2O2PF2Cl/compare_GuacaMol_20260825_095957/runs/spectralmol/seed_4/case_GuacaMol_20260825_095958/benchmark_runs/2026_08_25_evolution_ga_benchmark_10_00_01/2026_08_25_evolution_ga_C9H10N2O2PF2Cl/generator_top_molecules_lineage.csv	top-lineage	194	0	100	100
high-only	4	8	Median_molecules_1	PORTABLE_OUTPUT_ROOT/guacamol_frequency_ablation_lineage_20260825_094359/high-only/seed_4/task_8_Median_molecules_1/compare_GuacaMol_20260825_095959/runs/spectralmol/seed_4/case_GuacaMol_20260825_100000/benchmark_runs/2026_08_25_evolution_ga_benchmark_10_00_03/2026_08_25_evolution_ga_Median_molecules_1/generator_top_molecules_lineage.csv	top-lineage	200	0	100	100
high-only	4	9	Median_molecules_2	PORTABLE_OUTPUT_ROOT/guacamol_frequency_ablation_lineage_20260825_094359/high-only/seed_4/task_9_Median_molecules_2/compare_GuacaMol_20260825_095959/runs/spectralmol/seed_4/case_GuacaMol_20260825_095959/benchmark_runs/2026_08_25_evolution_ga_benchmark_10_00_02/2026_08_25_evolution_ga_Median_molecules_2/generator_top_molecules_lineage.csv	top-lineage	19	0	19	19
high-only	5	0	Celecoxib_rediscovery	PORTABLE_OUTPUT_ROOT/guacamol_frequency_ablation_lineage_20260825_094359/high-only/seed_5/task_0_Celecoxib_rediscovery/compare_GuacaMol_20260825_100046/runs/spectralmol/seed_5/case_GuacaMol_20260825_100046/benchmark_runs/2026_08_25_evolution_ga_benchmark_10_00_49/2026_08_25_evolution_ga_Celecoxib_rediscovery/generator_top_molecules_lineage.csv	top-lineage	30	0	30	30
high-only	5	10	Osimertinib_MPO	PORTABLE_OUTPUT_ROOT/guacamol_frequency_ablation_lineage_20260825_094359/high-only/seed_5/task_10_Osimertinib_MPO/compare_GuacaMol_20260825_100124/runs/spectralmol/seed_5/case_GuacaMol_20260825_100125/benchmark_runs/2026_08_25_evolution_ga_benchmark_10_01_28/2026_08_25_evolution_ga_Osimertinib_MPO/generator_top_molecules_lineage.csv	top-lineage	43	0	43	43
high-only	5	11	Fexofenadine_MPO	PORTABLE_OUTPUT_ROOT/guacamol_frequency_ablation_lineage_20260825_094359/high-only/seed_5/task_11_Fexofenadine_MPO/compare_GuacaMol_20260825_100137/runs/spectralmol/seed_5/case_GuacaMol_20260825_100137/benchmark_runs/2026_08_25_evolution_ga_benchmark_10_01_40/2026_08_25_evolution_ga_Fexofenadine_MPO/generator_top_molecules_lineage.csv	top-lineage	26	6	26	26
high-only	5	12	Ranolazine_MPO	PORTABLE_OUTPUT_ROOT/guacamol_frequency_ablation_lineage_20260825_094359/high-only/seed_5/task_12_Ranolazine_MPO/compare_GuacaMol_20260825_100151/runs/spectralmol/seed_5/case_GuacaMol_20260825_100151/benchmark_runs/2026_08_25_evolution_ga_benchmark_10_01_54/2026_08_25_evolution_ga_Ranolazine_MPO/generator_top_molecules_lineage.csv	top-lineage	6	0	6	6
high-only	5	13	Perindopril_MPO	PORTABLE_OUTPUT_ROOT/guacamol_frequency_ablation_lineage_20260825_094359/high-only/seed_5/task_13_Perindopril_MPO/compare_GuacaMol_20260825_100151/runs/spectralmol/seed_5/case_GuacaMol_20260825_100151/benchmark_runs/2026_08_25_evolution_ga_benchmark_10_01_54/2026_08_25_evolution_ga_Perindopril_MPO/generator_top_molecules_lineage.csv	top-lineage	22	0	22	22
high-only	5	14	Amlodipine_MPO	PORTABLE_OUTPUT_ROOT/guacamol_frequency_ablation_lineage_20260825_094359/high-only/seed_5/task_14_Amlodipine_MPO/compare_GuacaMol_20260825_100155/runs/spectralmol/seed_5/case_GuacaMol_20260825_100156/benchmark_runs/2026_08_25_evolution_ga_benchmark_10_02_00/2026_08_25_evolution_ga_Amlodipine_MPO/generator_top_molecules_lineage.csv	top-lineage	23	3	23	23
high-only	5	15	Sitagliptin_MPO	PORTABLE_OUTPUT_ROOT/guacamol_frequency_ablation_lineage_20260825_094359/high-only/seed_5/task_15_Sitagliptin_MPO/compare_GuacaMol_20260825_100209/runs/spectralmol/seed_5/case_GuacaMol_20260825_100210/benchmark_runs/2026_08_25_evolution_ga_benchmark_10_02_13/2026_08_25_evolution_ga_Sitagliptin_MPO/generator_top_molecules_lineage.csv	top-lineage	104	15	100	100
high-only	5	16	Zaleplon_MPO	PORTABLE_OUTPUT_ROOT/guacamol_frequency_ablation_lineage_20260825_094359/high-only/seed_5/task_16_Zaleplon_MPO/compare_GuacaMol_20260825_100221/runs/spectralmol/seed_5/case_GuacaMol_20260825_100221/benchmark_runs/2026_08_25_evolution_ga_benchmark_10_02_24/2026_08_25_evolution_ga_Zaleplon_MPO/generator_top_molecules_lineage.csv	top-lineage	104	0	100	100
high-only	5	17	Valsartan_smarts	PORTABLE_OUTPUT_ROOT/guacamol_frequency_ablation_lineage_20260825_094359/high-only/seed_5/task_17_Valsartan_smarts/compare_GuacaMol_20260825_100221/runs/spectralmol/seed_5/case_GuacaMol_20260825_100222/benchmark_runs/2026_08_25_evolution_ga_benchmark_10_02_24/2026_08_25_evolution_ga_Valsartan_smarts/generator_top_molecules_lineage.csv	top-lineage	113	0	100	100
high-only	5	18	Deco_hop	PORTABLE_OUTPUT_ROOT/guacamol_frequency_ablation_lineage_20260825_094359/high-only/seed_5/task_18_Deco_hop/compare_GuacaMol_20260825_100224/runs/spectralmol/seed_5/case_GuacaMol_20260825_100225/benchmark_runs/2026_08_25_evolution_ga_benchmark_10_02_28/2026_08_25_evolution_ga_Deco_hop/generator_top_molecules_lineage.csv	top-lineage	31	0	31	31
high-only	5	19	Scaffold_hop	PORTABLE_OUTPUT_ROOT/guacamol_frequency_ablation_lineage_20260825_094359/high-only/seed_5/task_19_Scaffold_hop/compare_GuacaMol_20260825_100224/runs/spectralmol/seed_5/case_GuacaMol_20260825_100224/benchmark_runs/2026_08_25_evolution_ga_benchmark_10_02_27/2026_08_25_evolution_ga_Scaffold_hop/generator_top_molecules_lineage.csv	top-lineage	82	0	82	82
high-only	5	1	Troglitazone_rediscovery	PORTABLE_OUTPUT_ROOT/guacamol_frequency_ablation_lineage_20260825_094359/high-only/seed_5/task_1_Troglitazone_rediscovery/compare_GuacaMol_20260825_100047/runs/spectralmol/seed_5/case_GuacaMol_20260825_100048/benchmark_runs/2026_08_25_evolution_ga_benchmark_10_00_50/2026_08_25_evolution_ga_Troglitazone_rediscovery/generator_top_molecules_lineage.csv	top-lineage	116	0	100	100
high-only	5	2	Thiothixene_rediscovery	PORTABLE_OUTPUT_ROOT/guacamol_frequency_ablation_lineage_20260825_094359/high-only/seed_5/task_2_Thiothixene_rediscovery/compare_GuacaMol_20260825_100051/runs/spectralmol/seed_5/case_GuacaMol_20260825_100051/benchmark_runs/2026_08_25_evolution_ga_benchmark_10_00_54/2026_08_25_evolution_ga_Thiothixene_rediscovery/generator_top_molecules_lineage.csv	top-lineage	42	0	42	42
high-only	5	3	Aripiprazole_similarity	PORTABLE_OUTPUT_ROOT/guacamol_frequency_ablation_lineage_20260825_094359/high-only/seed_5/task_3_Aripiprazole_similarity/compare_GuacaMol_20260825_100053/runs/spectralmol/seed_5/case_GuacaMol_20260825_100054/benchmark_runs/2026_08_25_evolution_ga_benchmark_10_00_56/2026_08_25_evolution_ga_Aripiprazole_similarity/generator_top_molecules_lineage.csv	top-lineage	127	0	100	100
high-only	5	4	Albuterol_similarity	PORTABLE_OUTPUT_ROOT/guacamol_frequency_ablation_lineage_20260825_094359/high-only/seed_5/task_4_Albuterol_similarity/compare_GuacaMol_20260825_100058/runs/spectralmol/seed_5/case_GuacaMol_20260825_100058/benchmark_runs/2026_08_25_evolution_ga_benchmark_10_01_01/2026_08_25_evolution_ga_Albuterol_similarity/generator_top_molecules_lineage.csv	top-lineage	132	0	100	100
high-only	5	5	Mestranol_similarity	PORTABLE_OUTPUT_ROOT/guacamol_frequency_ablation_lineage_20260825_094359/high-only/seed_5/task_5_Mestranol_similarity/compare_GuacaMol_20260825_100058/runs/spectralmol/seed_5/case_GuacaMol_20260825_100058/benchmark_runs/2026_08_25_evolution_ga_benchmark_10_01_01/2026_08_25_evolution_ga_Mestranol_similarity/generator_top_molecules_lineage.csv	top-lineage	192	0	100	100
high-only	5	6	C11H24	PORTABLE_OUTPUT_ROOT/guacamol_frequency_ablation_lineage_20260825_094359/high-only/seed_5/task_6_C11H24/compare_GuacaMol_20260825_100101/runs/spectralmol/seed_5/case_GuacaMol_20260825_100102/benchmark_runs/2026_08_25_evolution_ga_benchmark_10_01_05/2026_08_25_evolution_ga_C11H24/generator_top_molecules_lineage.csv	top-lineage	200	0	100	100
high-only	5	7	C9H10N2O2PF2Cl	PORTABLE_OUTPUT_ROOT/guacamol_frequency_ablation_lineage_20260825_094359/high-only/seed_5/task_7_C9H10N2O2PF2Cl/compare_GuacaMol_20260825_100109/runs/spectralmol/seed_5/case_GuacaMol_20260825_100110/benchmark_runs/2026_08_25_evolution_ga_benchmark_10_01_13/2026_08_25_evolution_ga_C9H10N2O2PF2Cl/generator_top_molecules_lineage.csv	top-lineage	194	0	100	100
high-only	5	8	Median_molecules_1	PORTABLE_OUTPUT_ROOT/guacamol_frequency_ablation_lineage_20260825_094359/high-only/seed_5/task_8_Median_molecules_1/compare_GuacaMol_20260825_100109/runs/spectralmol/seed_5/case_GuacaMol_20260825_100109/benchmark_runs/2026_08_25_evolution_ga_benchmark_10_01_12/2026_08_25_evolution_ga_Median_molecules_1/generator_top_molecules_lineage.csv	top-lineage	200	0	100	100
high-only	5	9	Median_molecules_2	PORTABLE_OUTPUT_ROOT/guacamol_frequency_ablation_lineage_20260825_094359/high-only/seed_5/task_9_Median_molecules_2/compare_GuacaMol_20260825_100116/runs/spectralmol/seed_5/case_GuacaMol_20260825_100118/benchmark_runs/2026_08_25_evolution_ga_benchmark_10_01_25/2026_08_25_evolution_ga_Median_molecules_2/generator_top_molecules_lineage.csv	top-lineage	25	0	25	25
low-only	0	0	Celecoxib_rediscovery	PORTABLE_OUTPUT_ROOT/guacamol_frequency_ablation_lineage_20260825_094359/low-only/seed_0/task_0_Celecoxib_rediscovery/compare_GuacaMol_20260825_100226/runs/spectralmol/seed_0/case_GuacaMol_20260825_100227/benchmark_runs/2026_08_25_evolution_ga_benchmark_10_02_30/2026_08_25_evolution_ga_Celecoxib_rediscovery/generator_top_molecules_lineage.csv	top-lineage	200	0	100	100
low-only	0	10	Osimertinib_MPO	PORTABLE_OUTPUT_ROOT/guacamol_frequency_ablation_lineage_20260825_094359/low-only/seed_0/task_10_Osimertinib_MPO/compare_GuacaMol_20260825_100325/runs/spectralmol/seed_0/case_GuacaMol_20260825_100326/benchmark_runs/2026_08_25_evolution_ga_benchmark_10_03_29/2026_08_25_evolution_ga_Osimertinib_MPO/generator_top_molecules_lineage.csv	top-lineage	195	0	100	100
low-only	0	11	Fexofenadine_MPO	PORTABLE_OUTPUT_ROOT/guacamol_frequency_ablation_lineage_20260825_094359/low-only/seed_0/task_11_Fexofenadine_MPO/compare_GuacaMol_20260825_100328/runs/spectralmol/seed_0/case_GuacaMol_20260825_100329/benchmark_runs/2026_08_25_evolution_ga_benchmark_10_03_32/2026_08_25_evolution_ga_Fexofenadine_MPO/generator_top_molecules_lineage.csv	top-lineage	200	0	100	100
low-only	0	12	Ranolazine_MPO	PORTABLE_OUTPUT_ROOT/guacamol_frequency_ablation_lineage_20260825_094359/low-only/seed_0/task_12_Ranolazine_MPO/compare_GuacaMol_20260825_100332/runs/spectralmol/seed_0/case_GuacaMol_20260825_100332/benchmark_runs/2026_08_25_evolution_ga_benchmark_10_03_35/2026_08_25_evolution_ga_Ranolazine_MPO/generator_top_molecules_lineage.csv	top-lineage	199	0	100	100
low-only	0	13	Perindopril_MPO	PORTABLE_OUTPUT_ROOT/guacamol_frequency_ablation_lineage_20260825_094359/low-only/seed_0/task_13_Perindopril_MPO/compare_GuacaMol_20260825_100333/runs/spectralmol/seed_0/case_GuacaMol_20260825_100334/benchmark_runs/2026_08_25_evolution_ga_benchmark_10_03_37/2026_08_25_evolution_ga_Perindopril_MPO/generator_top_molecules_lineage.csv	top-lineage	34	0	34	34
low-only	0	14	Amlodipine_MPO	PORTABLE_OUTPUT_ROOT/guacamol_frequency_ablation_lineage_20260825_094359/low-only/seed_0/task_14_Amlodipine_MPO/compare_GuacaMol_20260825_100343/runs/spectralmol/seed_0/case_GuacaMol_20260825_100344/benchmark_runs/2026_08_25_evolution_ga_benchmark_10_03_47/2026_08_25_evolution_ga_Amlodipine_MPO/generator_top_molecules_lineage.csv	top-lineage	72	17	72	72
low-only	0	15	Sitagliptin_MPO	PORTABLE_OUTPUT_ROOT/guacamol_frequency_ablation_lineage_20260825_094359/low-only/seed_0/task_15_Sitagliptin_MPO/compare_GuacaMol_20260825_100345/runs/spectralmol/seed_0/case_GuacaMol_20260825_100345/benchmark_runs/2026_08_25_evolution_ga_benchmark_10_03_48/2026_08_25_evolution_ga_Sitagliptin_MPO/generator_top_molecules_lineage.csv	top-lineage	200	0	100	100
low-only	0	16	Zaleplon_MPO	PORTABLE_OUTPUT_ROOT/guacamol_frequency_ablation_lineage_20260825_094359/low-only/seed_0/task_16_Zaleplon_MPO/compare_GuacaMol_20260825_100356/runs/spectralmol/seed_0/case_GuacaMol_20260825_100356/benchmark_runs/2026_08_25_evolution_ga_benchmark_10_03_59/2026_08_25_evolution_ga_Zaleplon_MPO/generator_top_molecules_lineage.csv	top-lineage	159	0	100	100
low-only	0	17	Valsartan_smarts	PORTABLE_OUTPUT_ROOT/guacamol_frequency_ablation_lineage_20260825_094359/low-only/seed_0/task_17_Valsartan_smarts/compare_GuacaMol_20260825_100356/runs/spectralmol/seed_0/case_GuacaMol_20260825_100356/benchmark_runs/2026_08_25_evolution_ga_benchmark_10_03_59/2026_08_25_evolution_ga_Valsartan_smarts/generator_top_molecules_lineage.csv	top-lineage	159	0	100	100
low-only	0	18	Deco_hop	PORTABLE_OUTPUT_ROOT/guacamol_frequency_ablation_lineage_20260825_094359/low-only/seed_0/task_18_Deco_hop/compare_GuacaMol_20260825_100356/runs/spectralmol/seed_0/case_GuacaMol_20260825_100357/benchmark_runs/2026_08_25_evolution_ga_benchmark_10_04_00/2026_08_25_evolution_ga_Deco_hop/generator_top_molecules_lineage.csv	top-lineage	104	0	100	100
low-only	0	19	Scaffold_hop	PORTABLE_OUTPUT_ROOT/guacamol_frequency_ablation_lineage_20260825_094359/low-only/seed_0/task_19_Scaffold_hop/compare_GuacaMol_20260825_100356/runs/spectralmol/seed_0/case_GuacaMol_20260825_100357/benchmark_runs/2026_08_25_evolution_ga_benchmark_10_03_59/2026_08_25_evolution_ga_Scaffold_hop/generator_top_molecules_lineage.csv	top-lineage	200	0	100	100
low-only	0	1	Troglitazone_rediscovery	PORTABLE_OUTPUT_ROOT/guacamol_frequency_ablation_lineage_20260825_094359/low-only/seed_0/task_1_Troglitazone_rediscovery/compare_GuacaMol_20260825_100230/runs/spectralmol/seed_0/case_GuacaMol_20260825_100230/benchmark_runs/2026_08_25_evolution_ga_benchmark_10_02_33/2026_08_25_evolution_ga_Troglitazone_rediscovery/generator_top_molecules_lineage.csv	top-lineage	200	0	100	100
low-only	0	2	Thiothixene_rediscovery	PORTABLE_OUTPUT_ROOT/guacamol_frequency_ablation_lineage_20260825_094359/low-only/seed_0/task_2_Thiothixene_rediscovery/compare_GuacaMol_20260825_100230/runs/spectralmol/seed_0/case_GuacaMol_20260825_100231/benchmark_runs/2026_08_25_evolution_ga_benchmark_10_02_35/2026_08_25_evolution_ga_Thiothixene_rediscovery/generator_top_molecules_lineage.csv	top-lineage	200	0	100	100
low-only	0	3	Aripiprazole_similarity	PORTABLE_OUTPUT_ROOT/guacamol_frequency_ablation_lineage_20260825_094359/low-only/seed_0/task_3_Aripiprazole_similarity/compare_GuacaMol_20260825_100233/runs/spectralmol/seed_0/case_GuacaMol_20260825_100233/benchmark_runs/2026_08_25_evolution_ga_benchmark_10_02_36/2026_08_25_evolution_ga_Aripiprazole_similarity/generator_top_molecules_lineage.csv	top-lineage	200	0	100	100
low-only	0	4	Albuterol_similarity	PORTABLE_OUTPUT_ROOT/guacamol_frequency_ablation_lineage_20260825_094359/low-only/seed_0/task_4_Albuterol_similarity/compare_GuacaMol_20260825_100239/runs/spectralmol/seed_0/case_GuacaMol_20260825_100239/benchmark_runs/2026_08_25_evolution_ga_benchmark_10_02_42/2026_08_25_evolution_ga_Albuterol_similarity/generator_top_molecules_lineage.csv	top-lineage	198	0	100	100
low-only	0	5	Mestranol_similarity	PORTABLE_OUTPUT_ROOT/guacamol_frequency_ablation_lineage_20260825_094359/low-only/seed_0/task_5_Mestranol_similarity/compare_GuacaMol_20260825_100246/runs/spectralmol/seed_0/case_GuacaMol_20260825_100247/benchmark_runs/2026_08_25_evolution_ga_benchmark_10_02_49/2026_08_25_evolution_ga_Mestranol_similarity/generator_top_molecules_lineage.csv	top-lineage	200	0	100	100
low-only	0	6	C11H24	PORTABLE_OUTPUT_ROOT/guacamol_frequency_ablation_lineage_20260825_094359/low-only/seed_0/task_6_C11H24/compare_GuacaMol_20260825_100259/runs/spectralmol/seed_0/case_GuacaMol_20260825_100300/benchmark_runs/2026_08_25_evolution_ga_benchmark_10_03_03/2026_08_25_evolution_ga_C11H24/generator_top_molecules_lineage.csv	top-lineage	200	0	100	100
low-only	0	7	C9H10N2O2PF2Cl	PORTABLE_OUTPUT_ROOT/guacamol_frequency_ablation_lineage_20260825_094359/low-only/seed_0/task_7_C9H10N2O2PF2Cl/compare_GuacaMol_20260825_100306/runs/spectralmol/seed_0/case_GuacaMol_20260825_100307/benchmark_runs/2026_08_25_evolution_ga_benchmark_10_03_10/2026_08_25_evolution_ga_C9H10N2O2PF2Cl/generator_top_molecules_lineage.csv	top-lineage	199	0	100	100
low-only	0	8	Median_molecules_1	PORTABLE_OUTPUT_ROOT/guacamol_frequency_ablation_lineage_20260825_094359/low-only/seed_0/task_8_Median_molecules_1/compare_GuacaMol_20260825_100317/runs/spectralmol/seed_0/case_GuacaMol_20260825_100318/benchmark_runs/2026_08_25_evolution_ga_benchmark_10_03_20/2026_08_25_evolution_ga_Median_molecules_1/generator_top_molecules_lineage.csv	top-lineage	200	0	100	100
low-only	0	9	Median_molecules_2	PORTABLE_OUTPUT_ROOT/guacamol_frequency_ablation_lineage_20260825_094359/low-only/seed_0/task_9_Median_molecules_2/compare_GuacaMol_20260825_100322/runs/spectralmol/seed_0/case_GuacaMol_20260825_100323/benchmark_runs/2026_08_25_evolution_ga_benchmark_10_03_26/2026_08_25_evolution_ga_Median_molecules_2/generator_top_molecules_lineage.csv	top-lineage	174	0	100	100
low-only	1	0	Celecoxib_rediscovery	PORTABLE_OUTPUT_ROOT/guacamol_frequency_ablation_lineage_20260825_094359/low-only/seed_1/task_0_Celecoxib_rediscovery/compare_GuacaMol_20260825_100358/runs/spectralmol/seed_1/case_GuacaMol_20260825_100359/benchmark_runs/2026_08_25_evolution_ga_benchmark_10_04_03/2026_08_25_evolution_ga_Celecoxib_rediscovery/generator_top_molecules_lineage.csv	top-lineage	200	0	100	100
low-only	1	10	Osimertinib_MPO	PORTABLE_OUTPUT_ROOT/guacamol_frequency_ablation_lineage_20260825_094359/low-only/seed_1/task_10_Osimertinib_MPO/compare_GuacaMol_20260825_100500/runs/spectralmol/seed_1/case_GuacaMol_20260825_100501/benchmark_runs/2026_08_25_evolution_ga_benchmark_10_05_05/2026_08_25_evolution_ga_Osimertinib_MPO/generator_top_molecules_lineage.csv	top-lineage	143	0	100	100
low-only	1	11	Fexofenadine_MPO	PORTABLE_OUTPUT_ROOT/guacamol_frequency_ablation_lineage_20260825_094359/low-only/seed_1/task_11_Fexofenadine_MPO/compare_GuacaMol_20260825_100502/runs/spectralmol/seed_1/case_GuacaMol_20260825_100502/benchmark_runs/2026_08_25_evolution_ga_benchmark_10_05_05/2026_08_25_evolution_ga_Fexofenadine_MPO/generator_top_molecules_lineage.csv	top-lineage	199	1	100	100
low-only	1	12	Ranolazine_MPO	PORTABLE_OUTPUT_ROOT/guacamol_frequency_ablation_lineage_20260825_094359/low-only/seed_1/task_12_Ranolazine_MPO/compare_GuacaMol_20260825_100515/runs/spectralmol/seed_1/case_GuacaMol_20260825_100515/benchmark_runs/2026_08_25_evolution_ga_benchmark_10_05_18/2026_08_25_evolution_ga_Ranolazine_MPO/generator_top_molecules_lineage.csv	top-lineage	200	0	100	100
low-only	1	13	Perindopril_MPO	PORTABLE_OUTPUT_ROOT/guacamol_frequency_ablation_lineage_20260825_094359/low-only/seed_1/task_13_Perindopril_MPO/compare_GuacaMol_20260825_100523/runs/spectralmol/seed_1/case_GuacaMol_20260825_100524/benchmark_runs/2026_08_25_evolution_ga_benchmark_10_05_27/2026_08_25_evolution_ga_Perindopril_MPO/generator_top_molecules_lineage.csv	top-lineage	43	0	43	43
low-only	1	14	Amlodipine_MPO	PORTABLE_OUTPUT_ROOT/guacamol_frequency_ablation_lineage_20260825_094359/low-only/seed_1/task_14_Amlodipine_MPO/compare_GuacaMol_20260825_100532/runs/spectralmol/seed_1/case_GuacaMol_20260825_100533/benchmark_runs/2026_08_25_evolution_ga_benchmark_10_05_36/2026_08_25_evolution_ga_Amlodipine_MPO/generator_top_molecules_lineage.csv	top-lineage	44	20	44	44
low-only	1	15	Sitagliptin_MPO	PORTABLE_OUTPUT_ROOT/guacamol_frequency_ablation_lineage_20260825_094359/low-only/seed_1/task_15_Sitagliptin_MPO/compare_GuacaMol_20260825_100532/runs/spectralmol/seed_1/case_GuacaMol_20260825_100532/benchmark_runs/2026_08_25_evolution_ga_benchmark_10_05_35/2026_08_25_evolution_ga_Sitagliptin_MPO/generator_top_molecules_lineage.csv	top-lineage	199	1	100	100
low-only	1	16	Zaleplon_MPO	PORTABLE_OUTPUT_ROOT/guacamol_frequency_ablation_lineage_20260825_094359/low-only/seed_1/task_16_Zaleplon_MPO/compare_GuacaMol_20260825_100533/runs/spectralmol/seed_1/case_GuacaMol_20260825_100533/benchmark_runs/2026_08_25_evolution_ga_benchmark_10_05_36/2026_08_25_evolution_ga_Zaleplon_MPO/generator_top_molecules_lineage.csv	top-lineage	119	0	100	100
low-only	1	17	Valsartan_smarts	PORTABLE_OUTPUT_ROOT/guacamol_frequency_ablation_lineage_20260825_094359/low-only/seed_1/task_17_Valsartan_smarts/compare_GuacaMol_20260825_100533/runs/spectralmol/seed_1/case_GuacaMol_20260825_100534/benchmark_runs/2026_08_25_evolution_ga_benchmark_10_05_37/2026_08_25_evolution_ga_Valsartan_smarts/generator_top_molecules_lineage.csv	top-lineage	164	0	100	100
low-only	1	18	Deco_hop	PORTABLE_OUTPUT_ROOT/guacamol_frequency_ablation_lineage_20260825_094359/low-only/seed_1/task_18_Deco_hop/compare_GuacaMol_20260825_100536/runs/spectralmol/seed_1/case_GuacaMol_20260825_100537/benchmark_runs/2026_08_25_evolution_ga_benchmark_10_05_40/2026_08_25_evolution_ga_Deco_hop/generator_top_molecules_lineage.csv	top-lineage	48	0	48	48
low-only	1	19	Scaffold_hop	PORTABLE_OUTPUT_ROOT/guacamol_frequency_ablation_lineage_20260825_094359/low-only/seed_1/task_19_Scaffold_hop/compare_GuacaMol_20260825_100540/runs/spectralmol/seed_1/case_GuacaMol_20260825_100540/benchmark_runs/2026_08_25_evolution_ga_benchmark_10_05_43/2026_08_25_evolution_ga_Scaffold_hop/generator_top_molecules_lineage.csv	top-lineage	200	0	100	100
low-only	1	1	Troglitazone_rediscovery	PORTABLE_OUTPUT_ROOT/guacamol_frequency_ablation_lineage_20260825_094359/low-only/seed_1/task_1_Troglitazone_rediscovery/compare_GuacaMol_20260825_100406/runs/spectralmol/seed_1/case_GuacaMol_20260825_100407/benchmark_runs/2026_08_25_evolution_ga_benchmark_10_04_10/2026_08_25_evolution_ga_Troglitazone_rediscovery/generator_top_molecules_lineage.csv	top-lineage	200	0	100	100
low-only	1	2	Thiothixene_rediscovery	PORTABLE_OUTPUT_ROOT/guacamol_frequency_ablation_lineage_20260825_094359/low-only/seed_1/task_2_Thiothixene_rediscovery/compare_GuacaMol_20260825_100406/runs/spectralmol/seed_1/case_GuacaMol_20260825_100406/benchmark_runs/2026_08_25_evolution_ga_benchmark_10_04_09/2026_08_25_evolution_ga_Thiothixene_rediscovery/generator_top_molecules_lineage.csv	top-lineage	200	0	100	100
low-only	1	3	Aripiprazole_similarity	PORTABLE_OUTPUT_ROOT/guacamol_frequency_ablation_lineage_20260825_094359/low-only/seed_1/task_3_Aripiprazole_similarity/compare_GuacaMol_20260825_100421/runs/spectralmol/seed_1/case_GuacaMol_20260825_100421/benchmark_runs/2026_08_25_evolution_ga_benchmark_10_04_24/2026_08_25_evolution_ga_Aripiprazole_similarity/generator_top_molecules_lineage.csv	top-lineage	200	0	100	100
low-only	1	4	Albuterol_similarity	PORTABLE_OUTPUT_ROOT/guacamol_frequency_ablation_lineage_20260825_094359/low-only/seed_1/task_4_Albuterol_similarity/compare_GuacaMol_20260825_100421/runs/spectralmol/seed_1/case_GuacaMol_20260825_100421/benchmark_runs/2026_08_25_evolution_ga_benchmark_10_04_24/2026_08_25_evolution_ga_Albuterol_similarity/generator_top_molecules_lineage.csv	top-lineage	200	0	100	100
low-only	1	5	Mestranol_similarity	PORTABLE_OUTPUT_ROOT/guacamol_frequency_ablation_lineage_20260825_094359/low-only/seed_1/task_5_Mestranol_similarity/compare_GuacaMol_20260825_100429/runs/spectralmol/seed_1/case_GuacaMol_20260825_100429/benchmark_runs/2026_08_25_evolution_ga_benchmark_10_04_32/2026_08_25_evolution_ga_Mestranol_similarity/generator_top_molecules_lineage.csv	top-lineage	200	0	100	100
low-only	1	6	C11H24	PORTABLE_OUTPUT_ROOT/guacamol_frequency_ablation_lineage_20260825_094359/low-only/seed_1/task_6_C11H24/compare_GuacaMol_20260825_100436/runs/spectralmol/seed_1/case_GuacaMol_20260825_100436/benchmark_runs/2026_08_25_evolution_ga_benchmark_10_04_39/2026_08_25_evolution_ga_C11H24/generator_top_molecules_lineage.csv	top-lineage	200	0	100	100
low-only	1	7	C9H10N2O2PF2Cl	PORTABLE_OUTPUT_ROOT/guacamol_frequency_ablation_lineage_20260825_094359/low-only/seed_1/task_7_C9H10N2O2PF2Cl/compare_GuacaMol_20260825_100451/runs/spectralmol/seed_1/case_GuacaMol_20260825_100452/benchmark_runs/2026_08_25_evolution_ga_benchmark_10_04_55/2026_08_25_evolution_ga_C9H10N2O2PF2Cl/generator_top_molecules_lineage.csv	top-lineage	198	0	100	100
low-only	1	8	Median_molecules_1	PORTABLE_OUTPUT_ROOT/guacamol_frequency_ablation_lineage_20260825_094359/low-only/seed_1/task_8_Median_molecules_1/compare_GuacaMol_20260825_100451/runs/spectralmol/seed_1/case_GuacaMol_20260825_100452/benchmark_runs/2026_08_25_evolution_ga_benchmark_10_04_56/2026_08_25_evolution_ga_Median_molecules_1/generator_top_molecules_lineage.csv	top-lineage	200	0	100	100
low-only	1	9	Median_molecules_2	PORTABLE_OUTPUT_ROOT/guacamol_frequency_ablation_lineage_20260825_094359/low-only/seed_1/task_9_Median_molecules_2/compare_GuacaMol_20260825_100457/runs/spectralmol/seed_1/case_GuacaMol_20260825_100457/benchmark_runs/2026_08_25_evolution_ga_benchmark_10_05_00/2026_08_25_evolution_ga_Median_molecules_2/generator_top_molecules_lineage.csv	top-lineage	196	0	100	100
low-only	2	0	Celecoxib_rediscovery	PORTABLE_OUTPUT_ROOT/guacamol_frequency_ablation_lineage_20260825_094359/low-only/seed_2/task_0_Celecoxib_rediscovery/compare_GuacaMol_20260825_100548/runs/spectralmol/seed_2/case_GuacaMol_20260825_100549/benchmark_runs/2026_08_25_evolution_ga_benchmark_10_05_52/2026_08_25_evolution_ga_Celecoxib_rediscovery/generator_top_molecules_lineage.csv	top-lineage	200	0	100	100
low-only	2	10	Osimertinib_MPO	PORTABLE_OUTPUT_ROOT/guacamol_frequency_ablation_lineage_20260825_094359/low-only/seed_2/task_10_Osimertinib_MPO/compare_GuacaMol_20260825_100640/runs/spectralmol/seed_2/case_GuacaMol_20260825_100640/benchmark_runs/2026_08_25_evolution_ga_benchmark_10_06_43/2026_08_25_evolution_ga_Osimertinib_MPO/generator_top_molecules_lineage.csv	top-lineage	125	0	100	100
low-only	2	11	Fexofenadine_MPO	PORTABLE_OUTPUT_ROOT/guacamol_frequency_ablation_lineage_20260825_094359/low-only/seed_2/task_11_Fexofenadine_MPO/compare_GuacaMol_20260825_100655/runs/spectralmol/seed_2/case_GuacaMol_20260825_100655/benchmark_runs/2026_08_25_evolution_ga_benchmark_10_06_58/2026_08_25_evolution_ga_Fexofenadine_MPO/generator_top_molecules_lineage.csv	top-lineage	200	0	100	100
low-only	2	12	Ranolazine_MPO	PORTABLE_OUTPUT_ROOT/guacamol_frequency_ablation_lineage_20260825_094359/low-only/seed_2/task_12_Ranolazine_MPO/compare_GuacaMol_20260825_100658/runs/spectralmol/seed_2/case_GuacaMol_20260825_100658/benchmark_runs/2026_08_25_evolution_ga_benchmark_10_07_01/2026_08_25_evolution_ga_Ranolazine_MPO/generator_top_molecules_lineage.csv	top-lineage	140	0	100	100
low-only	2	13	Perindopril_MPO	PORTABLE_OUTPUT_ROOT/guacamol_frequency_ablation_lineage_20260825_094359/low-only/seed_2/task_13_Perindopril_MPO/compare_GuacaMol_20260825_100718/runs/spectralmol/seed_2/case_GuacaMol_20260825_100719/benchmark_runs/2026_08_25_evolution_ga_benchmark_10_07_22/2026_08_25_evolution_ga_Perindopril_MPO/generator_top_molecules_lineage.csv	top-lineage	45	0	45	45
low-only	2	14	Amlodipine_MPO	PORTABLE_OUTPUT_ROOT/guacamol_frequency_ablation_lineage_20260825_094359/low-only/seed_2/task_14_Amlodipine_MPO/compare_GuacaMol_20260825_100718/runs/spectralmol/seed_2/case_GuacaMol_20260825_100718/benchmark_runs/2026_08_25_evolution_ga_benchmark_10_07_21/2026_08_25_evolution_ga_Amlodipine_MPO/generator_top_molecules_lineage.csv	top-lineage	200	0	100	100
low-only	2	15	Sitagliptin_MPO	PORTABLE_OUTPUT_ROOT/guacamol_frequency_ablation_lineage_20260825_094359/low-only/seed_2/task_15_Sitagliptin_MPO/compare_GuacaMol_20260825_100718/runs/spectralmol/seed_2/case_GuacaMol_20260825_100718/benchmark_runs/2026_08_25_evolution_ga_benchmark_10_07_21/2026_08_25_evolution_ga_Sitagliptin_MPO/generator_top_molecules_lineage.csv	top-lineage	199	0	100	100
low-only	2	16	Zaleplon_MPO	PORTABLE_OUTPUT_ROOT/guacamol_frequency_ablation_lineage_20260825_094359/low-only/seed_2/task_16_Zaleplon_MPO/compare_GuacaMol_20260825_100721/runs/spectralmol/seed_2/case_GuacaMol_20260825_100722/benchmark_runs/2026_08_25_evolution_ga_benchmark_10_07_25/2026_08_25_evolution_ga_Zaleplon_MPO/generator_top_molecules_lineage.csv	top-lineage	188	0	100	100
low-only	2	17	Valsartan_smarts	PORTABLE_OUTPUT_ROOT/guacamol_frequency_ablation_lineage_20260825_094359/low-only/seed_2/task_17_Valsartan_smarts/compare_GuacaMol_20260825_100722/runs/spectralmol/seed_2/case_GuacaMol_20260825_100722/benchmark_runs/2026_08_25_evolution_ga_benchmark_10_07_25/2026_08_25_evolution_ga_Valsartan_smarts/generator_top_molecules_lineage.csv	top-lineage	161	0	100	100
low-only	2	18	Deco_hop	PORTABLE_OUTPUT_ROOT/guacamol_frequency_ablation_lineage_20260825_094359/low-only/seed_2/task_18_Deco_hop/compare_GuacaMol_20260825_100725/runs/spectralmol/seed_2/case_GuacaMol_20260825_100725/benchmark_runs/2026_08_25_evolution_ga_benchmark_10_07_28/2026_08_25_evolution_ga_Deco_hop/generator_top_molecules_lineage.csv	top-lineage	51	0	51	51
low-only	2	19	Scaffold_hop	PORTABLE_OUTPUT_ROOT/guacamol_frequency_ablation_lineage_20260825_094359/low-only/seed_2/task_19_Scaffold_hop/compare_GuacaMol_20260825_100739/runs/spectralmol/seed_2/case_GuacaMol_20260825_100741/benchmark_runs/2026_08_25_evolution_ga_benchmark_10_07_49/2026_08_25_evolution_ga_Scaffold_hop/generator_top_molecules_lineage.csv	top-lineage	200	0	100	100
low-only	2	1	Troglitazone_rediscovery	PORTABLE_OUTPUT_ROOT/guacamol_frequency_ablation_lineage_20260825_094359/low-only/seed_2/task_1_Troglitazone_rediscovery/compare_GuacaMol_20260825_100551/runs/spectralmol/seed_2/case_GuacaMol_20260825_100551/benchmark_runs/2026_08_25_evolution_ga_benchmark_10_05_54/2026_08_25_evolution_ga_Troglitazone_rediscovery/generator_top_molecules_lineage.csv	top-lineage	200	0	100	100
low-only	2	2	Thiothixene_rediscovery	PORTABLE_OUTPUT_ROOT/guacamol_frequency_ablation_lineage_20260825_094359/low-only/seed_2/task_2_Thiothixene_rediscovery/compare_GuacaMol_20260825_100555/runs/spectralmol/seed_2/case_GuacaMol_20260825_100556/benchmark_runs/2026_08_25_evolution_ga_benchmark_10_05_59/2026_08_25_evolution_ga_Thiothixene_rediscovery/generator_top_molecules_lineage.csv	top-lineage	200	0	100	100
low-only	2	3	Aripiprazole_similarity	PORTABLE_OUTPUT_ROOT/guacamol_frequency_ablation_lineage_20260825_094359/low-only/seed_2/task_3_Aripiprazole_similarity/compare_GuacaMol_20260825_100559/runs/spectralmol/seed_2/case_GuacaMol_20260825_100559/benchmark_runs/2026_08_25_evolution_ga_benchmark_10_06_02/2026_08_25_evolution_ga_Aripiprazole_similarity/generator_top_molecules_lineage.csv	top-lineage	200	0	100	100
low-only	2	4	Albuterol_similarity	PORTABLE_OUTPUT_ROOT/guacamol_frequency_ablation_lineage_20260825_094359/low-only/seed_2/task_4_Albuterol_similarity/compare_GuacaMol_20260825_100607/runs/spectralmol/seed_2/case_GuacaMol_20260825_100608/benchmark_runs/2026_08_25_evolution_ga_benchmark_10_06_12/2026_08_25_evolution_ga_Albuterol_similarity/generator_top_molecules_lineage.csv	top-lineage	200	0	100	100
low-only	2	5	Mestranol_similarity	PORTABLE_OUTPUT_ROOT/guacamol_frequency_ablation_lineage_20260825_094359/low-only/seed_2/task_5_Mestranol_similarity/compare_GuacaMol_20260825_100612/runs/spectralmol/seed_2/case_GuacaMol_20260825_100612/benchmark_runs/2026_08_25_evolution_ga_benchmark_10_06_15/2026_08_25_evolution_ga_Mestranol_similarity/generator_top_molecules_lineage.csv	top-lineage	200	0	100	100
low-only	2	6	C11H24	PORTABLE_OUTPUT_ROOT/guacamol_frequency_ablation_lineage_20260825_094359/low-only/seed_2/task_6_C11H24/compare_GuacaMol_20260825_100619/runs/spectralmol/seed_2/case_GuacaMol_20260825_100619/benchmark_runs/2026_08_25_evolution_ga_benchmark_10_06_22/2026_08_25_evolution_ga_C11H24/generator_top_molecules_lineage.csv	top-lineage	200	0	100	100
low-only	2	7	C9H10N2O2PF2Cl	PORTABLE_OUTPUT_ROOT/guacamol_frequency_ablation_lineage_20260825_094359/low-only/seed_2/task_7_C9H10N2O2PF2Cl/compare_GuacaMol_20260825_100622/runs/spectralmol/seed_2/case_GuacaMol_20260825_100623/benchmark_runs/2026_08_25_evolution_ga_benchmark_10_06_25/2026_08_25_evolution_ga_C9H10N2O2PF2Cl/generator_top_molecules_lineage.csv	top-lineage	200	0	100	100
low-only	2	8	Median_molecules_1	PORTABLE_OUTPUT_ROOT/guacamol_frequency_ablation_lineage_20260825_094359/low-only/seed_2/task_8_Median_molecules_1/compare_GuacaMol_20260825_100625/runs/spectralmol/seed_2/case_GuacaMol_20260825_100625/benchmark_runs/2026_08_25_evolution_ga_benchmark_10_06_28/2026_08_25_evolution_ga_Median_molecules_1/generator_top_molecules_lineage.csv	top-lineage	200	0	100	100
low-only	2	9	Median_molecules_2	PORTABLE_OUTPUT_ROOT/guacamol_frequency_ablation_lineage_20260825_094359/low-only/seed_2/task_9_Median_molecules_2/compare_GuacaMol_20260825_100637/runs/spectralmol/seed_2/case_GuacaMol_20260825_100638/benchmark_runs/2026_08_25_evolution_ga_benchmark_10_06_41/2026_08_25_evolution_ga_Median_molecules_2/generator_top_molecules_lineage.csv	top-lineage	199	0	100	100
low-only	3	0	Celecoxib_rediscovery	PORTABLE_OUTPUT_ROOT/guacamol_frequency_ablation_lineage_20260825_094359/low-only/seed_3/task_0_Celecoxib_rediscovery/compare_GuacaMol_20260825_100741/runs/spectralmol/seed_3/case_GuacaMol_20260825_100742/benchmark_runs/2026_08_25_evolution_ga_benchmark_10_07_46/2026_08_25_evolution_ga_Celecoxib_rediscovery/generator_top_molecules_lineage.csv	top-lineage	200	0	100	100
low-only	3	10	Osimertinib_MPO	PORTABLE_OUTPUT_ROOT/guacamol_frequency_ablation_lineage_20260825_094359/low-only/seed_3/task_10_Osimertinib_MPO/compare_GuacaMol_20260825_100824/runs/spectralmol/seed_3/case_GuacaMol_20260825_100825/benchmark_runs/2026_08_25_evolution_ga_benchmark_10_08_28/2026_08_25_evolution_ga_Osimertinib_MPO/generator_top_molecules_lineage.csv	top-lineage	157	0	100	100
low-only	3	11	Fexofenadine_MPO	PORTABLE_OUTPUT_ROOT/guacamol_frequency_ablation_lineage_20260825_094359/low-only/seed_3/task_11_Fexofenadine_MPO/compare_GuacaMol_20260825_100828/runs/spectralmol/seed_3/case_GuacaMol_20260825_100829/benchmark_runs/2026_08_25_evolution_ga_benchmark_10_08_32/2026_08_25_evolution_ga_Fexofenadine_MPO/generator_top_molecules_lineage.csv	top-lineage	200	0	100	100
low-only	3	12	Ranolazine_MPO	PORTABLE_OUTPUT_ROOT/guacamol_frequency_ablation_lineage_20260825_094359/low-only/seed_3/task_12_Ranolazine_MPO/compare_GuacaMol_20260825_100828/runs/spectralmol/seed_3/case_GuacaMol_20260825_100829/benchmark_runs/2026_08_25_evolution_ga_benchmark_10_08_33/2026_08_25_evolution_ga_Ranolazine_MPO/generator_top_molecules_lineage.csv	top-lineage	144	0	100	100
low-only	3	13	Perindopril_MPO	PORTABLE_OUTPUT_ROOT/guacamol_frequency_ablation_lineage_20260825_094359/low-only/seed_3/task_13_Perindopril_MPO/compare_GuacaMol_20260825_100845/runs/spectralmol/seed_3/case_GuacaMol_20260825_100845/benchmark_runs/2026_08_25_evolution_ga_benchmark_10_08_48/2026_08_25_evolution_ga_Perindopril_MPO/generator_top_molecules_lineage.csv	top-lineage	41	0	41	41
low-only	3	14	Amlodipine_MPO	PORTABLE_OUTPUT_ROOT/guacamol_frequency_ablation_lineage_20260825_094359/low-only/seed_3/task_14_Amlodipine_MPO/compare_GuacaMol_20260825_100849/runs/spectralmol/seed_3/case_GuacaMol_20260825_100849/benchmark_runs/2026_08_25_evolution_ga_benchmark_10_08_52/2026_08_25_evolution_ga_Amlodipine_MPO/generator_top_molecules_lineage.csv	top-lineage	200	0	100	100
low-only	3	15	Sitagliptin_MPO	PORTABLE_OUTPUT_ROOT/guacamol_frequency_ablation_lineage_20260825_094359/low-only/seed_3/task_15_Sitagliptin_MPO/compare_GuacaMol_20260825_100856/runs/spectralmol/seed_3/case_GuacaMol_20260825_100857/benchmark_runs/2026_08_25_evolution_ga_benchmark_10_09_01/2026_08_25_evolution_ga_Sitagliptin_MPO/generator_top_molecules_lineage.csv	top-lineage	199	1	100	100
low-only	3	16	Zaleplon_MPO	PORTABLE_OUTPUT_ROOT/guacamol_frequency_ablation_lineage_20260825_094359/low-only/seed_3/task_16_Zaleplon_MPO/compare_GuacaMol_20260825_100856/runs/spectralmol/seed_3/case_GuacaMol_20260825_100856/benchmark_runs/2026_08_25_evolution_ga_benchmark_10_08_59/2026_08_25_evolution_ga_Zaleplon_MPO/generator_top_molecules_lineage.csv	top-lineage	184	0	100	100
low-only	3	17	Valsartan_smarts	PORTABLE_OUTPUT_ROOT/guacamol_frequency_ablation_lineage_20260825_094359/low-only/seed_3/task_17_Valsartan_smarts/compare_GuacaMol_20260825_100859/runs/spectralmol/seed_3/case_GuacaMol_20260825_100900/benchmark_runs/2026_08_25_evolution_ga_benchmark_10_09_04/2026_08_25_evolution_ga_Valsartan_smarts/generator_top_molecules_lineage.csv	top-lineage	164	0	100	100
low-only	3	18	Deco_hop	PORTABLE_OUTPUT_ROOT/guacamol_frequency_ablation_lineage_20260825_094359/low-only/seed_3/task_18_Deco_hop/compare_GuacaMol_20260825_100903/runs/spectralmol/seed_3/case_GuacaMol_20260825_100903/benchmark_runs/2026_08_25_evolution_ga_benchmark_10_09_06/2026_08_25_evolution_ga_Deco_hop/generator_top_molecules_lineage.csv	top-lineage	55	0	55	55
low-only	3	19	Scaffold_hop	PORTABLE_OUTPUT_ROOT/guacamol_frequency_ablation_lineage_20260825_094359/low-only/seed_3/task_19_Scaffold_hop/compare_GuacaMol_20260825_100907/runs/spectralmol/seed_3/case_GuacaMol_20260825_100907/benchmark_runs/2026_08_25_evolution_ga_benchmark_10_09_10/2026_08_25_evolution_ga_Scaffold_hop/generator_top_molecules_lineage.csv	top-lineage	200	0	100	100
low-only	3	1	Troglitazone_rediscovery	PORTABLE_OUTPUT_ROOT/guacamol_frequency_ablation_lineage_20260825_094359/low-only/seed_3/task_1_Troglitazone_rediscovery/compare_GuacaMol_20260825_100741/runs/spectralmol/seed_3/case_GuacaMol_20260825_100742/benchmark_runs/2026_08_25_evolution_ga_benchmark_10_07_46/2026_08_25_evolution_ga_Troglitazone_rediscovery/generator_top_molecules_lineage.csv	top-lineage	200	0	100	100
low-only	3	2	Thiothixene_rediscovery	PORTABLE_OUTPUT_ROOT/guacamol_frequency_ablation_lineage_20260825_094359/low-only/seed_3/task_2_Thiothixene_rediscovery/compare_GuacaMol_20260825_100741/runs/spectralmol/seed_3/case_GuacaMol_20260825_100742/benchmark_runs/2026_08_25_evolution_ga_benchmark_10_07_45/2026_08_25_evolution_ga_Thiothixene_rediscovery/generator_top_molecules_lineage.csv	top-lineage	200	0	100	100
low-only	3	3	Aripiprazole_similarity	PORTABLE_OUTPUT_ROOT/guacamol_frequency_ablation_lineage_20260825_094359/low-only/seed_3/task_3_Aripiprazole_similarity/compare_GuacaMol_20260825_100744/runs/spectralmol/seed_3/case_GuacaMol_20260825_100744/benchmark_runs/2026_08_25_evolution_ga_benchmark_10_07_48/2026_08_25_evolution_ga_Aripiprazole_similarity/generator_top_molecules_lineage.csv	top-lineage	200	0	100	100
low-only	3	4	Albuterol_similarity	PORTABLE_OUTPUT_ROOT/guacamol_frequency_ablation_lineage_20260825_094359/low-only/seed_3/task_4_Albuterol_similarity/compare_GuacaMol_20260825_100750/runs/spectralmol/seed_3/case_GuacaMol_20260825_100750/benchmark_runs/2026_08_25_evolution_ga_benchmark_10_07_53/2026_08_25_evolution_ga_Albuterol_similarity/generator_top_molecules_lineage.csv	top-lineage	199	0	100	100
low-only	3	5	Mestranol_similarity	PORTABLE_OUTPUT_ROOT/guacamol_frequency_ablation_lineage_20260825_094359/low-only/seed_3/task_5_Mestranol_similarity/compare_GuacaMol_20260825_100755/runs/spectralmol/seed_3/case_GuacaMol_20260825_100756/benchmark_runs/2026_08_25_evolution_ga_benchmark_10_07_59/2026_08_25_evolution_ga_Mestranol_similarity/generator_top_molecules_lineage.csv	top-lineage	200	0	100	100
low-only	3	6	C11H24	PORTABLE_OUTPUT_ROOT/guacamol_frequency_ablation_lineage_20260825_094359/low-only/seed_3/task_6_C11H24/compare_GuacaMol_20260825_100755/runs/spectralmol/seed_3/case_GuacaMol_20260825_100756/benchmark_runs/2026_08_25_evolution_ga_benchmark_10_07_59/2026_08_25_evolution_ga_C11H24/generator_top_molecules_lineage.csv	top-lineage	200	0	100	100
low-only	3	7	C9H10N2O2PF2Cl	PORTABLE_OUTPUT_ROOT/guacamol_frequency_ablation_lineage_20260825_094359/low-only/seed_3/task_7_C9H10N2O2PF2Cl/compare_GuacaMol_20260825_100809/runs/spectralmol/seed_3/case_GuacaMol_20260825_100810/benchmark_runs/2026_08_25_evolution_ga_benchmark_10_08_13/2026_08_25_evolution_ga_C9H10N2O2PF2Cl/generator_top_molecules_lineage.csv	top-lineage	200	0	100	100
low-only	3	8	Median_molecules_1	PORTABLE_OUTPUT_ROOT/guacamol_frequency_ablation_lineage_20260825_094359/low-only/seed_3/task_8_Median_molecules_1/compare_GuacaMol_20260825_100817/runs/spectralmol/seed_3/case_GuacaMol_20260825_100817/benchmark_runs/2026_08_25_evolution_ga_benchmark_10_08_20/2026_08_25_evolution_ga_Median_molecules_1/generator_top_molecules_lineage.csv	top-lineage	200	0	100	100
low-only	3	9	Median_molecules_2	PORTABLE_OUTPUT_ROOT/guacamol_frequency_ablation_lineage_20260825_094359/low-only/seed_3/task_9_Median_molecules_2/compare_GuacaMol_20260825_100822/runs/spectralmol/seed_3/case_GuacaMol_20260825_100823/benchmark_runs/2026_08_25_evolution_ga_benchmark_10_08_25/2026_08_25_evolution_ga_Median_molecules_2/generator_top_molecules_lineage.csv	top-lineage	35	0	35	35
low-only	4	0	Celecoxib_rediscovery	PORTABLE_OUTPUT_ROOT/guacamol_frequency_ablation_lineage_20260825_094359/low-only/seed_4/task_0_Celecoxib_rediscovery/compare_GuacaMol_20260825_100915/runs/spectralmol/seed_4/case_GuacaMol_20260825_100915/benchmark_runs/2026_08_25_evolution_ga_benchmark_10_09_18/2026_08_25_evolution_ga_Celecoxib_rediscovery/generator_top_molecules_lineage.csv	top-lineage	200	0	100	100
low-only	4	10	Osimertinib_MPO	PORTABLE_OUTPUT_ROOT/guacamol_frequency_ablation_lineage_20260825_094359/low-only/seed_4/task_10_Osimertinib_MPO/compare_GuacaMol_20260825_101007/runs/spectralmol/seed_4/case_GuacaMol_20260825_101007/benchmark_runs/2026_08_25_evolution_ga_benchmark_10_10_10/2026_08_25_evolution_ga_Osimertinib_MPO/generator_top_molecules_lineage.csv	top-lineage	143	0	100	100
low-only	4	11	Fexofenadine_MPO	PORTABLE_OUTPUT_ROOT/guacamol_frequency_ablation_lineage_20260825_094359/low-only/seed_4/task_11_Fexofenadine_MPO/compare_GuacaMol_20260825_101007/runs/spectralmol/seed_4/case_GuacaMol_20260825_101008/benchmark_runs/2026_08_25_evolution_ga_benchmark_10_10_11/2026_08_25_evolution_ga_Fexofenadine_MPO/generator_top_molecules_lineage.csv	top-lineage	200	0	100	100
low-only	4	12	Ranolazine_MPO	PORTABLE_OUTPUT_ROOT/guacamol_frequency_ablation_lineage_20260825_094359/low-only/seed_4/task_12_Ranolazine_MPO/compare_GuacaMol_20260825_101013/runs/spectralmol/seed_4/case_GuacaMol_20260825_101014/benchmark_runs/2026_08_25_evolution_ga_benchmark_10_10_17/2026_08_25_evolution_ga_Ranolazine_MPO/generator_top_molecules_lineage.csv	top-lineage	200	0	100	100
low-only	4	13	Perindopril_MPO	PORTABLE_OUTPUT_ROOT/guacamol_frequency_ablation_lineage_20260825_094359/low-only/seed_4/task_13_Perindopril_MPO/compare_GuacaMol_20260825_101022/runs/spectralmol/seed_4/case_GuacaMol_20260825_101022/benchmark_runs/2026_08_25_evolution_ga_benchmark_10_10_25/2026_08_25_evolution_ga_Perindopril_MPO/generator_top_molecules_lineage.csv	top-lineage	48	0	48	48
low-only	4	14	Amlodipine_MPO	PORTABLE_OUTPUT_ROOT/guacamol_frequency_ablation_lineage_20260825_094359/low-only/seed_4/task_14_Amlodipine_MPO/compare_GuacaMol_20260825_101028/runs/spectralmol/seed_4/case_GuacaMol_20260825_101028/benchmark_runs/2026_08_25_evolution_ga_benchmark_10_10_31/2026_08_25_evolution_ga_Amlodipine_MPO/generator_top_molecules_lineage.csv	top-lineage	200	0	100	100
low-only	4	15	Sitagliptin_MPO	PORTABLE_OUTPUT_ROOT/guacamol_frequency_ablation_lineage_20260825_094359/low-only/seed_4/task_15_Sitagliptin_MPO/compare_GuacaMol_20260825_101033/runs/spectralmol/seed_4/case_GuacaMol_20260825_101034/benchmark_runs/2026_08_25_evolution_ga_benchmark_10_10_37/2026_08_25_evolution_ga_Sitagliptin_MPO/generator_top_molecules_lineage.csv	top-lineage	197	1	100	100
low-only	4	16	Zaleplon_MPO	PORTABLE_OUTPUT_ROOT/guacamol_frequency_ablation_lineage_20260825_094359/low-only/seed_4/task_16_Zaleplon_MPO/compare_GuacaMol_20260825_101034/runs/spectralmol/seed_4/case_GuacaMol_20260825_101034/benchmark_runs/2026_08_25_evolution_ga_benchmark_10_10_37/2026_08_25_evolution_ga_Zaleplon_MPO/generator_top_molecules_lineage.csv	top-lineage	163	0	100	100
low-only	4	17	Valsartan_smarts	PORTABLE_OUTPUT_ROOT/guacamol_frequency_ablation_lineage_20260825_094359/low-only/seed_4/task_17_Valsartan_smarts/compare_GuacaMol_20260825_101038/runs/spectralmol/seed_4/case_GuacaMol_20260825_101039/benchmark_runs/2026_08_25_evolution_ga_benchmark_10_10_42/2026_08_25_evolution_ga_Valsartan_smarts/generator_top_molecules_lineage.csv	top-lineage	155	0	100	100
low-only	4	18	Deco_hop	PORTABLE_OUTPUT_ROOT/guacamol_frequency_ablation_lineage_20260825_094359/low-only/seed_4/task_18_Deco_hop/compare_GuacaMol_20260825_101040/runs/spectralmol/seed_4/case_GuacaMol_20260825_101041/benchmark_runs/2026_08_25_evolution_ga_benchmark_10_10_44/2026_08_25_evolution_ga_Deco_hop/generator_top_molecules_lineage.csv	top-lineage	61	0	61	61
low-only	4	19	Scaffold_hop	PORTABLE_OUTPUT_ROOT/guacamol_frequency_ablation_lineage_20260825_094359/low-only/seed_4/task_19_Scaffold_hop/compare_GuacaMol_20260825_101058/runs/spectralmol/seed_4/case_GuacaMol_20260825_101059/benchmark_runs/2026_08_25_evolution_ga_benchmark_10_11_01/2026_08_25_evolution_ga_Scaffold_hop/generator_top_molecules_lineage.csv	top-lineage	200	0	100	100
low-only	4	1	Troglitazone_rediscovery	PORTABLE_OUTPUT_ROOT/guacamol_frequency_ablation_lineage_20260825_094359/low-only/seed_4/task_1_Troglitazone_rediscovery/compare_GuacaMol_20260825_100914/runs/spectralmol/seed_4/case_GuacaMol_20260825_100915/benchmark_runs/2026_08_25_evolution_ga_benchmark_10_09_17/2026_08_25_evolution_ga_Troglitazone_rediscovery/generator_top_molecules_lineage.csv	top-lineage	200	0	100	100
low-only	4	2	Thiothixene_rediscovery	PORTABLE_OUTPUT_ROOT/guacamol_frequency_ablation_lineage_20260825_094359/low-only/seed_4/task_2_Thiothixene_rediscovery/compare_GuacaMol_20260825_100917/runs/spectralmol/seed_4/case_GuacaMol_20260825_100918/benchmark_runs/2026_08_25_evolution_ga_benchmark_10_09_21/2026_08_25_evolution_ga_Thiothixene_rediscovery/generator_top_molecules_lineage.csv	top-lineage	200	0	100	100
low-only	4	3	Aripiprazole_similarity	PORTABLE_OUTPUT_ROOT/guacamol_frequency_ablation_lineage_20260825_094359/low-only/seed_4/task_3_Aripiprazole_similarity/compare_GuacaMol_20260825_100922/runs/spectralmol/seed_4/case_GuacaMol_20260825_100923/benchmark_runs/2026_08_25_evolution_ga_benchmark_10_09_26/2026_08_25_evolution_ga_Aripiprazole_similarity/generator_top_molecules_lineage.csv	top-lineage	200	0	100	100
low-only	4	4	Albuterol_similarity	PORTABLE_OUTPUT_ROOT/guacamol_frequency_ablation_lineage_20260825_094359/low-only/seed_4/task_4_Albuterol_similarity/compare_GuacaMol_20260825_100928/runs/spectralmol/seed_4/case_GuacaMol_20260825_100928/benchmark_runs/2026_08_25_evolution_ga_benchmark_10_09_31/2026_08_25_evolution_ga_Albuterol_similarity/generator_top_molecules_lineage.csv	top-lineage	200	0	100	100
low-only	4	5	Mestranol_similarity	PORTABLE_OUTPUT_ROOT/guacamol_frequency_ablation_lineage_20260825_094359/low-only/seed_4/task_5_Mestranol_similarity/compare_GuacaMol_20260825_100928/runs/spectralmol/seed_4/case_GuacaMol_20260825_100929/benchmark_runs/2026_08_25_evolution_ga_benchmark_10_09_32/2026_08_25_evolution_ga_Mestranol_similarity/generator_top_molecules_lineage.csv	top-lineage	200	0	100	100
low-only	4	6	C11H24	PORTABLE_OUTPUT_ROOT/guacamol_frequency_ablation_lineage_20260825_094359/low-only/seed_4/task_6_C11H24/compare_GuacaMol_20260825_100938/runs/spectralmol/seed_4/case_GuacaMol_20260825_100938/benchmark_runs/2026_08_25_evolution_ga_benchmark_10_09_42/2026_08_25_evolution_ga_C11H24/generator_top_molecules_lineage.csv	top-lineage	200	0	100	100
low-only	4	7	C9H10N2O2PF2Cl	PORTABLE_OUTPUT_ROOT/guacamol_frequency_ablation_lineage_20260825_094359/low-only/seed_4/task_7_C9H10N2O2PF2Cl/compare_GuacaMol_20260825_100944/runs/spectralmol/seed_4/case_GuacaMol_20260825_100945/benchmark_runs/2026_08_25_evolution_ga_benchmark_10_09_48/2026_08_25_evolution_ga_C9H10N2O2PF2Cl/generator_top_molecules_lineage.csv	top-lineage	199	0	100	100
low-only	4	8	Median_molecules_1	PORTABLE_OUTPUT_ROOT/guacamol_frequency_ablation_lineage_20260825_094359/low-only/seed_4/task_8_Median_molecules_1/compare_GuacaMol_20260825_100947/runs/spectralmol/seed_4/case_GuacaMol_20260825_100947/benchmark_runs/2026_08_25_evolution_ga_benchmark_10_09_50/2026_08_25_evolution_ga_Median_molecules_1/generator_top_molecules_lineage.csv	top-lineage	200	0	100	100
low-only	4	9	Median_molecules_2	PORTABLE_OUTPUT_ROOT/guacamol_frequency_ablation_lineage_20260825_094359/low-only/seed_4/task_9_Median_molecules_2/compare_GuacaMol_20260825_101004/runs/spectralmol/seed_4/case_GuacaMol_20260825_101004/benchmark_runs/2026_08_25_evolution_ga_benchmark_10_10_07/2026_08_25_evolution_ga_Median_molecules_2/generator_top_molecules_lineage.csv	top-lineage	17	0	17	17
low-only	5	0	Celecoxib_rediscovery	PORTABLE_OUTPUT_ROOT/guacamol_frequency_ablation_lineage_20260825_094359/low-only/seed_5/task_0_Celecoxib_rediscovery/compare_GuacaMol_20260825_101106/runs/spectralmol/seed_5/case_GuacaMol_20260825_101106/benchmark_runs/2026_08_25_evolution_ga_benchmark_10_11_09/2026_08_25_evolution_ga_Celecoxib_rediscovery/generator_top_molecules_lineage.csv	top-lineage	200	0	100	100
low-only	5	10	Osimertinib_MPO	PORTABLE_OUTPUT_ROOT/guacamol_frequency_ablation_lineage_20260825_094359/low-only/seed_5/task_10_Osimertinib_MPO/compare_GuacaMol_20260825_101143/runs/spectralmol/seed_5/case_GuacaMol_20260825_101143/benchmark_runs/2026_08_25_evolution_ga_benchmark_10_11_46/2026_08_25_evolution_ga_Osimertinib_MPO/generator_top_molecules_lineage.csv	top-lineage	128	0	100	100
low-only	5	11	Fexofenadine_MPO	PORTABLE_OUTPUT_ROOT/guacamol_frequency_ablation_lineage_20260825_094359/low-only/seed_5/task_11_Fexofenadine_MPO/compare_GuacaMol_20260825_101200/runs/spectralmol/seed_5/case_GuacaMol_20260825_101200/benchmark_runs/2026_08_25_evolution_ga_benchmark_10_12_03/2026_08_25_evolution_ga_Fexofenadine_MPO/generator_top_molecules_lineage.csv	top-lineage	200	0	100	100
low-only	5	12	Ranolazine_MPO	PORTABLE_OUTPUT_ROOT/guacamol_frequency_ablation_lineage_20260825_094359/low-only/seed_5/task_12_Ranolazine_MPO/compare_GuacaMol_20260825_101200/runs/spectralmol/seed_5/case_GuacaMol_20260825_101200/benchmark_runs/2026_08_25_evolution_ga_benchmark_10_12_03/2026_08_25_evolution_ga_Ranolazine_MPO/generator_top_molecules_lineage.csv	top-lineage	196	0	100	100
low-only	5	13	Perindopril_MPO	PORTABLE_OUTPUT_ROOT/guacamol_frequency_ablation_lineage_20260825_094359/low-only/seed_5/task_13_Perindopril_MPO/compare_GuacaMol_20260825_101203/runs/spectralmol/seed_5/case_GuacaMol_20260825_101204/benchmark_runs/2026_08_25_evolution_ga_benchmark_10_12_07/2026_08_25_evolution_ga_Perindopril_MPO/generator_top_molecules_lineage.csv	top-lineage	31	0	31	31
low-only	5	14	Amlodipine_MPO	PORTABLE_OUTPUT_ROOT/guacamol_frequency_ablation_lineage_20260825_094359/low-only/seed_5/task_14_Amlodipine_MPO/compare_GuacaMol_20260825_101207/runs/spectralmol/seed_5/case_GuacaMol_20260825_101207/benchmark_runs/2026_08_25_evolution_ga_benchmark_10_12_10/2026_08_25_evolution_ga_Amlodipine_MPO/generator_top_molecules_lineage.csv	top-lineage	200	0	100	100
low-only	5	15	Sitagliptin_MPO	PORTABLE_OUTPUT_ROOT/guacamol_frequency_ablation_lineage_20260825_094359/low-only/seed_5/task_15_Sitagliptin_MPO/compare_GuacaMol_20260825_101219/runs/spectralmol/seed_5/case_GuacaMol_20260825_101220/benchmark_runs/2026_08_25_evolution_ga_benchmark_10_12_23/2026_08_25_evolution_ga_Sitagliptin_MPO/generator_top_molecules_lineage.csv	top-lineage	198	0	100	100
low-only	5	16	Zaleplon_MPO	PORTABLE_OUTPUT_ROOT/guacamol_frequency_ablation_lineage_20260825_094359/low-only/seed_5/task_16_Zaleplon_MPO/compare_GuacaMol_20260825_101224/runs/spectralmol/seed_5/case_GuacaMol_20260825_101225/benchmark_runs/2026_08_25_evolution_ga_benchmark_10_12_27/2026_08_25_evolution_ga_Zaleplon_MPO/generator_top_molecules_lineage.csv	top-lineage	167	0	100	100
low-only	5	17	Valsartan_smarts	PORTABLE_OUTPUT_ROOT/guacamol_frequency_ablation_lineage_20260825_094359/low-only/seed_5/task_17_Valsartan_smarts/compare_GuacaMol_20260825_101226/runs/spectralmol/seed_5/case_GuacaMol_20260825_101227/benchmark_runs/2026_08_25_evolution_ga_benchmark_10_12_30/2026_08_25_evolution_ga_Valsartan_smarts/generator_top_molecules_lineage.csv	top-lineage	157	0	100	100
low-only	5	18	Deco_hop	PORTABLE_OUTPUT_ROOT/guacamol_frequency_ablation_lineage_20260825_094359/low-only/seed_5/task_18_Deco_hop/compare_GuacaMol_20260825_101229/runs/spectralmol/seed_5/case_GuacaMol_20260825_101230/benchmark_runs/2026_08_25_evolution_ga_benchmark_10_12_33/2026_08_25_evolution_ga_Deco_hop/generator_top_molecules_lineage.csv	top-lineage	47	0	47	47
low-only	5	19	Scaffold_hop	PORTABLE_OUTPUT_ROOT/guacamol_frequency_ablation_lineage_20260825_094359/low-only/seed_5/task_19_Scaffold_hop/compare_GuacaMol_20260825_101232/runs/spectralmol/seed_5/case_GuacaMol_20260825_101233/benchmark_runs/2026_08_25_evolution_ga_benchmark_10_12_36/2026_08_25_evolution_ga_Scaffold_hop/generator_top_molecules_lineage.csv	top-lineage	200	0	100	100
low-only	5	1	Troglitazone_rediscovery	PORTABLE_OUTPUT_ROOT/guacamol_frequency_ablation_lineage_20260825_094359/low-only/seed_5/task_1_Troglitazone_rediscovery/compare_GuacaMol_20260825_101111/runs/spectralmol/seed_5/case_GuacaMol_20260825_101112/benchmark_runs/2026_08_25_evolution_ga_benchmark_10_11_15/2026_08_25_evolution_ga_Troglitazone_rediscovery/generator_top_molecules_lineage.csv	top-lineage	200	0	100	100
low-only	5	2	Thiothixene_rediscovery	PORTABLE_OUTPUT_ROOT/guacamol_frequency_ablation_lineage_20260825_094359/low-only/seed_5/task_2_Thiothixene_rediscovery/compare_GuacaMol_20260825_101111/runs/spectralmol/seed_5/case_GuacaMol_20260825_101112/benchmark_runs/2026_08_25_evolution_ga_benchmark_10_11_15/2026_08_25_evolution_ga_Thiothixene_rediscovery/generator_top_molecules_lineage.csv	top-lineage	20	0	20	20
low-only	5	3	Aripiprazole_similarity	PORTABLE_OUTPUT_ROOT/guacamol_frequency_ablation_lineage_20260825_094359/low-only/seed_5/task_3_Aripiprazole_similarity/compare_GuacaMol_20260825_101115/runs/spectralmol/seed_5/case_GuacaMol_20260825_101117/benchmark_runs/2026_08_25_evolution_ga_benchmark_10_11_25/2026_08_25_evolution_ga_Aripiprazole_similarity/generator_top_molecules_lineage.csv	top-lineage	200	0	100	100
low-only	5	4	Albuterol_similarity	PORTABLE_OUTPUT_ROOT/guacamol_frequency_ablation_lineage_20260825_094359/low-only/seed_5/task_4_Albuterol_similarity/compare_GuacaMol_20260825_101122/runs/spectralmol/seed_5/case_GuacaMol_20260825_101122/benchmark_runs/2026_08_25_evolution_ga_benchmark_10_11_25/2026_08_25_evolution_ga_Albuterol_similarity/generator_top_molecules_lineage.csv	top-lineage	200	0	100	100
low-only	5	5	Mestranol_similarity	PORTABLE_OUTPUT_ROOT/guacamol_frequency_ablation_lineage_20260825_094359/low-only/seed_5/task_5_Mestranol_similarity/compare_GuacaMol_20260825_101126/runs/spectralmol/seed_5/case_GuacaMol_20260825_101127/benchmark_runs/2026_08_25_evolution_ga_benchmark_10_11_30/2026_08_25_evolution_ga_Mestranol_similarity/generator_top_molecules_lineage.csv	top-lineage	200	0	100	100
low-only	5	6	C11H24	PORTABLE_OUTPUT_ROOT/guacamol_frequency_ablation_lineage_20260825_094359/low-only/seed_5/task_6_C11H24/compare_GuacaMol_20260825_101126/runs/spectralmol/seed_5/case_GuacaMol_20260825_101127/benchmark_runs/2026_08_25_evolution_ga_benchmark_10_11_30/2026_08_25_evolution_ga_C11H24/generator_top_molecules_lineage.csv	top-lineage	200	0	100	100
low-only	5	7	C9H10N2O2PF2Cl	PORTABLE_OUTPUT_ROOT/guacamol_frequency_ablation_lineage_20260825_094359/low-only/seed_5/task_7_C9H10N2O2PF2Cl/compare_GuacaMol_20260825_101128/runs/spectralmol/seed_5/case_GuacaMol_20260825_101129/benchmark_runs/2026_08_25_evolution_ga_benchmark_10_11_32/2026_08_25_evolution_ga_C9H10N2O2PF2Cl/generator_top_molecules_lineage.csv	top-lineage	200	0	100	100
low-only	5	8	Median_molecules_1	PORTABLE_OUTPUT_ROOT/guacamol_frequency_ablation_lineage_20260825_094359/low-only/seed_5/task_8_Median_molecules_1/compare_GuacaMol_20260825_101128/runs/spectralmol/seed_5/case_GuacaMol_20260825_101129/benchmark_runs/2026_08_25_evolution_ga_benchmark_10_11_32/2026_08_25_evolution_ga_Median_molecules_1/generator_top_molecules_lineage.csv	top-lineage	200	0	100	100
low-only	5	9	Median_molecules_2	PORTABLE_OUTPUT_ROOT/guacamol_frequency_ablation_lineage_20260825_094359/low-only/seed_5/task_9_Median_molecules_2/compare_GuacaMol_20260825_101137/runs/spectralmol/seed_5/case_GuacaMol_20260825_101138/benchmark_runs/2026_08_25_evolution_ga_benchmark_10_11_41/2026_08_25_evolution_ga_Median_molecules_2/generator_top_molecules_lineage.csv	top-lineage	29	0	29	29
random-matrix	0	0	Celecoxib_rediscovery	PORTABLE_OUTPUT_ROOT/guacamol_frequency_ablation_lineage_20260825_094359/random-matrix/seed_0/task_0_Celecoxib_rediscovery/compare_GuacaMol_20260825_101235/runs/spectralmol/seed_0/case_GuacaMol_20260825_101236/benchmark_runs/2026_08_25_evolution_ga_benchmark_10_12_38/2026_08_25_evolution_ga_Celecoxib_rediscovery/generator_top_molecules_lineage.csv	top-lineage	200	0	100	100
random-matrix	0	10	Osimertinib_MPO	PORTABLE_OUTPUT_ROOT/guacamol_frequency_ablation_lineage_20260825_094359/random-matrix/seed_0/task_10_Osimertinib_MPO/compare_GuacaMol_20260825_101353/runs/spectralmol/seed_0/case_GuacaMol_20260825_101353/benchmark_runs/2026_08_25_evolution_ga_benchmark_10_13_56/2026_08_25_evolution_ga_Osimertinib_MPO/generator_top_molecules_lineage.csv	top-lineage	200	0	100	100
random-matrix	0	11	Fexofenadine_MPO	PORTABLE_OUTPUT_ROOT/guacamol_frequency_ablation_lineage_20260825_094359/random-matrix/seed_0/task_11_Fexofenadine_MPO/compare_GuacaMol_20260825_101359/runs/spectralmol/seed_0/case_GuacaMol_20260825_101359/benchmark_runs/2026_08_25_evolution_ga_benchmark_10_14_02/2026_08_25_evolution_ga_Fexofenadine_MPO/generator_top_molecules_lineage.csv	top-lineage	199	1	100	100
random-matrix	0	12	Ranolazine_MPO	PORTABLE_OUTPUT_ROOT/guacamol_frequency_ablation_lineage_20260825_094359/random-matrix/seed_0/task_12_Ranolazine_MPO/compare_GuacaMol_20260825_101403/runs/spectralmol/seed_0/case_GuacaMol_20260825_101403/benchmark_runs/2026_08_25_evolution_ga_benchmark_10_14_06/2026_08_25_evolution_ga_Ranolazine_MPO/generator_top_molecules_lineage.csv	top-lineage	51	0	51	51
random-matrix	0	13	Perindopril_MPO	PORTABLE_OUTPUT_ROOT/guacamol_frequency_ablation_lineage_20260825_094359/random-matrix/seed_0/task_13_Perindopril_MPO/compare_GuacaMol_20260825_101403/runs/spectralmol/seed_0/case_GuacaMol_20260825_101404/benchmark_runs/2026_08_25_evolution_ga_benchmark_10_14_07/2026_08_25_evolution_ga_Perindopril_MPO/generator_top_molecules_lineage.csv	top-lineage	50	0	50	50
random-matrix	0	14	Amlodipine_MPO	PORTABLE_OUTPUT_ROOT/guacamol_frequency_ablation_lineage_20260825_094359/random-matrix/seed_0/task_14_Amlodipine_MPO/compare_GuacaMol_20260825_101404/runs/spectralmol/seed_0/case_GuacaMol_20260825_101405/benchmark_runs/2026_08_25_evolution_ga_benchmark_10_14_08/2026_08_25_evolution_ga_Amlodipine_MPO/generator_top_molecules_lineage.csv	top-lineage	115	0	100	100
random-matrix	0	15	Sitagliptin_MPO	PORTABLE_OUTPUT_ROOT/guacamol_frequency_ablation_lineage_20260825_094359/random-matrix/seed_0/task_15_Sitagliptin_MPO/compare_GuacaMol_20260825_101407/runs/spectralmol/seed_0/case_GuacaMol_20260825_101407/benchmark_runs/2026_08_25_evolution_ga_benchmark_10_14_11/2026_08_25_evolution_ga_Sitagliptin_MPO/generator_top_molecules_lineage.csv	top-lineage	199	1	100	100
random-matrix	0	16	Zaleplon_MPO	PORTABLE_OUTPUT_ROOT/guacamol_frequency_ablation_lineage_20260825_094359/random-matrix/seed_0/task_16_Zaleplon_MPO/compare_GuacaMol_20260825_101410/runs/spectralmol/seed_0/case_GuacaMol_20260825_101411/benchmark_runs/2026_08_25_evolution_ga_benchmark_10_14_14/2026_08_25_evolution_ga_Zaleplon_MPO/generator_top_molecules_lineage.csv	top-lineage	162	0	100	100
random-matrix	0	17	Valsartan_smarts	PORTABLE_OUTPUT_ROOT/guacamol_frequency_ablation_lineage_20260825_094359/random-matrix/seed_0/task_17_Valsartan_smarts/compare_GuacaMol_20260825_101410/runs/spectralmol/seed_0/case_GuacaMol_20260825_101410/benchmark_runs/2026_08_25_evolution_ga_benchmark_10_14_13/2026_08_25_evolution_ga_Valsartan_smarts/generator_top_molecules_lineage.csv	top-lineage	167	0	100	100
random-matrix	0	18	Deco_hop	PORTABLE_OUTPUT_ROOT/guacamol_frequency_ablation_lineage_20260825_094359/random-matrix/seed_0/task_18_Deco_hop/compare_GuacaMol_20260825_101410/runs/spectralmol/seed_0/case_GuacaMol_20260825_101411/benchmark_runs/2026_08_25_evolution_ga_benchmark_10_14_14/2026_08_25_evolution_ga_Deco_hop/generator_top_molecules_lineage.csv	top-lineage	93	0	93	93
random-matrix	0	19	Scaffold_hop	PORTABLE_OUTPUT_ROOT/guacamol_frequency_ablation_lineage_20260825_094359/random-matrix/seed_0/task_19_Scaffold_hop/compare_GuacaMol_20260825_101416/runs/spectralmol/seed_0/case_GuacaMol_20260825_101416/benchmark_runs/2026_08_25_evolution_ga_benchmark_10_14_19/2026_08_25_evolution_ga_Scaffold_hop/generator_top_molecules_lineage.csv	top-lineage	200	0	100	100
random-matrix	0	1	Troglitazone_rediscovery	PORTABLE_OUTPUT_ROOT/guacamol_frequency_ablation_lineage_20260825_094359/random-matrix/seed_0/task_1_Troglitazone_rediscovery/compare_GuacaMol_20260825_101236/runs/spectralmol/seed_0/case_GuacaMol_20260825_101237/benchmark_runs/2026_08_25_evolution_ga_benchmark_10_12_40/2026_08_25_evolution_ga_Troglitazone_rediscovery/generator_top_molecules_lineage.csv	top-lineage	200	0	100	100
random-matrix	0	2	Thiothixene_rediscovery	PORTABLE_OUTPUT_ROOT/guacamol_frequency_ablation_lineage_20260825_094359/random-matrix/seed_0/task_2_Thiothixene_rediscovery/compare_GuacaMol_20260825_101239/runs/spectralmol/seed_0/case_GuacaMol_20260825_101240/benchmark_runs/2026_08_25_evolution_ga_benchmark_10_12_43/2026_08_25_evolution_ga_Thiothixene_rediscovery/generator_top_molecules_lineage.csv	top-lineage	191	0	100	100
random-matrix	0	3	Aripiprazole_similarity	PORTABLE_OUTPUT_ROOT/guacamol_frequency_ablation_lineage_20260825_094359/random-matrix/seed_0/task_3_Aripiprazole_similarity/compare_GuacaMol_20260825_101248/runs/spectralmol/seed_0/case_GuacaMol_20260825_101248/benchmark_runs/2026_08_25_evolution_ga_benchmark_10_12_51/2026_08_25_evolution_ga_Aripiprazole_similarity/generator_top_molecules_lineage.csv	top-lineage	170	0	100	100
random-matrix	0	4	Albuterol_similarity	PORTABLE_OUTPUT_ROOT/guacamol_frequency_ablation_lineage_20260825_094359/random-matrix/seed_0/task_4_Albuterol_similarity/compare_GuacaMol_20260825_101253/runs/spectralmol/seed_0/case_GuacaMol_20260825_101254/benchmark_runs/2026_08_25_evolution_ga_benchmark_10_12_56/2026_08_25_evolution_ga_Albuterol_similarity/generator_top_molecules_lineage.csv	top-lineage	167	0	100	100
random-matrix	0	5	Mestranol_similarity	PORTABLE_OUTPUT_ROOT/guacamol_frequency_ablation_lineage_20260825_094359/random-matrix/seed_0/task_5_Mestranol_similarity/compare_GuacaMol_20260825_101255/runs/spectralmol/seed_0/case_GuacaMol_20260825_101256/benchmark_runs/2026_08_25_evolution_ga_benchmark_10_12_59/2026_08_25_evolution_ga_Mestranol_similarity/generator_top_molecules_lineage.csv	top-lineage	200	0	100	100
random-matrix	0	6	C11H24	PORTABLE_OUTPUT_ROOT/guacamol_frequency_ablation_lineage_20260825_094359/random-matrix/seed_0/task_6_C11H24/compare_GuacaMol_20260825_101303/runs/spectralmol/seed_0/case_GuacaMol_20260825_101303/benchmark_runs/2026_08_25_evolution_ga_benchmark_10_13_06/2026_08_25_evolution_ga_C11H24/generator_top_molecules_lineage.csv	top-lineage	200	0	100	100
random-matrix	0	7	C9H10N2O2PF2Cl	PORTABLE_OUTPUT_ROOT/guacamol_frequency_ablation_lineage_20260825_094359/random-matrix/seed_0/task_7_C9H10N2O2PF2Cl/compare_GuacaMol_20260825_101335/runs/spectralmol/seed_0/case_GuacaMol_20260825_101336/benchmark_runs/2026_08_25_evolution_ga_benchmark_10_13_39/2026_08_25_evolution_ga_C9H10N2O2PF2Cl/generator_top_molecules_lineage.csv	top-lineage	197	0	100	100
random-matrix	0	8	Median_molecules_1	PORTABLE_OUTPUT_ROOT/guacamol_frequency_ablation_lineage_20260825_094359/random-matrix/seed_0/task_8_Median_molecules_1/compare_GuacaMol_20260825_101340/runs/spectralmol/seed_0/case_GuacaMol_20260825_101341/benchmark_runs/2026_08_25_evolution_ga_benchmark_10_13_44/2026_08_25_evolution_ga_Median_molecules_1/generator_top_molecules_lineage.csv	top-lineage	200	0	100	100
random-matrix	0	9	Median_molecules_2	PORTABLE_OUTPUT_ROOT/guacamol_frequency_ablation_lineage_20260825_094359/random-matrix/seed_0/task_9_Median_molecules_2/compare_GuacaMol_20260825_101342/runs/spectralmol/seed_0/case_GuacaMol_20260825_101342/benchmark_runs/2026_08_25_evolution_ga_benchmark_10_13_45/2026_08_25_evolution_ga_Median_molecules_2/generator_top_molecules_lineage.csv	top-lineage	141	0	100	100
random-matrix	1	0	Celecoxib_rediscovery	PORTABLE_OUTPUT_ROOT/guacamol_frequency_ablation_lineage_20260825_094359/random-matrix/seed_1/task_0_Celecoxib_rediscovery/compare_GuacaMol_20260825_101421/runs/spectralmol/seed_1/case_GuacaMol_20260825_101422/benchmark_runs/2026_08_25_evolution_ga_benchmark_10_14_24/2026_08_25_evolution_ga_Celecoxib_rediscovery/generator_top_molecules_lineage.csv	top-lineage	200	0	100	100
random-matrix	1	10	Osimertinib_MPO	PORTABLE_OUTPUT_ROOT/guacamol_frequency_ablation_lineage_20260825_094359/random-matrix/seed_1/task_10_Osimertinib_MPO/compare_GuacaMol_20260825_101512/runs/spectralmol/seed_1/case_GuacaMol_20260825_101512/benchmark_runs/2026_08_25_evolution_ga_benchmark_10_15_15/2026_08_25_evolution_ga_Osimertinib_MPO/generator_top_molecules_lineage.csv	top-lineage	200	0	100	100
random-matrix	1	11	Fexofenadine_MPO	PORTABLE_OUTPUT_ROOT/guacamol_frequency_ablation_lineage_20260825_094359/random-matrix/seed_1/task_11_Fexofenadine_MPO/compare_GuacaMol_20260825_101525/runs/spectralmol/seed_1/case_GuacaMol_20260825_101525/benchmark_runs/2026_08_25_evolution_ga_benchmark_10_15_28/2026_08_25_evolution_ga_Fexofenadine_MPO/generator_top_molecules_lineage.csv	top-lineage	200	0	100	100
random-matrix	1	12	Ranolazine_MPO	PORTABLE_OUTPUT_ROOT/guacamol_frequency_ablation_lineage_20260825_094359/random-matrix/seed_1/task_12_Ranolazine_MPO/compare_GuacaMol_20260825_101534/runs/spectralmol/seed_1/case_GuacaMol_20260825_101535/benchmark_runs/2026_08_25_evolution_ga_benchmark_10_15_38/2026_08_25_evolution_ga_Ranolazine_MPO/generator_top_molecules_lineage.csv	top-lineage	113	0	100	100
random-matrix	1	13	Perindopril_MPO	PORTABLE_OUTPUT_ROOT/guacamol_frequency_ablation_lineage_20260825_094359/random-matrix/seed_1/task_13_Perindopril_MPO/compare_GuacaMol_20260825_101541/runs/spectralmol/seed_1/case_GuacaMol_20260825_101541/benchmark_runs/2026_08_25_evolution_ga_benchmark_10_15_44/2026_08_25_evolution_ga_Perindopril_MPO/generator_top_molecules_lineage.csv	top-lineage	76	0	76	76
random-matrix	1	14	Amlodipine_MPO	PORTABLE_OUTPUT_ROOT/guacamol_frequency_ablation_lineage_20260825_094359/random-matrix/seed_1/task_14_Amlodipine_MPO/compare_GuacaMol_20260825_101546/runs/spectralmol/seed_1/case_GuacaMol_20260825_101546/benchmark_runs/2026_08_25_evolution_ga_benchmark_10_15_49/2026_08_25_evolution_ga_Amlodipine_MPO/generator_top_molecules_lineage.csv	top-lineage	197	2	100	100
random-matrix	1	15	Sitagliptin_MPO	PORTABLE_OUTPUT_ROOT/guacamol_frequency_ablation_lineage_20260825_094359/random-matrix/seed_1/task_15_Sitagliptin_MPO/compare_GuacaMol_20260825_101552/runs/spectralmol/seed_1/case_GuacaMol_20260825_101552/benchmark_runs/2026_08_25_evolution_ga_benchmark_10_15_55/2026_08_25_evolution_ga_Sitagliptin_MPO/generator_top_molecules_lineage.csv	top-lineage	200	0	100	100
random-matrix	1	16	Zaleplon_MPO	PORTABLE_OUTPUT_ROOT/guacamol_frequency_ablation_lineage_20260825_094359/random-matrix/seed_1/task_16_Zaleplon_MPO/compare_GuacaMol_20260825_101603/runs/spectralmol/seed_1/case_GuacaMol_20260825_101603/benchmark_runs/2026_08_25_evolution_ga_benchmark_10_16_06/2026_08_25_evolution_ga_Zaleplon_MPO/generator_top_molecules_lineage.csv	top-lineage	200	0	100	100
random-matrix	1	17	Valsartan_smarts	PORTABLE_OUTPUT_ROOT/guacamol_frequency_ablation_lineage_20260825_094359/random-matrix/seed_1/task_17_Valsartan_smarts/compare_GuacaMol_20260825_101603/runs/spectralmol/seed_1/case_GuacaMol_20260825_101603/benchmark_runs/2026_08_25_evolution_ga_benchmark_10_16_06/2026_08_25_evolution_ga_Valsartan_smarts/generator_top_molecules_lineage.csv	top-lineage	159	0	100	100
random-matrix	1	18	Deco_hop	PORTABLE_OUTPUT_ROOT/guacamol_frequency_ablation_lineage_20260825_094359/random-matrix/seed_1/task_18_Deco_hop/compare_GuacaMol_20260825_101604/runs/spectralmol/seed_1/case_GuacaMol_20260825_101604/benchmark_runs/2026_08_25_evolution_ga_benchmark_10_16_07/2026_08_25_evolution_ga_Deco_hop/generator_top_molecules_lineage.csv	top-lineage	66	0	66	66
random-matrix	1	19	Scaffold_hop	PORTABLE_OUTPUT_ROOT/guacamol_frequency_ablation_lineage_20260825_094359/random-matrix/seed_1/task_19_Scaffold_hop/compare_GuacaMol_20260825_101603/runs/spectralmol/seed_1/case_GuacaMol_20260825_101604/benchmark_runs/2026_08_25_evolution_ga_benchmark_10_16_06/2026_08_25_evolution_ga_Scaffold_hop/generator_top_molecules_lineage.csv	top-lineage	200	0	100	100
random-matrix	1	1	Troglitazone_rediscovery	PORTABLE_OUTPUT_ROOT/guacamol_frequency_ablation_lineage_20260825_094359/random-matrix/seed_1/task_1_Troglitazone_rediscovery/compare_GuacaMol_20260825_101422/runs/spectralmol/seed_1/case_GuacaMol_20260825_101423/benchmark_runs/2026_08_25_evolution_ga_benchmark_10_14_26/2026_08_25_evolution_ga_Troglitazone_rediscovery/generator_top_molecules_lineage.csv	top-lineage	200	0	100	100
random-matrix	1	2	Thiothixene_rediscovery	PORTABLE_OUTPUT_ROOT/guacamol_frequency_ablation_lineage_20260825_094359/random-matrix/seed_1/task_2_Thiothixene_rediscovery/compare_GuacaMol_20260825_101424/runs/spectralmol/seed_1/case_GuacaMol_20260825_101425/benchmark_runs/2026_08_25_evolution_ga_benchmark_10_14_27/2026_08_25_evolution_ga_Thiothixene_rediscovery/generator_top_molecules_lineage.csv	top-lineage	200	0	100	100
random-matrix	1	3	Aripiprazole_similarity	PORTABLE_OUTPUT_ROOT/guacamol_frequency_ablation_lineage_20260825_094359/random-matrix/seed_1/task_3_Aripiprazole_similarity/compare_GuacaMol_20260825_101438/runs/spectralmol/seed_1/case_GuacaMol_20260825_101438/benchmark_runs/2026_08_25_evolution_ga_benchmark_10_14_41/2026_08_25_evolution_ga_Aripiprazole_similarity/generator_top_molecules_lineage.csv	top-lineage	200	0	100	100
random-matrix	1	4	Albuterol_similarity	PORTABLE_OUTPUT_ROOT/guacamol_frequency_ablation_lineage_20260825_094359/random-matrix/seed_1/task_4_Albuterol_similarity/compare_GuacaMol_20260825_101438/runs/spectralmol/seed_1/case_GuacaMol_20260825_101438/benchmark_runs/2026_08_25_evolution_ga_benchmark_10_14_41/2026_08_25_evolution_ga_Albuterol_similarity/generator_top_molecules_lineage.csv	top-lineage	186	0	100	100
random-matrix	1	5	Mestranol_similarity	PORTABLE_OUTPUT_ROOT/guacamol_frequency_ablation_lineage_20260825_094359/random-matrix/seed_1/task_5_Mestranol_similarity/compare_GuacaMol_20260825_101442/runs/spectralmol/seed_1/case_GuacaMol_20260825_101443/benchmark_runs/2026_08_25_evolution_ga_benchmark_10_14_46/2026_08_25_evolution_ga_Mestranol_similarity/generator_top_molecules_lineage.csv	top-lineage	200	0	100	100
random-matrix	1	6	C11H24	PORTABLE_OUTPUT_ROOT/guacamol_frequency_ablation_lineage_20260825_094359/random-matrix/seed_1/task_6_C11H24/compare_GuacaMol_20260825_101453/runs/spectralmol/seed_1/case_GuacaMol_20260825_101453/benchmark_runs/2026_08_25_evolution_ga_benchmark_10_14_56/2026_08_25_evolution_ga_C11H24/generator_top_molecules_lineage.csv	top-lineage	200	0	100	100
random-matrix	1	7	C9H10N2O2PF2Cl	PORTABLE_OUTPUT_ROOT/guacamol_frequency_ablation_lineage_20260825_094359/random-matrix/seed_1/task_7_C9H10N2O2PF2Cl/compare_GuacaMol_20260825_101458/runs/spectralmol/seed_1/case_GuacaMol_20260825_101459/benchmark_runs/2026_08_25_evolution_ga_benchmark_10_15_02/2026_08_25_evolution_ga_C9H10N2O2PF2Cl/generator_top_molecules_lineage.csv	top-lineage	200	0	100	100
random-matrix	1	8	Median_molecules_1	PORTABLE_OUTPUT_ROOT/guacamol_frequency_ablation_lineage_20260825_094359/random-matrix/seed_1/task_8_Median_molecules_1/compare_GuacaMol_20260825_101458/runs/spectralmol/seed_1/case_GuacaMol_20260825_101458/benchmark_runs/2026_08_25_evolution_ga_benchmark_10_15_01/2026_08_25_evolution_ga_Median_molecules_1/generator_top_molecules_lineage.csv	top-lineage	200	0	100	100
random-matrix	1	9	Median_molecules_2	PORTABLE_OUTPUT_ROOT/guacamol_frequency_ablation_lineage_20260825_094359/random-matrix/seed_1/task_9_Median_molecules_2/compare_GuacaMol_20260825_101508/runs/spectralmol/seed_1/case_GuacaMol_20260825_101509/benchmark_runs/2026_08_25_evolution_ga_benchmark_10_15_12/2026_08_25_evolution_ga_Median_molecules_2/generator_top_molecules_lineage.csv	top-lineage	96	0	96	96
random-matrix	2	0	Celecoxib_rediscovery	PORTABLE_OUTPUT_ROOT/guacamol_frequency_ablation_lineage_20260825_094359/random-matrix/seed_2/task_0_Celecoxib_rediscovery/compare_GuacaMol_20260825_101613/runs/spectralmol/seed_2/case_GuacaMol_20260825_101614/benchmark_runs/2026_08_25_evolution_ga_benchmark_10_16_16/2026_08_25_evolution_ga_Celecoxib_rediscovery/generator_top_molecules_lineage.csv	top-lineage	200	0	100	100
random-matrix	2	10	Osimertinib_MPO	PORTABLE_OUTPUT_ROOT/guacamol_frequency_ablation_lineage_20260825_094359/random-matrix/seed_2/task_10_Osimertinib_MPO/compare_GuacaMol_20260825_101657/runs/spectralmol/seed_2/case_GuacaMol_20260825_101658/benchmark_runs/2026_08_25_evolution_ga_benchmark_10_17_00/2026_08_25_evolution_ga_Osimertinib_MPO/generator_top_molecules_lineage.csv	top-lineage	161	0	100	100
random-matrix	2	11	Fexofenadine_MPO	PORTABLE_OUTPUT_ROOT/guacamol_frequency_ablation_lineage_20260825_094359/random-matrix/seed_2/task_11_Fexofenadine_MPO/compare_GuacaMol_20260825_101700/runs/spectralmol/seed_2/case_GuacaMol_20260825_101700/benchmark_runs/2026_08_25_evolution_ga_benchmark_10_17_03/2026_08_25_evolution_ga_Fexofenadine_MPO/generator_top_molecules_lineage.csv	top-lineage	197	3	100	100
random-matrix	2	12	Ranolazine_MPO	PORTABLE_OUTPUT_ROOT/guacamol_frequency_ablation_lineage_20260825_094359/random-matrix/seed_2/task_12_Ranolazine_MPO/compare_GuacaMol_20260825_101700/runs/spectralmol/seed_2/case_GuacaMol_20260825_101700/benchmark_runs/2026_08_25_evolution_ga_benchmark_10_17_03/2026_08_25_evolution_ga_Ranolazine_MPO/generator_top_molecules_lineage.csv	top-lineage	45	0	45	45
random-matrix	2	13	Perindopril_MPO	PORTABLE_OUTPUT_ROOT/guacamol_frequency_ablation_lineage_20260825_094359/random-matrix/seed_2/task_13_Perindopril_MPO/compare_GuacaMol_20260825_101705/runs/spectralmol/seed_2/case_GuacaMol_20260825_101705/benchmark_runs/2026_08_25_evolution_ga_benchmark_10_17_08/2026_08_25_evolution_ga_Perindopril_MPO/generator_top_molecules_lineage.csv	top-lineage	57	0	57	57
random-matrix	2	14	Amlodipine_MPO	PORTABLE_OUTPUT_ROOT/guacamol_frequency_ablation_lineage_20260825_094359/random-matrix/seed_2/task_14_Amlodipine_MPO/compare_GuacaMol_20260825_101710/runs/spectralmol/seed_2/case_GuacaMol_20260825_101711/benchmark_runs/2026_08_25_evolution_ga_benchmark_10_17_14/2026_08_25_evolution_ga_Amlodipine_MPO/generator_top_molecules_lineage.csv	top-lineage	121	5	100	100
random-matrix	2	15	Sitagliptin_MPO	PORTABLE_OUTPUT_ROOT/guacamol_frequency_ablation_lineage_20260825_094359/random-matrix/seed_2/task_15_Sitagliptin_MPO/compare_GuacaMol_20260825_101710/runs/spectralmol/seed_2/case_GuacaMol_20260825_101710/benchmark_runs/2026_08_25_evolution_ga_benchmark_10_17_13/2026_08_25_evolution_ga_Sitagliptin_MPO/generator_top_molecules_lineage.csv	top-lineage	194	0	100	100
random-matrix	2	16	Zaleplon_MPO	PORTABLE_OUTPUT_ROOT/guacamol_frequency_ablation_lineage_20260825_094359/random-matrix/seed_2/task_16_Zaleplon_MPO/compare_GuacaMol_20260825_101713/runs/spectralmol/seed_2/case_GuacaMol_20260825_101713/benchmark_runs/2026_08_25_evolution_ga_benchmark_10_17_16/2026_08_25_evolution_ga_Zaleplon_MPO/generator_top_molecules_lineage.csv	top-lineage	170	0	100	100
random-matrix	2	17	Valsartan_smarts	PORTABLE_OUTPUT_ROOT/guacamol_frequency_ablation_lineage_20260825_094359/random-matrix/seed_2/task_17_Valsartan_smarts/compare_GuacaMol_20260825_101715/runs/spectralmol/seed_2/case_GuacaMol_20260825_101716/benchmark_runs/2026_08_25_evolution_ga_benchmark_10_17_19/2026_08_25_evolution_ga_Valsartan_smarts/generator_top_molecules_lineage.csv	top-lineage	163	0	100	100
random-matrix	2	18	Deco_hop	PORTABLE_OUTPUT_ROOT/guacamol_frequency_ablation_lineage_20260825_094359/random-matrix/seed_2/task_18_Deco_hop/compare_GuacaMol_20260825_101728/runs/spectralmol/seed_2/case_GuacaMol_20260825_101728/benchmark_runs/2026_08_25_evolution_ga_benchmark_10_17_31/2026_08_25_evolution_ga_Deco_hop/generator_top_molecules_lineage.csv	top-lineage	78	0	78	78
random-matrix	2	19	Scaffold_hop	PORTABLE_OUTPUT_ROOT/guacamol_frequency_ablation_lineage_20260825_094359/random-matrix/seed_2/task_19_Scaffold_hop/compare_GuacaMol_20260825_101728/runs/spectralmol/seed_2/case_GuacaMol_20260825_101728/benchmark_runs/2026_08_25_evolution_ga_benchmark_10_17_30/2026_08_25_evolution_ga_Scaffold_hop/generator_top_molecules_lineage.csv	top-lineage	200	0	100	100
random-matrix	2	1	Troglitazone_rediscovery	PORTABLE_OUTPUT_ROOT/guacamol_frequency_ablation_lineage_20260825_094359/random-matrix/seed_2/task_1_Troglitazone_rediscovery/compare_GuacaMol_20260825_101622/runs/spectralmol/seed_2/case_GuacaMol_20260825_101623/benchmark_runs/2026_08_25_evolution_ga_benchmark_10_16_25/2026_08_25_evolution_ga_Troglitazone_rediscovery/generator_top_molecules_lineage.csv	top-lineage	200	0	100	100
random-matrix	2	2	Thiothixene_rediscovery	PORTABLE_OUTPUT_ROOT/guacamol_frequency_ablation_lineage_20260825_094359/random-matrix/seed_2/task_2_Thiothixene_rediscovery/compare_GuacaMol_20260825_101625/runs/spectralmol/seed_2/case_GuacaMol_20260825_101625/benchmark_runs/2026_08_25_evolution_ga_benchmark_10_16_28/2026_08_25_evolution_ga_Thiothixene_rediscovery/generator_top_molecules_lineage.csv	top-lineage	200	0	100	100
random-matrix	2	3	Aripiprazole_similarity	PORTABLE_OUTPUT_ROOT/guacamol_frequency_ablation_lineage_20260825_094359/random-matrix/seed_2/task_3_Aripiprazole_similarity/compare_GuacaMol_20260825_101628/runs/spectralmol/seed_2/case_GuacaMol_20260825_101628/benchmark_runs/2026_08_25_evolution_ga_benchmark_10_16_31/2026_08_25_evolution_ga_Aripiprazole_similarity/generator_top_molecules_lineage.csv	top-lineage	200	0	100	100
random-matrix	2	4	Albuterol_similarity	PORTABLE_OUTPUT_ROOT/guacamol_frequency_ablation_lineage_20260825_094359/random-matrix/seed_2/task_4_Albuterol_similarity/compare_GuacaMol_20260825_101631/runs/spectralmol/seed_2/case_GuacaMol_20260825_101632/benchmark_runs/2026_08_25_evolution_ga_benchmark_10_16_35/2026_08_25_evolution_ga_Albuterol_similarity/generator_top_molecules_lineage.csv	top-lineage	194	0	100	100
random-matrix	2	5	Mestranol_similarity	PORTABLE_OUTPUT_ROOT/guacamol_frequency_ablation_lineage_20260825_094359/random-matrix/seed_2/task_5_Mestranol_similarity/compare_GuacaMol_20260825_101637/runs/spectralmol/seed_2/case_GuacaMol_20260825_101639/benchmark_runs/2026_08_25_evolution_ga_benchmark_10_16_49/2026_08_25_evolution_ga_Mestranol_similarity/generator_top_molecules_lineage.csv	top-lineage	200	0	100	100
random-matrix	2	6	C11H24	PORTABLE_OUTPUT_ROOT/guacamol_frequency_ablation_lineage_20260825_094359/random-matrix/seed_2/task_6_C11H24/compare_GuacaMol_20260825_101638/runs/spectralmol/seed_2/case_GuacaMol_20260825_101638/benchmark_runs/2026_08_25_evolution_ga_benchmark_10_16_41/2026_08_25_evolution_ga_C11H24/generator_top_molecules_lineage.csv	top-lineage	200	0	100	100
random-matrix	2	7	C9H10N2O2PF2Cl	PORTABLE_OUTPUT_ROOT/guacamol_frequency_ablation_lineage_20260825_094359/random-matrix/seed_2/task_7_C9H10N2O2PF2Cl/compare_GuacaMol_20260825_101638/runs/spectralmol/seed_2/case_GuacaMol_20260825_101638/benchmark_runs/2026_08_25_evolution_ga_benchmark_10_16_41/2026_08_25_evolution_ga_C9H10N2O2PF2Cl/generator_top_molecules_lineage.csv	top-lineage	199	0	100	100
random-matrix	2	8	Median_molecules_1	PORTABLE_OUTPUT_ROOT/guacamol_frequency_ablation_lineage_20260825_094359/random-matrix/seed_2/task_8_Median_molecules_1/compare_GuacaMol_20260825_101643/runs/spectralmol/seed_2/case_GuacaMol_20260825_101644/benchmark_runs/2026_08_25_evolution_ga_benchmark_10_16_48/2026_08_25_evolution_ga_Median_molecules_1/generator_top_molecules_lineage.csv	top-lineage	200	0	100	100
random-matrix	2	9	Median_molecules_2	PORTABLE_OUTPUT_ROOT/guacamol_frequency_ablation_lineage_20260825_094359/random-matrix/seed_2/task_9_Median_molecules_2/compare_GuacaMol_20260825_101646/runs/spectralmol/seed_2/case_GuacaMol_20260825_101647/benchmark_runs/2026_08_25_evolution_ga_benchmark_10_16_49/2026_08_25_evolution_ga_Median_molecules_2/generator_top_molecules_lineage.csv	top-lineage	126	0	100	100
random-matrix	3	0	Celecoxib_rediscovery	PORTABLE_OUTPUT_ROOT/guacamol_frequency_ablation_lineage_20260825_094359/random-matrix/seed_3/task_0_Celecoxib_rediscovery/compare_GuacaMol_20260825_101730/runs/spectralmol/seed_3/case_GuacaMol_20260825_101731/benchmark_runs/2026_08_25_evolution_ga_benchmark_10_17_33/2026_08_25_evolution_ga_Celecoxib_rediscovery/generator_top_molecules_lineage.csv	top-lineage	200	0	100	100
random-matrix	3	10	Osimertinib_MPO	PORTABLE_OUTPUT_ROOT/guacamol_frequency_ablation_lineage_20260825_094359/random-matrix/seed_3/task_10_Osimertinib_MPO/compare_GuacaMol_20260825_101859/runs/spectralmol/seed_3/case_GuacaMol_20260825_101900/benchmark_runs/2026_08_25_evolution_ga_benchmark_10_19_03/2026_08_25_evolution_ga_Osimertinib_MPO/generator_top_molecules_lineage.csv	top-lineage	108	0	100	100
random-matrix	3	11	Fexofenadine_MPO	PORTABLE_OUTPUT_ROOT/guacamol_frequency_ablation_lineage_20260825_094359/random-matrix/seed_3/task_11_Fexofenadine_MPO/compare_GuacaMol_20260825_101901/runs/spectralmol/seed_3/case_GuacaMol_20260825_101902/benchmark_runs/2026_08_25_evolution_ga_benchmark_10_19_04/2026_08_25_evolution_ga_Fexofenadine_MPO/generator_top_molecules_lineage.csv	top-lineage	199	1	100	100
random-matrix	3	12	Ranolazine_MPO	PORTABLE_OUTPUT_ROOT/guacamol_frequency_ablation_lineage_20260825_094359/random-matrix/seed_3/task_12_Ranolazine_MPO/compare_GuacaMol_20260825_101904/runs/spectralmol/seed_3/case_GuacaMol_20260825_101905/benchmark_runs/2026_08_25_evolution_ga_benchmark_10_19_08/2026_08_25_evolution_ga_Ranolazine_MPO/generator_top_molecules_lineage.csv	top-lineage	38	0	38	38
random-matrix	3	13	Perindopril_MPO	PORTABLE_OUTPUT_ROOT/guacamol_frequency_ablation_lineage_20260825_094359/random-matrix/seed_3/task_13_Perindopril_MPO/compare_GuacaMol_20260825_101904/runs/spectralmol/seed_3/case_GuacaMol_20260825_101904/benchmark_runs/2026_08_25_evolution_ga_benchmark_10_19_07/2026_08_25_evolution_ga_Perindopril_MPO/generator_top_molecules_lineage.csv	top-lineage	94	0	94	94
random-matrix	3	14	Amlodipine_MPO	PORTABLE_OUTPUT_ROOT/guacamol_frequency_ablation_lineage_20260825_094359/random-matrix/seed_3/task_14_Amlodipine_MPO/compare_GuacaMol_20260825_101904/runs/spectralmol/seed_3/case_GuacaMol_20260825_101904/benchmark_runs/2026_08_25_evolution_ga_benchmark_10_19_07/2026_08_25_evolution_ga_Amlodipine_MPO/generator_top_molecules_lineage.csv	top-lineage	200	0	100	100
random-matrix	3	15	Sitagliptin_MPO	PORTABLE_OUTPUT_ROOT/guacamol_frequency_ablation_lineage_20260825_094359/random-matrix/seed_3/task_15_Sitagliptin_MPO/compare_GuacaMol_20260825_101910/runs/spectralmol/seed_3/case_GuacaMol_20260825_101910/benchmark_runs/2026_08_25_evolution_ga_benchmark_10_19_13/2026_08_25_evolution_ga_Sitagliptin_MPO/generator_top_molecules_lineage.csv	top-lineage	198	0	100	100
random-matrix	3	16	Zaleplon_MPO	PORTABLE_OUTPUT_ROOT/guacamol_frequency_ablation_lineage_20260825_094359/random-matrix/seed_3/task_16_Zaleplon_MPO/compare_GuacaMol_20260825_101914/runs/spectralmol/seed_3/case_GuacaMol_20260825_101915/benchmark_runs/2026_08_25_evolution_ga_benchmark_10_19_18/2026_08_25_evolution_ga_Zaleplon_MPO/generator_top_molecules_lineage.csv	top-lineage	200	0	100	100
random-matrix	3	17	Valsartan_smarts	PORTABLE_OUTPUT_ROOT/guacamol_frequency_ablation_lineage_20260825_094359/random-matrix/seed_3/task_17_Valsartan_smarts/compare_GuacaMol_20260825_101922/runs/spectralmol/seed_3/case_GuacaMol_20260825_101922/benchmark_runs/2026_08_25_evolution_ga_benchmark_10_19_25/2026_08_25_evolution_ga_Valsartan_smarts/generator_top_molecules_lineage.csv	top-lineage	162	0	100	100
random-matrix	3	18	Deco_hop	PORTABLE_OUTPUT_ROOT/guacamol_frequency_ablation_lineage_20260825_094359/random-matrix/seed_3/task_18_Deco_hop/compare_GuacaMol_20260825_101922/runs/spectralmol/seed_3/case_GuacaMol_20260825_101923/benchmark_runs/2026_08_25_evolution_ga_benchmark_10_19_26/2026_08_25_evolution_ga_Deco_hop/generator_top_molecules_lineage.csv	top-lineage	74	0	74	74
random-matrix	3	19	Scaffold_hop	PORTABLE_OUTPUT_ROOT/guacamol_frequency_ablation_lineage_20260825_094359/random-matrix/seed_3/task_19_Scaffold_hop/compare_GuacaMol_20260825_101928/runs/spectralmol/seed_3/case_GuacaMol_20260825_101928/benchmark_runs/2026_08_25_evolution_ga_benchmark_10_19_31/2026_08_25_evolution_ga_Scaffold_hop/generator_top_molecules_lineage.csv	top-lineage	200	0	100	100
random-matrix	3	1	Troglitazone_rediscovery	PORTABLE_OUTPUT_ROOT/guacamol_frequency_ablation_lineage_20260825_094359/random-matrix/seed_3/task_1_Troglitazone_rediscovery/compare_GuacaMol_20260825_101737/runs/spectralmol/seed_3/case_GuacaMol_20260825_101737/benchmark_runs/2026_08_25_evolution_ga_benchmark_10_17_40/2026_08_25_evolution_ga_Troglitazone_rediscovery/generator_top_molecules_lineage.csv	top-lineage	194	0	100	100
random-matrix	3	2	Thiothixene_rediscovery	PORTABLE_OUTPUT_ROOT/guacamol_frequency_ablation_lineage_20260825_094359/random-matrix/seed_3/task_2_Thiothixene_rediscovery/compare_GuacaMol_20260825_101743/runs/spectralmol/seed_3/case_GuacaMol_20260825_101743/benchmark_runs/2026_08_25_evolution_ga_benchmark_10_17_46/2026_08_25_evolution_ga_Thiothixene_rediscovery/generator_top_molecules_lineage.csv	top-lineage	200	0	100	100
random-matrix	3	3	Aripiprazole_similarity	PORTABLE_OUTPUT_ROOT/guacamol_frequency_ablation_lineage_20260825_094359/random-matrix/seed_3/task_3_Aripiprazole_similarity/compare_GuacaMol_20260825_101752/runs/spectralmol/seed_3/case_GuacaMol_20260825_101752/benchmark_runs/2026_08_25_evolution_ga_benchmark_10_17_55/2026_08_25_evolution_ga_Aripiprazole_similarity/generator_top_molecules_lineage.csv	top-lineage	200	0	100	100
random-matrix	3	4	Albuterol_similarity	PORTABLE_OUTPUT_ROOT/guacamol_frequency_ablation_lineage_20260825_094359/random-matrix/seed_3/task_4_Albuterol_similarity/compare_GuacaMol_20260825_101751/runs/spectralmol/seed_3/case_GuacaMol_20260825_101752/benchmark_runs/2026_08_25_evolution_ga_benchmark_10_17_55/2026_08_25_evolution_ga_Albuterol_similarity/generator_top_molecules_lineage.csv	top-lineage	174	0	100	100
random-matrix	3	5	Mestranol_similarity	PORTABLE_OUTPUT_ROOT/guacamol_frequency_ablation_lineage_20260825_094359/random-matrix/seed_3/task_5_Mestranol_similarity/compare_GuacaMol_20260825_101755/runs/spectralmol/seed_3/case_GuacaMol_20260825_101755/benchmark_runs/2026_08_25_evolution_ga_benchmark_10_17_58/2026_08_25_evolution_ga_Mestranol_similarity/generator_top_molecules_lineage.csv	top-lineage	200	0	100	100
random-matrix	3	6	C11H24	PORTABLE_OUTPUT_ROOT/guacamol_frequency_ablation_lineage_20260825_094359/random-matrix/seed_3/task_6_C11H24/compare_GuacaMol_20260825_101801/runs/spectralmol/seed_3/case_GuacaMol_20260825_101801/benchmark_runs/2026_08_25_evolution_ga_benchmark_10_18_04/2026_08_25_evolution_ga_C11H24/generator_top_molecules_lineage.csv	top-lineage	200	0	100	100
random-matrix	3	7	C9H10N2O2PF2Cl	PORTABLE_OUTPUT_ROOT/guacamol_frequency_ablation_lineage_20260825_094359/random-matrix/seed_3/task_7_C9H10N2O2PF2Cl/compare_GuacaMol_20260825_101813/runs/spectralmol/seed_3/case_GuacaMol_20260825_101813/benchmark_runs/2026_08_25_evolution_ga_benchmark_10_18_16/2026_08_25_evolution_ga_C9H10N2O2PF2Cl/generator_top_molecules_lineage.csv	top-lineage	200	0	100	100
random-matrix	3	8	Median_molecules_1	PORTABLE_OUTPUT_ROOT/guacamol_frequency_ablation_lineage_20260825_094359/random-matrix/seed_3/task_8_Median_molecules_1/compare_GuacaMol_20260825_101816/runs/spectralmol/seed_3/case_GuacaMol_20260825_101816/benchmark_runs/2026_08_25_evolution_ga_benchmark_10_18_19/2026_08_25_evolution_ga_Median_molecules_1/generator_top_molecules_lineage.csv	top-lineage	200	0	100	100
random-matrix	3	9	Median_molecules_2	PORTABLE_OUTPUT_ROOT/guacamol_frequency_ablation_lineage_20260825_094359/random-matrix/seed_3/task_9_Median_molecules_2/compare_GuacaMol_20260825_101828/runs/spectralmol/seed_3/case_GuacaMol_20260825_101829/benchmark_runs/2026_08_25_evolution_ga_benchmark_10_18_32/2026_08_25_evolution_ga_Median_molecules_2/generator_top_molecules_lineage.csv	top-lineage	103	0	100	100
random-matrix	4	0	Celecoxib_rediscovery	PORTABLE_OUTPUT_ROOT/guacamol_frequency_ablation_lineage_20260825_094359/random-matrix/seed_4/task_0_Celecoxib_rediscovery/compare_GuacaMol_20260825_101928/runs/spectralmol/seed_4/case_GuacaMol_20260825_101928/benchmark_runs/2026_08_25_evolution_ga_benchmark_10_19_31/2026_08_25_evolution_ga_Celecoxib_rediscovery/generator_top_molecules_lineage.csv	top-lineage	200	0	100	100
random-matrix	4	10	Osimertinib_MPO	PORTABLE_OUTPUT_ROOT/guacamol_frequency_ablation_lineage_20260825_094359/random-matrix/seed_4/task_10_Osimertinib_MPO/compare_GuacaMol_20260825_102028/runs/spectralmol/seed_4/case_GuacaMol_20260825_102028/benchmark_runs/2026_08_25_evolution_ga_benchmark_10_20_31/2026_08_25_evolution_ga_Osimertinib_MPO/generator_top_molecules_lineage.csv	top-lineage	132	0	100	100
random-matrix	4	11	Fexofenadine_MPO	PORTABLE_OUTPUT_ROOT/guacamol_frequency_ablation_lineage_20260825_094359/random-matrix/seed_4/task_11_Fexofenadine_MPO/compare_GuacaMol_20260825_102031/runs/spectralmol/seed_4/case_GuacaMol_20260825_102031/benchmark_runs/2026_08_25_evolution_ga_benchmark_10_20_34/2026_08_25_evolution_ga_Fexofenadine_MPO/generator_top_molecules_lineage.csv	top-lineage	199	1	100	100
random-matrix	4	12	Ranolazine_MPO	PORTABLE_OUTPUT_ROOT/guacamol_frequency_ablation_lineage_20260825_094359/random-matrix/seed_4/task_12_Ranolazine_MPO/compare_GuacaMol_20260825_102037/runs/spectralmol/seed_4/case_GuacaMol_20260825_102037/benchmark_runs/2026_08_25_evolution_ga_benchmark_10_20_40/2026_08_25_evolution_ga_Ranolazine_MPO/generator_top_molecules_lineage.csv	top-lineage	37	0	37	37
random-matrix	4	13	Perindopril_MPO	PORTABLE_OUTPUT_ROOT/guacamol_frequency_ablation_lineage_20260825_094359/random-matrix/seed_4/task_13_Perindopril_MPO/compare_GuacaMol_20260825_102037/runs/spectralmol/seed_4/case_GuacaMol_20260825_102037/benchmark_runs/2026_08_25_evolution_ga_benchmark_10_20_40/2026_08_25_evolution_ga_Perindopril_MPO/generator_top_molecules_lineage.csv	top-lineage	42	0	42	42
random-matrix	4	14	Amlodipine_MPO	PORTABLE_OUTPUT_ROOT/guacamol_frequency_ablation_lineage_20260825_094359/random-matrix/seed_4/task_14_Amlodipine_MPO/compare_GuacaMol_20260825_102037/runs/spectralmol/seed_4/case_GuacaMol_20260825_102037/benchmark_runs/2026_08_25_evolution_ga_benchmark_10_20_40/2026_08_25_evolution_ga_Amlodipine_MPO/generator_top_molecules_lineage.csv	top-lineage	197	0	100	100
random-matrix	4	15	Sitagliptin_MPO	PORTABLE_OUTPUT_ROOT/guacamol_frequency_ablation_lineage_20260825_094359/random-matrix/seed_4/task_15_Sitagliptin_MPO/compare_GuacaMol_20260825_102037/runs/spectralmol/seed_4/case_GuacaMol_20260825_102037/benchmark_runs/2026_08_25_evolution_ga_benchmark_10_20_40/2026_08_25_evolution_ga_Sitagliptin_MPO/generator_top_molecules_lineage.csv	top-lineage	126	17	100	100
random-matrix	4	16	Zaleplon_MPO	PORTABLE_OUTPUT_ROOT/guacamol_frequency_ablation_lineage_20260825_094359/random-matrix/seed_4/task_16_Zaleplon_MPO/compare_GuacaMol_20260825_102040/runs/spectralmol/seed_4/case_GuacaMol_20260825_102040/benchmark_runs/2026_08_25_evolution_ga_benchmark_10_20_43/2026_08_25_evolution_ga_Zaleplon_MPO/generator_top_molecules_lineage.csv	top-lineage	172	0	100	100
random-matrix	4	17	Valsartan_smarts	PORTABLE_OUTPUT_ROOT/guacamol_frequency_ablation_lineage_20260825_094359/random-matrix/seed_4/task_17_Valsartan_smarts/compare_GuacaMol_20260825_102039/runs/spectralmol/seed_4/case_GuacaMol_20260825_102040/benchmark_runs/2026_08_25_evolution_ga_benchmark_10_20_42/2026_08_25_evolution_ga_Valsartan_smarts/generator_top_molecules_lineage.csv	top-lineage	174	0	100	100
random-matrix	4	18	Deco_hop	PORTABLE_OUTPUT_ROOT/guacamol_frequency_ablation_lineage_20260825_094359/random-matrix/seed_4/task_18_Deco_hop/compare_GuacaMol_20260825_102043/runs/spectralmol/seed_4/case_GuacaMol_20260825_102044/benchmark_runs/2026_08_25_evolution_ga_benchmark_10_20_47/2026_08_25_evolution_ga_Deco_hop/generator_top_molecules_lineage.csv	top-lineage	171	0	100	100
random-matrix	4	19	Scaffold_hop	PORTABLE_OUTPUT_ROOT/guacamol_frequency_ablation_lineage_20260825_094359/random-matrix/seed_4/task_19_Scaffold_hop/compare_GuacaMol_20260825_102047/runs/spectralmol/seed_4/case_GuacaMol_20260825_102047/benchmark_runs/2026_08_25_evolution_ga_benchmark_10_20_50/2026_08_25_evolution_ga_Scaffold_hop/generator_top_molecules_lineage.csv	top-lineage	188	0	100	100
random-matrix	4	1	Troglitazone_rediscovery	PORTABLE_OUTPUT_ROOT/guacamol_frequency_ablation_lineage_20260825_094359/random-matrix/seed_4/task_1_Troglitazone_rediscovery/compare_GuacaMol_20260825_101932/runs/spectralmol/seed_4/case_GuacaMol_20260825_101933/benchmark_runs/2026_08_25_evolution_ga_benchmark_10_19_36/2026_08_25_evolution_ga_Troglitazone_rediscovery/generator_top_molecules_lineage.csv	top-lineage	200	0	100	100
random-matrix	4	2	Thiothixene_rediscovery	PORTABLE_OUTPUT_ROOT/guacamol_frequency_ablation_lineage_20260825_094359/random-matrix/seed_4/task_2_Thiothixene_rediscovery/compare_GuacaMol_20260825_101943/runs/spectralmol/seed_4/case_GuacaMol_20260825_101944/benchmark_runs/2026_08_25_evolution_ga_benchmark_10_19_47/2026_08_25_evolution_ga_Thiothixene_rediscovery/generator_top_molecules_lineage.csv	top-lineage	200	0	100	100
random-matrix	4	3	Aripiprazole_similarity	PORTABLE_OUTPUT_ROOT/guacamol_frequency_ablation_lineage_20260825_094359/random-matrix/seed_4/task_3_Aripiprazole_similarity/compare_GuacaMol_20260825_101946/runs/spectralmol/seed_4/case_GuacaMol_20260825_101947/benchmark_runs/2026_08_25_evolution_ga_benchmark_10_19_50/2026_08_25_evolution_ga_Aripiprazole_similarity/generator_top_molecules_lineage.csv	top-lineage	200	0	100	100
random-matrix	4	4	Albuterol_similarity	PORTABLE_OUTPUT_ROOT/guacamol_frequency_ablation_lineage_20260825_094359/random-matrix/seed_4/task_4_Albuterol_similarity/compare_GuacaMol_20260825_101952/runs/spectralmol/seed_4/case_GuacaMol_20260825_101953/benchmark_runs/2026_08_25_evolution_ga_benchmark_10_19_56/2026_08_25_evolution_ga_Albuterol_similarity/generator_top_molecules_lineage.csv	top-lineage	197	0	100	100
random-matrix	4	5	Mestranol_similarity	PORTABLE_OUTPUT_ROOT/guacamol_frequency_ablation_lineage_20260825_094359/random-matrix/seed_4/task_5_Mestranol_similarity/compare_GuacaMol_20260825_101952/runs/spectralmol/seed_4/case_GuacaMol_20260825_101953/benchmark_runs/2026_08_25_evolution_ga_benchmark_10_19_56/2026_08_25_evolution_ga_Mestranol_similarity/generator_top_molecules_lineage.csv	top-lineage	200	0	100	100
random-matrix	4	6	C11H24	PORTABLE_OUTPUT_ROOT/guacamol_frequency_ablation_lineage_20260825_094359/random-matrix/seed_4/task_6_C11H24/compare_GuacaMol_20260825_102010/runs/spectralmol/seed_4/case_GuacaMol_20260825_102011/benchmark_runs/2026_08_25_evolution_ga_benchmark_10_20_14/2026_08_25_evolution_ga_C11H24/generator_top_molecules_lineage.csv	top-lineage	200	0	100	100
random-matrix	4	7	C9H10N2O2PF2Cl	PORTABLE_OUTPUT_ROOT/guacamol_frequency_ablation_lineage_20260825_094359/random-matrix/seed_4/task_7_C9H10N2O2PF2Cl/compare_GuacaMol_20260825_102010/runs/spectralmol/seed_4/case_GuacaMol_20260825_102010/benchmark_runs/2026_08_25_evolution_ga_benchmark_10_20_13/2026_08_25_evolution_ga_C9H10N2O2PF2Cl/generator_top_molecules_lineage.csv	top-lineage	199	0	100	100
random-matrix	4	8	Median_molecules_1	PORTABLE_OUTPUT_ROOT/guacamol_frequency_ablation_lineage_20260825_094359/random-matrix/seed_4/task_8_Median_molecules_1/compare_GuacaMol_20260825_102010/runs/spectralmol/seed_4/case_GuacaMol_20260825_102011/benchmark_runs/2026_08_25_evolution_ga_benchmark_10_20_13/2026_08_25_evolution_ga_Median_molecules_1/generator_top_molecules_lineage.csv	top-lineage	200	0	100	100
random-matrix	4	9	Median_molecules_2	PORTABLE_OUTPUT_ROOT/guacamol_frequency_ablation_lineage_20260825_094359/random-matrix/seed_4/task_9_Median_molecules_2/compare_GuacaMol_20260825_102022/runs/spectralmol/seed_4/case_GuacaMol_20260825_102022/benchmark_runs/2026_08_25_evolution_ga_benchmark_10_20_25/2026_08_25_evolution_ga_Median_molecules_2/generator_top_molecules_lineage.csv	top-lineage	152	0	100	100
random-matrix	5	0	Celecoxib_rediscovery	PORTABLE_OUTPUT_ROOT/guacamol_frequency_ablation_lineage_20260825_094359/random-matrix/seed_5/task_0_Celecoxib_rediscovery/compare_GuacaMol_20260825_102055/runs/spectralmol/seed_5/case_GuacaMol_20260825_102056/benchmark_runs/2026_08_25_evolution_ga_benchmark_10_20_59/2026_08_25_evolution_ga_Celecoxib_rediscovery/generator_top_molecules_lineage.csv	top-lineage	200	0	100	100
random-matrix	5	10	Osimertinib_MPO	PORTABLE_OUTPUT_ROOT/guacamol_frequency_ablation_lineage_20260825_094359/random-matrix/seed_5/task_10_Osimertinib_MPO/compare_GuacaMol_20260825_102213/runs/spectralmol/seed_5/case_GuacaMol_20260825_102214/benchmark_runs/2026_08_25_evolution_ga_benchmark_10_22_18/2026_08_25_evolution_ga_Osimertinib_MPO/generator_top_molecules_lineage.csv	top-lineage	150	0	100	100
random-matrix	5	11	Fexofenadine_MPO	PORTABLE_OUTPUT_ROOT/guacamol_frequency_ablation_lineage_20260825_094359/random-matrix/seed_5/task_11_Fexofenadine_MPO/compare_GuacaMol_20260825_102225/runs/spectralmol/seed_5/case_GuacaMol_20260825_102226/benchmark_runs/2026_08_25_evolution_ga_benchmark_10_22_28/2026_08_25_evolution_ga_Fexofenadine_MPO/generator_top_molecules_lineage.csv	top-lineage	199	1	100	100
random-matrix	5	12	Ranolazine_MPO	PORTABLE_OUTPUT_ROOT/guacamol_frequency_ablation_lineage_20260825_094359/random-matrix/seed_5/task_12_Ranolazine_MPO/compare_GuacaMol_20260825_102231/runs/spectralmol/seed_5/case_GuacaMol_20260825_102232/benchmark_runs/2026_08_25_evolution_ga_benchmark_10_22_35/2026_08_25_evolution_ga_Ranolazine_MPO/generator_top_molecules_lineage.csv	top-lineage	38	0	38	38
random-matrix	5	13	Perindopril_MPO	PORTABLE_OUTPUT_ROOT/guacamol_frequency_ablation_lineage_20260825_094359/random-matrix/seed_5/task_13_Perindopril_MPO/compare_GuacaMol_20260825_102234/runs/spectralmol/seed_5/case_GuacaMol_20260825_102234/benchmark_runs/2026_08_25_evolution_ga_benchmark_10_22_37/2026_08_25_evolution_ga_Perindopril_MPO/generator_top_molecules_lineage.csv	top-lineage	80	0	80	80
random-matrix	5	14	Amlodipine_MPO	PORTABLE_OUTPUT_ROOT/guacamol_frequency_ablation_lineage_20260825_094359/random-matrix/seed_5/task_14_Amlodipine_MPO/compare_GuacaMol_20260825_102234/runs/spectralmol/seed_5/case_GuacaMol_20260825_102234/benchmark_runs/2026_08_25_evolution_ga_benchmark_10_22_37/2026_08_25_evolution_ga_Amlodipine_MPO/generator_top_molecules_lineage.csv	top-lineage	103	7	100	100
random-matrix	5	15	Sitagliptin_MPO	PORTABLE_OUTPUT_ROOT/guacamol_frequency_ablation_lineage_20260825_094359/random-matrix/seed_5/task_15_Sitagliptin_MPO/compare_GuacaMol_20260825_102237/runs/spectralmol/seed_5/case_GuacaMol_20260825_102237/benchmark_runs/2026_08_25_evolution_ga_benchmark_10_22_40/2026_08_25_evolution_ga_Sitagliptin_MPO/generator_top_molecules_lineage.csv	top-lineage	196	0	100	100
random-matrix	5	16	Zaleplon_MPO	PORTABLE_OUTPUT_ROOT/guacamol_frequency_ablation_lineage_20260825_094359/random-matrix/seed_5/task_16_Zaleplon_MPO/compare_GuacaMol_20260825_102240/runs/spectralmol/seed_5/case_GuacaMol_20260825_102241/benchmark_runs/2026_08_25_evolution_ga_benchmark_10_22_44/2026_08_25_evolution_ga_Zaleplon_MPO/generator_top_molecules_lineage.csv	top-lineage	198	0	100	100
random-matrix	5	17	Valsartan_smarts	PORTABLE_OUTPUT_ROOT/guacamol_frequency_ablation_lineage_20260825_094359/random-matrix/seed_5/task_17_Valsartan_smarts/compare_GuacaMol_20260825_102243/runs/spectralmol/seed_5/case_GuacaMol_20260825_102244/benchmark_runs/2026_08_25_evolution_ga_benchmark_10_22_47/2026_08_25_evolution_ga_Valsartan_smarts/generator_top_molecules_lineage.csv	top-lineage	145	0	100	100
random-matrix	5	18	Deco_hop	PORTABLE_OUTPUT_ROOT/guacamol_frequency_ablation_lineage_20260825_094359/random-matrix/seed_5/task_18_Deco_hop/compare_GuacaMol_20260825_102247/runs/spectralmol/seed_5/case_GuacaMol_20260825_102248/benchmark_runs/2026_08_25_evolution_ga_benchmark_10_22_52/2026_08_25_evolution_ga_Deco_hop/generator_top_molecules_lineage.csv	top-lineage	52	0	52	52
random-matrix	5	19	Scaffold_hop	PORTABLE_OUTPUT_ROOT/guacamol_frequency_ablation_lineage_20260825_094359/random-matrix/seed_5/task_19_Scaffold_hop/compare_GuacaMol_20260825_102247/runs/spectralmol/seed_5/case_GuacaMol_20260825_102248/benchmark_runs/2026_08_25_evolution_ga_benchmark_10_22_51/2026_08_25_evolution_ga_Scaffold_hop/generator_top_molecules_lineage.csv	top-lineage	178	0	100	100
random-matrix	5	1	Troglitazone_rediscovery	PORTABLE_OUTPUT_ROOT/guacamol_frequency_ablation_lineage_20260825_094359/random-matrix/seed_5/task_1_Troglitazone_rediscovery/compare_GuacaMol_20260825_102058/runs/spectralmol/seed_5/case_GuacaMol_20260825_102059/benchmark_runs/2026_08_25_evolution_ga_benchmark_10_21_02/2026_08_25_evolution_ga_Troglitazone_rediscovery/generator_top_molecules_lineage.csv	top-lineage	197	0	100	100
random-matrix	5	2	Thiothixene_rediscovery	PORTABLE_OUTPUT_ROOT/guacamol_frequency_ablation_lineage_20260825_094359/random-matrix/seed_5/task_2_Thiothixene_rediscovery/compare_GuacaMol_20260825_102058/runs/spectralmol/seed_5/case_GuacaMol_20260825_102059/benchmark_runs/2026_08_25_evolution_ga_benchmark_10_21_02/2026_08_25_evolution_ga_Thiothixene_rediscovery/generator_top_molecules_lineage.csv	top-lineage	71	0	71	71
random-matrix	5	3	Aripiprazole_similarity	PORTABLE_OUTPUT_ROOT/guacamol_frequency_ablation_lineage_20260825_094359/random-matrix/seed_5/task_3_Aripiprazole_similarity/compare_GuacaMol_20260825_102112/runs/spectralmol/seed_5/case_GuacaMol_20260825_102113/benchmark_runs/2026_08_25_evolution_ga_benchmark_10_21_16/2026_08_25_evolution_ga_Aripiprazole_similarity/generator_top_molecules_lineage.csv	top-lineage	195	0	100	100
random-matrix	5	4	Albuterol_similarity	PORTABLE_OUTPUT_ROOT/guacamol_frequency_ablation_lineage_20260825_094359/random-matrix/seed_5/task_4_Albuterol_similarity/compare_GuacaMol_20260825_102115/runs/spectralmol/seed_5/case_GuacaMol_20260825_102115/benchmark_runs/2026_08_25_evolution_ga_benchmark_10_21_18/2026_08_25_evolution_ga_Albuterol_similarity/generator_top_molecules_lineage.csv	top-lineage	178	0	100	100
random-matrix	5	5	Mestranol_similarity	PORTABLE_OUTPUT_ROOT/guacamol_frequency_ablation_lineage_20260825_094359/random-matrix/seed_5/task_5_Mestranol_similarity/compare_GuacaMol_20260825_102115/runs/spectralmol/seed_5/case_GuacaMol_20260825_102115/benchmark_runs/2026_08_25_evolution_ga_benchmark_10_21_18/2026_08_25_evolution_ga_Mestranol_similarity/generator_top_molecules_lineage.csv	top-lineage	200	0	100	100
random-matrix	5	6	C11H24	PORTABLE_OUTPUT_ROOT/guacamol_frequency_ablation_lineage_20260825_094359/random-matrix/seed_5/task_6_C11H24/compare_GuacaMol_20260825_102126/runs/spectralmol/seed_5/case_GuacaMol_20260825_102127/benchmark_runs/2026_08_25_evolution_ga_benchmark_10_21_30/2026_08_25_evolution_ga_C11H24/generator_top_molecules_lineage.csv	top-lineage	200	0	100	100
random-matrix	5	7	C9H10N2O2PF2Cl	PORTABLE_OUTPUT_ROOT/guacamol_frequency_ablation_lineage_20260825_094359/random-matrix/seed_5/task_7_C9H10N2O2PF2Cl/compare_GuacaMol_20260825_102131/runs/spectralmol/seed_5/case_GuacaMol_20260825_102132/benchmark_runs/2026_08_25_evolution_ga_benchmark_10_21_35/2026_08_25_evolution_ga_C9H10N2O2PF2Cl/generator_top_molecules_lineage.csv	top-lineage	196	0	100	100
random-matrix	5	8	Median_molecules_1	PORTABLE_OUTPUT_ROOT/guacamol_frequency_ablation_lineage_20260825_094359/random-matrix/seed_5/task_8_Median_molecules_1/compare_GuacaMol_20260825_102131/runs/spectralmol/seed_5/case_GuacaMol_20260825_102132/benchmark_runs/2026_08_25_evolution_ga_benchmark_10_21_35/2026_08_25_evolution_ga_Median_molecules_1/generator_top_molecules_lineage.csv	top-lineage	200	0	100	100
random-matrix	5	9	Median_molecules_2	PORTABLE_OUTPUT_ROOT/guacamol_frequency_ablation_lineage_20260825_094359/random-matrix/seed_5/task_9_Median_molecules_2/compare_GuacaMol_20260825_102207/runs/spectralmol/seed_5/case_GuacaMol_20260825_102208/benchmark_runs/2026_08_25_evolution_ga_benchmark_10_22_11/2026_08_25_evolution_ga_Median_molecules_2/generator_top_molecules_lineage.csv	top-lineage	63	0	63	63
