condition	seed	task_index	task	export_path	source	initial_unique	generated_unique_novel	seed_duplicate_rows	selected_top_n	valid_selected
full-spectrum	0	0	Celecoxib_rediscovery	/ibex/scratch/colleoe/spectralMol/guacamol_frequency_ablation_merged_20260824_150715/full-spectrum/seed_0/task_0_Celecoxib_rediscovery/compare_GuacaMol_20260824_150846/runs/spectralmol/seed_0/case_GuacaMol_20260824_150847/benchmark_runs/2026_08_24_evolution_ga_benchmark_15_08_53/2026_08_24_evolution_ga_Celecoxib_rediscovery/generator_top_molecules.csv	generator-top	256	200	0	100	100
full-spectrum	0	10	Osimertinib_MPO	/ibex/scratch/colleoe/spectralMol/guacamol_frequency_ablation_merged_20260824_150715/full-spectrum/seed_0/task_10_Osimertinib_MPO/compare_GuacaMol_20260824_150852/runs/spectralmol/seed_0/case_GuacaMol_20260824_150855/benchmark_runs/2026_08_24_evolution_ga_benchmark_15_09_10/2026_08_24_evolution_ga_Osimertinib_MPO/generator_top_molecules.csv	generator-top	256	153	47	100	100
full-spectrum	0	11	Fexofenadine_MPO	/ibex/scratch/colleoe/spectralMol/guacamol_frequency_ablation_merged_20260824_150715/full-spectrum/seed_0/task_11_Fexofenadine_MPO/compare_GuacaMol_20260824_150852/runs/spectralmol/seed_0/case_GuacaMol_20260824_150855/benchmark_runs/2026_08_24_evolution_ga_benchmark_15_09_10/2026_08_24_evolution_ga_Fexofenadine_MPO/generator_top_molecules.csv	generator-top	256	200	0	100	100
full-spectrum	0	12	Ranolazine_MPO	/ibex/scratch/colleoe/spectralMol/guacamol_frequency_ablation_merged_20260824_150715/full-spectrum/seed_0/task_12_Ranolazine_MPO/compare_GuacaMol_20260824_150852/runs/spectralmol/seed_0/case_GuacaMol_20260824_150855/benchmark_runs/2026_08_24_evolution_ga_benchmark_15_09_11/2026_08_24_evolution_ga_Ranolazine_MPO/generator_top_molecules.csv	generator-top	256	186	14	100	100
full-spectrum	0	13	Perindopril_MPO	/ibex/scratch/colleoe/spectralMol/guacamol_frequency_ablation_merged_20260824_150715/full-spectrum/seed_0/task_13_Perindopril_MPO/compare_GuacaMol_20260824_150852/runs/spectralmol/seed_0/case_GuacaMol_20260824_150855/benchmark_runs/2026_08_24_evolution_ga_benchmark_15_09_11/2026_08_24_evolution_ga_Perindopril_MPO/generator_top_molecules.csv	generator-top	256	29	171	29	29
full-spectrum	0	14	Amlodipine_MPO	/ibex/scratch/colleoe/spectralMol/guacamol_frequency_ablation_merged_20260824_150715/full-spectrum/seed_0/task_14_Amlodipine_MPO/compare_GuacaMol_20260824_150852/runs/spectralmol/seed_0/case_GuacaMol_20260824_150856/benchmark_runs/2026_08_24_evolution_ga_benchmark_15_09_15/2026_08_24_evolution_ga_Amlodipine_MPO/generator_top_molecules.csv	generator-top	256	49	151	49	49
full-spectrum	0	15	Sitagliptin_MPO	/ibex/scratch/colleoe/spectralMol/guacamol_frequency_ablation_merged_20260824_150715/full-spectrum/seed_0/task_15_Sitagliptin_MPO/compare_GuacaMol_20260824_150852/runs/spectralmol/seed_0/case_GuacaMol_20260824_150856/benchmark_runs/2026_08_24_evolution_ga_benchmark_15_09_15/2026_08_24_evolution_ga_Sitagliptin_MPO/generator_top_molecules.csv	generator-top	256	200	0	100	100
full-spectrum	0	16	Zaleplon_MPO	/ibex/scratch/colleoe/spectralMol/guacamol_frequency_ablation_merged_20260824_150715/full-spectrum/seed_0/task_16_Zaleplon_MPO/compare_GuacaMol_20260824_150852/runs/spectralmol/seed_0/case_GuacaMol_20260824_150856/benchmark_runs/2026_08_24_evolution_ga_benchmark_15_09_15/2026_08_24_evolution_ga_Zaleplon_MPO/generator_top_molecules.csv	generator-top	256	142	58	100	100
full-spectrum	0	17	Valsartan_smarts	/ibex/scratch/colleoe/spectralMol/guacamol_frequency_ablation_merged_20260824_150715/full-spectrum/seed_0/task_17_Valsartan_smarts/compare_GuacaMol_20260824_150852/runs/spectralmol/seed_0/case_GuacaMol_20260824_150856/benchmark_runs/2026_08_24_evolution_ga_benchmark_15_09_15/2026_08_24_evolution_ga_Valsartan_smarts/generator_top_molecules.csv	generator-top	256	192	8	100	100
full-spectrum	0	18	Deco_hop	/ibex/scratch/colleoe/spectralMol/guacamol_frequency_ablation_merged_20260824_150715/full-spectrum/seed_0/task_18_Deco_hop/compare_GuacaMol_20260824_150855/runs/spectralmol/seed_0/case_GuacaMol_20260824_150859/benchmark_runs/2026_08_24_evolution_ga_benchmark_15_09_21/2026_08_24_evolution_ga_Deco_hop/generator_top_molecules.csv	generator-top	256	56	144	56	56
full-spectrum	0	19	Scaffold_hop	/ibex/scratch/colleoe/spectralMol/guacamol_frequency_ablation_merged_20260824_150715/full-spectrum/seed_0/task_19_Scaffold_hop/compare_GuacaMol_20260824_150852/runs/spectralmol/seed_0/case_GuacaMol_20260824_150856/benchmark_runs/2026_08_24_evolution_ga_benchmark_15_09_13/2026_08_24_evolution_ga_Scaffold_hop/generator_top_molecules.csv	generator-top	256	200	0	100	100
full-spectrum	0	1	Troglitazone_rediscovery	/ibex/scratch/colleoe/spectralMol/guacamol_frequency_ablation_merged_20260824_150715/full-spectrum/seed_0/task_1_Troglitazone_rediscovery/compare_GuacaMol_20260824_150845/runs/spectralmol/seed_0/case_GuacaMol_20260824_150846/benchmark_runs/2026_08_24_evolution_ga_benchmark_15_08_50/2026_08_24_evolution_ga_Troglitazone_rediscovery/generator_top_molecules.csv	generator-top	256	199	1	100	100
full-spectrum	0	2	Thiothixene_rediscovery	/ibex/scratch/colleoe/spectralMol/guacamol_frequency_ablation_merged_20260824_150715/full-spectrum/seed_0/task_2_Thiothixene_rediscovery/compare_GuacaMol_20260824_150846/runs/spectralmol/seed_0/case_GuacaMol_20260824_150847/benchmark_runs/2026_08_24_evolution_ga_benchmark_15_08_54/2026_08_24_evolution_ga_Thiothixene_rediscovery/generator_top_molecules.csv	generator-top	256	166	34	100	100
full-spectrum	0	3	Aripiprazole_similarity	/ibex/scratch/colleoe/spectralMol/guacamol_frequency_ablation_merged_20260824_150715/full-spectrum/seed_0/task_3_Aripiprazole_similarity/compare_GuacaMol_20260824_150846/runs/spectralmol/seed_0/case_GuacaMol_20260824_150847/benchmark_runs/2026_08_24_evolution_ga_benchmark_15_08_54/2026_08_24_evolution_ga_Aripiprazole_similarity/generator_top_molecules.csv	generator-top	256	200	0	100	100
full-spectrum	0	4	Albuterol_similarity	/ibex/scratch/colleoe/spectralMol/guacamol_frequency_ablation_merged_20260824_150715/full-spectrum/seed_0/task_4_Albuterol_similarity/compare_GuacaMol_20260824_150846/runs/spectralmol/seed_0/case_GuacaMol_20260824_150847/benchmark_runs/2026_08_24_evolution_ga_benchmark_15_08_54/2026_08_24_evolution_ga_Albuterol_similarity/generator_top_molecules.csv	generator-top	256	197	3	100	100
full-spectrum	0	5	Mestranol_similarity	/ibex/scratch/colleoe/spectralMol/guacamol_frequency_ablation_merged_20260824_150715/full-spectrum/seed_0/task_5_Mestranol_similarity/compare_GuacaMol_20260824_150846/runs/spectralmol/seed_0/case_GuacaMol_20260824_150847/benchmark_runs/2026_08_24_evolution_ga_benchmark_15_08_54/2026_08_24_evolution_ga_Mestranol_similarity/generator_top_molecules.csv	generator-top	256	200	0	100	100
full-spectrum	0	6	C11H24	/ibex/scratch/colleoe/spectralMol/guacamol_frequency_ablation_merged_20260824_150715/full-spectrum/seed_0/task_6_C11H24/compare_GuacaMol_20260824_150846/runs/spectralmol/seed_0/case_GuacaMol_20260824_150847/benchmark_runs/2026_08_24_evolution_ga_benchmark_15_08_54/2026_08_24_evolution_ga_C11H24/generator_top_molecules.csv	generator-top	256	200	0	100	100
full-spectrum	0	7	C9H10N2O2PF2Cl	/ibex/scratch/colleoe/spectralMol/guacamol_frequency_ablation_merged_20260824_150715/full-spectrum/seed_0/task_7_C9H10N2O2PF2Cl/compare_GuacaMol_20260824_150846/runs/spectralmol/seed_0/case_GuacaMol_20260824_150847/benchmark_runs/2026_08_24_evolution_ga_benchmark_15_08_54/2026_08_24_evolution_ga_C9H10N2O2PF2Cl/generator_top_molecules.csv	generator-top	256	198	2	100	100
full-spectrum	0	8	Median_molecules_1	/ibex/scratch/colleoe/spectralMol/guacamol_frequency_ablation_merged_20260824_150715/full-spectrum/seed_0/task_8_Median_molecules_1/compare_GuacaMol_20260824_150846/runs/spectralmol/seed_0/case_GuacaMol_20260824_150847/benchmark_runs/2026_08_24_evolution_ga_benchmark_15_08_54/2026_08_24_evolution_ga_Median_molecules_1/generator_top_molecules.csv	generator-top	256	200	0	100	100
full-spectrum	0	9	Median_molecules_2	/ibex/scratch/colleoe/spectralMol/guacamol_frequency_ablation_merged_20260824_150715/full-spectrum/seed_0/task_9_Median_molecules_2/compare_GuacaMol_20260824_150854/runs/spectralmol/seed_0/case_GuacaMol_20260824_150858/benchmark_runs/2026_08_24_evolution_ga_benchmark_15_09_19/2026_08_24_evolution_ga_Median_molecules_2/generator_top_molecules.csv	generator-top	256	31	169	31	31
full-spectrum	1	0	Celecoxib_rediscovery	/ibex/scratch/colleoe/spectralMol/guacamol_frequency_ablation_merged_20260824_150715/full-spectrum/seed_1/task_0_Celecoxib_rediscovery/compare_GuacaMol_20260824_150852/runs/spectralmol/seed_1/case_GuacaMol_20260824_150856/benchmark_runs/2026_08_24_evolution_ga_benchmark_15_09_13/2026_08_24_evolution_ga_Celecoxib_rediscovery/generator_top_molecules.csv	generator-top	256	200	0	100	100
full-spectrum	1	10	Osimertinib_MPO	/ibex/scratch/colleoe/spectralMol/guacamol_frequency_ablation_merged_20260824_150715/full-spectrum/seed_1/task_10_Osimertinib_MPO/compare_GuacaMol_20260824_150852/runs/spectralmol/seed_1/case_GuacaMol_20260824_150855/benchmark_runs/2026_08_24_evolution_ga_benchmark_15_09_13/2026_08_24_evolution_ga_Osimertinib_MPO/generator_top_molecules.csv	generator-top	256	163	37	100	100
full-spectrum	1	11	Fexofenadine_MPO	/ibex/scratch/colleoe/spectralMol/guacamol_frequency_ablation_merged_20260824_150715/full-spectrum/seed_1/task_11_Fexofenadine_MPO/compare_GuacaMol_20260824_150852/runs/spectralmol/seed_1/case_GuacaMol_20260824_150855/benchmark_runs/2026_08_24_evolution_ga_benchmark_15_09_13/2026_08_24_evolution_ga_Fexofenadine_MPO/generator_top_molecules.csv	generator-top	256	200	0	100	100
full-spectrum	1	12	Ranolazine_MPO	/ibex/scratch/colleoe/spectralMol/guacamol_frequency_ablation_merged_20260824_150715/full-spectrum/seed_1/task_12_Ranolazine_MPO/compare_GuacaMol_20260824_150852/runs/spectralmol/seed_1/case_GuacaMol_20260824_150855/benchmark_runs/2026_08_24_evolution_ga_benchmark_15_09_13/2026_08_24_evolution_ga_Ranolazine_MPO/generator_top_molecules.csv	generator-top	256	145	55	100	100
full-spectrum	1	13	Perindopril_MPO	/ibex/scratch/colleoe/spectralMol/guacamol_frequency_ablation_merged_20260824_150715/full-spectrum/seed_1/task_13_Perindopril_MPO/compare_GuacaMol_20260824_150852/runs/spectralmol/seed_1/case_GuacaMol_20260824_150855/benchmark_runs/2026_08_24_evolution_ga_benchmark_15_09_13/2026_08_24_evolution_ga_Perindopril_MPO/generator_top_molecules.csv	generator-top	256	33	167	33	33
full-spectrum	1	14	Amlodipine_MPO	/ibex/scratch/colleoe/spectralMol/guacamol_frequency_ablation_merged_20260824_150715/full-spectrum/seed_1/task_14_Amlodipine_MPO/compare_GuacaMol_20260824_150848/runs/spectralmol/seed_1/case_GuacaMol_20260824_150850/benchmark_runs/2026_08_24_evolution_ga_benchmark_15_08_57/2026_08_24_evolution_ga_Amlodipine_MPO/generator_top_molecules.csv	generator-top	256	199	1	100	100
full-spectrum	1	15	Sitagliptin_MPO	/ibex/scratch/colleoe/spectralMol/guacamol_frequency_ablation_merged_20260824_150715/full-spectrum/seed_1/task_15_Sitagliptin_MPO/compare_GuacaMol_20260824_150847/runs/spectralmol/seed_1/case_GuacaMol_20260824_150849/benchmark_runs/2026_08_24_evolution_ga_benchmark_15_08_57/2026_08_24_evolution_ga_Sitagliptin_MPO/generator_top_molecules.csv	generator-top	256	200	0	100	100
full-spectrum	1	16	Zaleplon_MPO	/ibex/scratch/colleoe/spectralMol/guacamol_frequency_ablation_merged_20260824_150715/full-spectrum/seed_1/task_16_Zaleplon_MPO/compare_GuacaMol_20260824_150848/runs/spectralmol/seed_1/case_GuacaMol_20260824_150849/benchmark_runs/2026_08_24_evolution_ga_benchmark_15_08_57/2026_08_24_evolution_ga_Zaleplon_MPO/generator_top_molecules.csv	generator-top	256	191	9	100	100
full-spectrum	1	17	Valsartan_smarts	/ibex/scratch/colleoe/spectralMol/guacamol_frequency_ablation_merged_20260824_150715/full-spectrum/seed_1/task_17_Valsartan_smarts/compare_GuacaMol_20260824_150848/runs/spectralmol/seed_1/case_GuacaMol_20260824_150849/benchmark_runs/2026_08_24_evolution_ga_benchmark_15_08_57/2026_08_24_evolution_ga_Valsartan_smarts/generator_top_molecules.csv	generator-top	256	191	9	100	100
full-spectrum	1	18	Deco_hop	/ibex/scratch/colleoe/spectralMol/guacamol_frequency_ablation_merged_20260824_150715/full-spectrum/seed_1/task_18_Deco_hop/compare_GuacaMol_20260824_150848/runs/spectralmol/seed_1/case_GuacaMol_20260824_150849/benchmark_runs/2026_08_24_evolution_ga_benchmark_15_08_57/2026_08_24_evolution_ga_Deco_hop/generator_top_molecules.csv	generator-top	256	76	124	76	76
full-spectrum	1	19	Scaffold_hop	/ibex/scratch/colleoe/spectralMol/guacamol_frequency_ablation_merged_20260824_150715/full-spectrum/seed_1/task_19_Scaffold_hop/compare_GuacaMol_20260824_150848/runs/spectralmol/seed_1/case_GuacaMol_20260824_150849/benchmark_runs/2026_08_24_evolution_ga_benchmark_15_08_57/2026_08_24_evolution_ga_Scaffold_hop/generator_top_molecules.csv	generator-top	256	200	0	100	100
full-spectrum	1	1	Troglitazone_rediscovery	/ibex/scratch/colleoe/spectralMol/guacamol_frequency_ablation_merged_20260824_150715/full-spectrum/seed_1/task_1_Troglitazone_rediscovery/compare_GuacaMol_20260824_150845/runs/spectralmol/seed_1/case_GuacaMol_20260824_150846/benchmark_runs/2026_08_24_evolution_ga_benchmark_15_08_52/2026_08_24_evolution_ga_Troglitazone_rediscovery/generator_top_molecules.csv	generator-top	256	200	0	100	100
full-spectrum	1	2	Thiothixene_rediscovery	/ibex/scratch/colleoe/spectralMol/guacamol_frequency_ablation_merged_20260824_150715/full-spectrum/seed_1/task_2_Thiothixene_rediscovery/compare_GuacaMol_20260824_150845/runs/spectralmol/seed_1/case_GuacaMol_20260824_150846/benchmark_runs/2026_08_24_evolution_ga_benchmark_15_08_52/2026_08_24_evolution_ga_Thiothixene_rediscovery/generator_top_molecules.csv	generator-top	256	17	183	17	17
full-spectrum	1	3	Aripiprazole_similarity	/ibex/scratch/colleoe/spectralMol/guacamol_frequency_ablation_merged_20260824_150715/full-spectrum/seed_1/task_3_Aripiprazole_similarity/compare_GuacaMol_20260824_150845/runs/spectralmol/seed_1/case_GuacaMol_20260824_150846/benchmark_runs/2026_08_24_evolution_ga_benchmark_15_08_52/2026_08_24_evolution_ga_Aripiprazole_similarity/generator_top_molecules.csv	generator-top	256	200	0	100	100
full-spectrum	1	4	Albuterol_similarity	/ibex/scratch/colleoe/spectralMol/guacamol_frequency_ablation_merged_20260824_150715/full-spectrum/seed_1/task_4_Albuterol_similarity/compare_GuacaMol_20260824_150845/runs/spectralmol/seed_1/case_GuacaMol_20260824_150846/benchmark_runs/2026_08_24_evolution_ga_benchmark_15_08_52/2026_08_24_evolution_ga_Albuterol_similarity/generator_top_molecules.csv	generator-top	256	192	8	100	100
full-spectrum	1	5	Mestranol_similarity	/ibex/scratch/colleoe/spectralMol/guacamol_frequency_ablation_merged_20260824_150715/full-spectrum/seed_1/task_5_Mestranol_similarity/compare_GuacaMol_20260824_150847/runs/spectralmol/seed_1/case_GuacaMol_20260824_150848/benchmark_runs/2026_08_24_evolution_ga_benchmark_15_08_54/2026_08_24_evolution_ga_Mestranol_similarity/generator_top_molecules.csv	generator-top	256	200	0	100	100
full-spectrum	1	6	C11H24	/ibex/scratch/colleoe/spectralMol/guacamol_frequency_ablation_merged_20260824_150715/full-spectrum/seed_1/task_6_C11H24/compare_GuacaMol_20260824_150852/runs/spectralmol/seed_1/case_GuacaMol_20260824_150855/benchmark_runs/2026_08_24_evolution_ga_benchmark_15_09_13/2026_08_24_evolution_ga_C11H24/generator_top_molecules.csv	generator-top	256	200	0	100	100
full-spectrum	1	7	C9H10N2O2PF2Cl	/ibex/scratch/colleoe/spectralMol/guacamol_frequency_ablation_merged_20260824_150715/full-spectrum/seed_1/task_7_C9H10N2O2PF2Cl/compare_GuacaMol_20260824_150852/runs/spectralmol/seed_1/case_GuacaMol_20260824_150855/benchmark_runs/2026_08_24_evolution_ga_benchmark_15_09_13/2026_08_24_evolution_ga_C9H10N2O2PF2Cl/generator_top_molecules.csv	generator-top	256	200	0	100	100
full-spectrum	1	8	Median_molecules_1	/ibex/scratch/colleoe/spectralMol/guacamol_frequency_ablation_merged_20260824_150715/full-spectrum/seed_1/task_8_Median_molecules_1/compare_GuacaMol_20260824_150852/runs/spectralmol/seed_1/case_GuacaMol_20260824_150855/benchmark_runs/2026_08_24_evolution_ga_benchmark_15_09_13/2026_08_24_evolution_ga_Median_molecules_1/generator_top_molecules.csv	generator-top	256	200	0	100	100
full-spectrum	1	9	Median_molecules_2	/ibex/scratch/colleoe/spectralMol/guacamol_frequency_ablation_merged_20260824_150715/full-spectrum/seed_1/task_9_Median_molecules_2/compare_GuacaMol_20260824_150852/runs/spectralmol/seed_1/case_GuacaMol_20260824_150855/benchmark_runs/2026_08_24_evolution_ga_benchmark_15_09_13/2026_08_24_evolution_ga_Median_molecules_2/generator_top_molecules.csv	generator-top	256	163	37	100	100
full-spectrum	2	0	Celecoxib_rediscovery	/ibex/scratch/colleoe/spectralMol/guacamol_frequency_ablation_merged_20260824_150715/full-spectrum/seed_2/task_0_Celecoxib_rediscovery/compare_GuacaMol_20260824_151352/runs/spectralmol/seed_2/case_GuacaMol_20260824_151353/benchmark_runs/2026_08_24_evolution_ga_benchmark_15_13_56/2026_08_24_evolution_ga_Celecoxib_rediscovery/generator_top_molecules.csv	generator-top	256	200	0	100	100
full-spectrum	2	10	Osimertinib_MPO	/ibex/scratch/colleoe/spectralMol/guacamol_frequency_ablation_merged_20260824_150715/full-spectrum/seed_2/task_10_Osimertinib_MPO/compare_GuacaMol_20260824_151413/runs/spectralmol/seed_2/case_GuacaMol_20260824_151415/benchmark_runs/2026_08_24_evolution_ga_benchmark_15_14_25/2026_08_24_evolution_ga_Osimertinib_MPO/generator_top_molecules.csv	generator-top	256	158	42	100	100
full-spectrum	2	11	Fexofenadine_MPO	/ibex/scratch/colleoe/spectralMol/guacamol_frequency_ablation_merged_20260824_150715/full-spectrum/seed_2/task_11_Fexofenadine_MPO/compare_GuacaMol_20260824_151413/runs/spectralmol/seed_2/case_GuacaMol_20260824_151415/benchmark_runs/2026_08_24_evolution_ga_benchmark_15_14_25/2026_08_24_evolution_ga_Fexofenadine_MPO/generator_top_molecules.csv	generator-top	256	200	0	100	100
full-spectrum	2	12	Ranolazine_MPO	/ibex/scratch/colleoe/spectralMol/guacamol_frequency_ablation_merged_20260824_150715/full-spectrum/seed_2/task_12_Ranolazine_MPO/compare_GuacaMol_20260824_151408/runs/spectralmol/seed_2/case_GuacaMol_20260824_151410/benchmark_runs/2026_08_24_evolution_ga_benchmark_15_14_22/2026_08_24_evolution_ga_Ranolazine_MPO/generator_top_molecules.csv	generator-top	256	150	50	100	100
full-spectrum	2	13	Perindopril_MPO	/ibex/scratch/colleoe/spectralMol/guacamol_frequency_ablation_merged_20260824_150715/full-spectrum/seed_2/task_13_Perindopril_MPO/compare_GuacaMol_20260824_151413/runs/spectralmol/seed_2/case_GuacaMol_20260824_151415/benchmark_runs/2026_08_24_evolution_ga_benchmark_15_14_25/2026_08_24_evolution_ga_Perindopril_MPO/generator_top_molecules.csv	generator-top	256	42	158	42	42
full-spectrum	2	14	Amlodipine_MPO	/ibex/scratch/colleoe/spectralMol/guacamol_frequency_ablation_merged_20260824_150715/full-spectrum/seed_2/task_14_Amlodipine_MPO/compare_GuacaMol_20260824_151413/runs/spectralmol/seed_2/case_GuacaMol_20260824_151415/benchmark_runs/2026_08_24_evolution_ga_benchmark_15_14_25/2026_08_24_evolution_ga_Amlodipine_MPO/generator_top_molecules.csv	generator-top	256	200	0	100	100
full-spectrum	2	15	Sitagliptin_MPO	/ibex/scratch/colleoe/spectralMol/guacamol_frequency_ablation_merged_20260824_150715/full-spectrum/seed_2/task_15_Sitagliptin_MPO/compare_GuacaMol_20260824_151408/runs/spectralmol/seed_2/case_GuacaMol_20260824_151410/benchmark_runs/2026_08_24_evolution_ga_benchmark_15_14_22/2026_08_24_evolution_ga_Sitagliptin_MPO/generator_top_molecules.csv	generator-top	256	200	0	100	100
full-spectrum	2	16	Zaleplon_MPO	/ibex/scratch/colleoe/spectralMol/guacamol_frequency_ablation_merged_20260824_150715/full-spectrum/seed_2/task_16_Zaleplon_MPO/compare_GuacaMol_20260824_151357/runs/spectralmol/seed_2/case_GuacaMol_20260824_151400/benchmark_runs/2026_08_24_evolution_ga_benchmark_15_14_12/2026_08_24_evolution_ga_Zaleplon_MPO/generator_top_molecules.csv	generator-top	256	161	39	100	100
full-spectrum	2	17	Valsartan_smarts	/ibex/scratch/colleoe/spectralMol/guacamol_frequency_ablation_merged_20260824_150715/full-spectrum/seed_2/task_17_Valsartan_smarts/compare_GuacaMol_20260824_151358/runs/spectralmol/seed_2/case_GuacaMol_20260824_151401/benchmark_runs/2026_08_24_evolution_ga_benchmark_15_14_12/2026_08_24_evolution_ga_Valsartan_smarts/generator_top_molecules.csv	generator-top	256	191	9	100	100
full-spectrum	2	18	Deco_hop	/ibex/scratch/colleoe/spectralMol/guacamol_frequency_ablation_merged_20260824_150715/full-spectrum/seed_2/task_18_Deco_hop/compare_GuacaMol_20260824_151358/runs/spectralmol/seed_2/case_GuacaMol_20260824_151401/benchmark_runs/2026_08_24_evolution_ga_benchmark_15_14_12/2026_08_24_evolution_ga_Deco_hop/generator_top_molecules.csv	generator-top	256	43	157	43	43
full-spectrum	2	19	Scaffold_hop	/ibex/scratch/colleoe/spectralMol/guacamol_frequency_ablation_merged_20260824_150715/full-spectrum/seed_2/task_19_Scaffold_hop/compare_GuacaMol_20260824_151352/runs/spectralmol/seed_2/case_GuacaMol_20260824_151353/benchmark_runs/2026_08_24_evolution_ga_benchmark_15_13_55/2026_08_24_evolution_ga_Scaffold_hop/generator_top_molecules.csv	generator-top	256	200	0	100	100
full-spectrum	2	1	Troglitazone_rediscovery	/ibex/scratch/colleoe/spectralMol/guacamol_frequency_ablation_merged_20260824_150715/full-spectrum/seed_2/task_1_Troglitazone_rediscovery/compare_GuacaMol_20260824_151352/runs/spectralmol/seed_2/case_GuacaMol_20260824_151353/benchmark_runs/2026_08_24_evolution_ga_benchmark_15_13_56/2026_08_24_evolution_ga_Troglitazone_rediscovery/generator_top_molecules.csv	generator-top	256	199	1	100	100
full-spectrum	2	2	Thiothixene_rediscovery	/ibex/scratch/colleoe/spectralMol/guacamol_frequency_ablation_merged_20260824_150715/full-spectrum/seed_2/task_2_Thiothixene_rediscovery/compare_GuacaMol_20260824_151352/runs/spectralmol/seed_2/case_GuacaMol_20260824_151353/benchmark_runs/2026_08_24_evolution_ga_benchmark_15_13_56/2026_08_24_evolution_ga_Thiothixene_rediscovery/generator_top_molecules.csv	generator-top	256	200	0	100	100
full-spectrum	2	3	Aripiprazole_similarity	/ibex/scratch/colleoe/spectralMol/guacamol_frequency_ablation_merged_20260824_150715/full-spectrum/seed_2/task_3_Aripiprazole_similarity/compare_GuacaMol_20260824_151352/runs/spectralmol/seed_2/case_GuacaMol_20260824_151353/benchmark_runs/2026_08_24_evolution_ga_benchmark_15_13_56/2026_08_24_evolution_ga_Aripiprazole_similarity/generator_top_molecules.csv	generator-top	256	200	0	100	100
full-spectrum	2	4	Albuterol_similarity	/ibex/scratch/colleoe/spectralMol/guacamol_frequency_ablation_merged_20260824_150715/full-spectrum/seed_2/task_4_Albuterol_similarity/compare_GuacaMol_20260824_151352/runs/spectralmol/seed_2/case_GuacaMol_20260824_151353/benchmark_runs/2026_08_24_evolution_ga_benchmark_15_13_56/2026_08_24_evolution_ga_Albuterol_similarity/generator_top_molecules.csv	generator-top	256	183	17	100	100
full-spectrum	2	5	Mestranol_similarity	/ibex/scratch/colleoe/spectralMol/guacamol_frequency_ablation_merged_20260824_150715/full-spectrum/seed_2/task_5_Mestranol_similarity/compare_GuacaMol_20260824_151352/runs/spectralmol/seed_2/case_GuacaMol_20260824_151353/benchmark_runs/2026_08_24_evolution_ga_benchmark_15_13_56/2026_08_24_evolution_ga_Mestranol_similarity/generator_top_molecules.csv	generator-top	256	200	0	100	100
full-spectrum	2	6	C11H24	/ibex/scratch/colleoe/spectralMol/guacamol_frequency_ablation_merged_20260824_150715/full-spectrum/seed_2/task_6_C11H24/compare_GuacaMol_20260824_151352/runs/spectralmol/seed_2/case_GuacaMol_20260824_151353/benchmark_runs/2026_08_24_evolution_ga_benchmark_15_13_56/2026_08_24_evolution_ga_C11H24/generator_top_molecules.csv	generator-top	256	200	0	100	100
full-spectrum	2	7	C9H10N2O2PF2Cl	/ibex/scratch/colleoe/spectralMol/guacamol_frequency_ablation_merged_20260824_150715/full-spectrum/seed_2/task_7_C9H10N2O2PF2Cl/compare_GuacaMol_20260824_151358/runs/spectralmol/seed_2/case_GuacaMol_20260824_151400/benchmark_runs/2026_08_24_evolution_ga_benchmark_15_14_11/2026_08_24_evolution_ga_C9H10N2O2PF2Cl/generator_top_molecules.csv	generator-top	256	200	0	100	100
full-spectrum	2	8	Median_molecules_1	/ibex/scratch/colleoe/spectralMol/guacamol_frequency_ablation_merged_20260824_150715/full-spectrum/seed_2/task_8_Median_molecules_1/compare_GuacaMol_20260824_151408/runs/spectralmol/seed_2/case_GuacaMol_20260824_151410/benchmark_runs/2026_08_24_evolution_ga_benchmark_15_14_20/2026_08_24_evolution_ga_Median_molecules_1/generator_top_molecules.csv	generator-top	256	200	0	100	100
full-spectrum	2	9	Median_molecules_2	/ibex/scratch/colleoe/spectralMol/guacamol_frequency_ablation_merged_20260824_150715/full-spectrum/seed_2/task_9_Median_molecules_2/compare_GuacaMol_20260824_151413/runs/spectralmol/seed_2/case_GuacaMol_20260824_151415/benchmark_runs/2026_08_24_evolution_ga_benchmark_15_14_25/2026_08_24_evolution_ga_Median_molecules_2/generator_top_molecules.csv	generator-top	256	21	179	21	21
full-spectrum	3	0	Celecoxib_rediscovery	/ibex/scratch/colleoe/spectralMol/guacamol_frequency_ablation_merged_20260824_150715/full-spectrum/seed_3/task_0_Celecoxib_rediscovery/compare_GuacaMol_20260824_151353/runs/spectralmol/seed_3/case_GuacaMol_20260824_151353/benchmark_runs/2026_08_24_evolution_ga_benchmark_15_13_56/2026_08_24_evolution_ga_Celecoxib_rediscovery/generator_top_molecules.csv	generator-top	256	200	0	100	100
full-spectrum	3	10	Osimertinib_MPO	/ibex/scratch/colleoe/spectralMol/guacamol_frequency_ablation_merged_20260824_150715/full-spectrum/seed_3/task_10_Osimertinib_MPO/compare_GuacaMol_20260824_151408/runs/spectralmol/seed_3/case_GuacaMol_20260824_151410/benchmark_runs/2026_08_24_evolution_ga_benchmark_15_14_21/2026_08_24_evolution_ga_Osimertinib_MPO/generator_top_molecules.csv	generator-top	256	159	41	100	100
full-spectrum	3	11	Fexofenadine_MPO	/ibex/scratch/colleoe/spectralMol/guacamol_frequency_ablation_merged_20260824_150715/full-spectrum/seed_3/task_11_Fexofenadine_MPO/compare_GuacaMol_20260824_151354/runs/spectralmol/seed_3/case_GuacaMol_20260824_151356/benchmark_runs/2026_08_24_evolution_ga_benchmark_15_14_02/2026_08_24_evolution_ga_Fexofenadine_MPO/generator_top_molecules.csv	generator-top	256	200	0	100	100
full-spectrum	3	12	Ranolazine_MPO	/ibex/scratch/colleoe/spectralMol/guacamol_frequency_ablation_merged_20260824_150715/full-spectrum/seed_3/task_12_Ranolazine_MPO/compare_GuacaMol_20260824_151358/runs/spectralmol/seed_3/case_GuacaMol_20260824_151359/benchmark_runs/2026_08_24_evolution_ga_benchmark_15_14_03/2026_08_24_evolution_ga_Ranolazine_MPO/generator_top_molecules.csv	generator-top	256	200	0	100	100
full-spectrum	3	13	Perindopril_MPO	/ibex/scratch/colleoe/spectralMol/guacamol_frequency_ablation_merged_20260824_150715/full-spectrum/seed_3/task_13_Perindopril_MPO/compare_GuacaMol_20260824_151354/runs/spectralmol/seed_3/case_GuacaMol_20260824_151355/benchmark_runs/2026_08_24_evolution_ga_benchmark_15_13_59/2026_08_24_evolution_ga_Perindopril_MPO/generator_top_molecules.csv	generator-top	256	28	172	28	28
full-spectrum	3	14	Amlodipine_MPO	/ibex/scratch/colleoe/spectralMol/guacamol_frequency_ablation_merged_20260824_150715/full-spectrum/seed_3/task_14_Amlodipine_MPO/compare_GuacaMol_20260824_151358/runs/spectralmol/seed_3/case_GuacaMol_20260824_151359/benchmark_runs/2026_08_24_evolution_ga_benchmark_15_14_03/2026_08_24_evolution_ga_Amlodipine_MPO/generator_top_molecules.csv	generator-top	256	64	136	64	64
full-spectrum	3	15	Sitagliptin_MPO	/ibex/scratch/colleoe/spectralMol/guacamol_frequency_ablation_merged_20260824_150715/full-spectrum/seed_3/task_15_Sitagliptin_MPO/compare_GuacaMol_20260824_151358/runs/spectralmol/seed_3/case_GuacaMol_20260824_151359/benchmark_runs/2026_08_24_evolution_ga_benchmark_15_14_03/2026_08_24_evolution_ga_Sitagliptin_MPO/generator_top_molecules.csv	generator-top	256	200	0	100	100
full-spectrum	3	16	Zaleplon_MPO	/ibex/scratch/colleoe/spectralMol/guacamol_frequency_ablation_merged_20260824_150715/full-spectrum/seed_3/task_16_Zaleplon_MPO/compare_GuacaMol_20260824_151602/runs/spectralmol/seed_3/case_GuacaMol_20260824_151603/benchmark_runs/2026_08_24_evolution_ga_benchmark_15_16_06/2026_08_24_evolution_ga_Zaleplon_MPO/generator_top_molecules.csv	generator-top	256	175	25	100	100
full-spectrum	3	17	Valsartan_smarts	/ibex/scratch/colleoe/spectralMol/guacamol_frequency_ablation_merged_20260824_150715/full-spectrum/seed_3/task_17_Valsartan_smarts/compare_GuacaMol_20260824_151613/runs/spectralmol/seed_3/case_GuacaMol_20260824_151617/benchmark_runs/2026_08_24_evolution_ga_benchmark_15_16_39/2026_08_24_evolution_ga_Valsartan_smarts/generator_top_molecules.csv	generator-top	256	177	23	100	100
full-spectrum	3	18	Deco_hop	/ibex/scratch/colleoe/spectralMol/guacamol_frequency_ablation_merged_20260824_150715/full-spectrum/seed_3/task_18_Deco_hop/compare_GuacaMol_20260824_151613/runs/spectralmol/seed_3/case_GuacaMol_20260824_151617/benchmark_runs/2026_08_24_evolution_ga_benchmark_15_16_39/2026_08_24_evolution_ga_Deco_hop/generator_top_molecules.csv	generator-top	256	50	150	50	50
full-spectrum	3	19	Scaffold_hop	/ibex/scratch/colleoe/spectralMol/guacamol_frequency_ablation_merged_20260824_150715/full-spectrum/seed_3/task_19_Scaffold_hop/compare_GuacaMol_20260824_152105/runs/spectralmol/seed_3/case_GuacaMol_20260824_152106/benchmark_runs/2026_08_24_evolution_ga_benchmark_15_21_12/2026_08_24_evolution_ga_Scaffold_hop/generator_top_molecules.csv	generator-top	256	200	0	100	100
full-spectrum	3	1	Troglitazone_rediscovery	/ibex/scratch/colleoe/spectralMol/guacamol_frequency_ablation_merged_20260824_150715/full-spectrum/seed_3/task_1_Troglitazone_rediscovery/compare_GuacaMol_20260824_151352/runs/spectralmol/seed_3/case_GuacaMol_20260824_151353/benchmark_runs/2026_08_24_evolution_ga_benchmark_15_13_55/2026_08_24_evolution_ga_Troglitazone_rediscovery/generator_top_molecules.csv	generator-top	256	200	0	100	100
full-spectrum	3	2	Thiothixene_rediscovery	/ibex/scratch/colleoe/spectralMol/guacamol_frequency_ablation_merged_20260824_150715/full-spectrum/seed_3/task_2_Thiothixene_rediscovery/compare_GuacaMol_20260824_151352/runs/spectralmol/seed_3/case_GuacaMol_20260824_151353/benchmark_runs/2026_08_24_evolution_ga_benchmark_15_13_55/2026_08_24_evolution_ga_Thiothixene_rediscovery/generator_top_molecules.csv	generator-top	256	200	0	100	100
full-spectrum	3	3	Aripiprazole_similarity	/ibex/scratch/colleoe/spectralMol/guacamol_frequency_ablation_merged_20260824_150715/full-spectrum/seed_3/task_3_Aripiprazole_similarity/compare_GuacaMol_20260824_151353/runs/spectralmol/seed_3/case_GuacaMol_20260824_151354/benchmark_runs/2026_08_24_evolution_ga_benchmark_15_13_57/2026_08_24_evolution_ga_Aripiprazole_similarity/generator_top_molecules.csv	generator-top	256	200	0	100	100
full-spectrum	3	4	Albuterol_similarity	/ibex/scratch/colleoe/spectralMol/guacamol_frequency_ablation_merged_20260824_150715/full-spectrum/seed_3/task_4_Albuterol_similarity/compare_GuacaMol_20260824_151357/runs/spectralmol/seed_3/case_GuacaMol_20260824_151400/benchmark_runs/2026_08_24_evolution_ga_benchmark_15_14_10/2026_08_24_evolution_ga_Albuterol_similarity/generator_top_molecules.csv	generator-top	256	199	1	100	100
full-spectrum	3	5	Mestranol_similarity	/ibex/scratch/colleoe/spectralMol/guacamol_frequency_ablation_merged_20260824_150715/full-spectrum/seed_3/task_5_Mestranol_similarity/compare_GuacaMol_20260824_151357/runs/spectralmol/seed_3/case_GuacaMol_20260824_151400/benchmark_runs/2026_08_24_evolution_ga_benchmark_15_14_10/2026_08_24_evolution_ga_Mestranol_similarity/generator_top_molecules.csv	generator-top	256	200	0	100	100
full-spectrum	3	6	C11H24	/ibex/scratch/colleoe/spectralMol/guacamol_frequency_ablation_merged_20260824_150715/full-spectrum/seed_3/task_6_C11H24/compare_GuacaMol_20260824_151357/runs/spectralmol/seed_3/case_GuacaMol_20260824_151400/benchmark_runs/2026_08_24_evolution_ga_benchmark_15_14_10/2026_08_24_evolution_ga_C11H24/generator_top_molecules.csv	generator-top	256	200	0	100	100
full-spectrum	3	7	C9H10N2O2PF2Cl	/ibex/scratch/colleoe/spectralMol/guacamol_frequency_ablation_merged_20260824_150715/full-spectrum/seed_3/task_7_C9H10N2O2PF2Cl/compare_GuacaMol_20260824_151408/runs/spectralmol/seed_3/case_GuacaMol_20260824_151410/benchmark_runs/2026_08_24_evolution_ga_benchmark_15_14_21/2026_08_24_evolution_ga_C9H10N2O2PF2Cl/generator_top_molecules.csv	generator-top	256	200	0	100	100
full-spectrum	3	8	Median_molecules_1	/ibex/scratch/colleoe/spectralMol/guacamol_frequency_ablation_merged_20260824_150715/full-spectrum/seed_3/task_8_Median_molecules_1/compare_GuacaMol_20260824_151357/runs/spectralmol/seed_3/case_GuacaMol_20260824_151400/benchmark_runs/2026_08_24_evolution_ga_benchmark_15_14_10/2026_08_24_evolution_ga_Median_molecules_1/generator_top_molecules.csv	generator-top	256	200	0	100	100
full-spectrum	3	9	Median_molecules_2	/ibex/scratch/colleoe/spectralMol/guacamol_frequency_ablation_merged_20260824_150715/full-spectrum/seed_3/task_9_Median_molecules_2/compare_GuacaMol_20260824_151408/runs/spectralmol/seed_3/case_GuacaMol_20260824_151410/benchmark_runs/2026_08_24_evolution_ga_benchmark_15_14_21/2026_08_24_evolution_ga_Median_molecules_2/generator_top_molecules.csv	generator-top	256	21	179	21	21
full-spectrum	4	0	Celecoxib_rediscovery	/ibex/scratch/colleoe/spectralMol/guacamol_frequency_ablation_merged_20260824_150715/full-spectrum/seed_4/task_0_Celecoxib_rediscovery/compare_GuacaMol_20260824_152109/runs/spectralmol/seed_4/case_GuacaMol_20260824_152111/benchmark_runs/2026_08_24_evolution_ga_benchmark_15_21_25/2026_08_24_evolution_ga_Celecoxib_rediscovery/generator_top_molecules.csv	generator-top	256	200	0	100	100
full-spectrum	4	10	Osimertinib_MPO	/ibex/scratch/colleoe/spectralMol/guacamol_frequency_ablation_merged_20260824_150715/full-spectrum/seed_4/task_10_Osimertinib_MPO/compare_GuacaMol_20260824_152103/runs/spectralmol/seed_4/case_GuacaMol_20260824_152103/benchmark_runs/2026_08_24_evolution_ga_benchmark_15_21_06/2026_08_24_evolution_ga_Osimertinib_MPO/generator_top_molecules.csv	generator-top	256	156	44	100	100
full-spectrum	4	11	Fexofenadine_MPO	/ibex/scratch/colleoe/spectralMol/guacamol_frequency_ablation_merged_20260824_150715/full-spectrum/seed_4/task_11_Fexofenadine_MPO/compare_GuacaMol_20260824_152108/runs/spectralmol/seed_4/case_GuacaMol_20260824_152110/benchmark_runs/2026_08_24_evolution_ga_benchmark_15_21_21/2026_08_24_evolution_ga_Fexofenadine_MPO/generator_top_molecules.csv	generator-top	256	200	0	100	100
full-spectrum	4	12	Ranolazine_MPO	/ibex/scratch/colleoe/spectralMol/guacamol_frequency_ablation_merged_20260824_150715/full-spectrum/seed_4/task_12_Ranolazine_MPO/compare_GuacaMol_20260824_152107/runs/spectralmol/seed_4/case_GuacaMol_20260824_152110/benchmark_runs/2026_08_24_evolution_ga_benchmark_15_21_21/2026_08_24_evolution_ga_Ranolazine_MPO/generator_top_molecules.csv	generator-top	256	173	27	100	100
full-spectrum	4	13	Perindopril_MPO	/ibex/scratch/colleoe/spectralMol/guacamol_frequency_ablation_merged_20260824_150715/full-spectrum/seed_4/task_13_Perindopril_MPO/compare_GuacaMol_20260824_152107/runs/spectralmol/seed_4/case_GuacaMol_20260824_152110/benchmark_runs/2026_08_24_evolution_ga_benchmark_15_21_21/2026_08_24_evolution_ga_Perindopril_MPO/generator_top_molecules.csv	generator-top	256	26	174	26	26
full-spectrum	4	14	Amlodipine_MPO	/ibex/scratch/colleoe/spectralMol/guacamol_frequency_ablation_merged_20260824_150715/full-spectrum/seed_4/task_14_Amlodipine_MPO/compare_GuacaMol_20260824_152107/runs/spectralmol/seed_4/case_GuacaMol_20260824_152110/benchmark_runs/2026_08_24_evolution_ga_benchmark_15_21_21/2026_08_24_evolution_ga_Amlodipine_MPO/generator_top_molecules.csv	generator-top	256	54	146	54	54
full-spectrum	4	15	Sitagliptin_MPO	/ibex/scratch/colleoe/spectralMol/guacamol_frequency_ablation_merged_20260824_150715/full-spectrum/seed_4/task_15_Sitagliptin_MPO/compare_GuacaMol_20260824_152107/runs/spectralmol/seed_4/case_GuacaMol_20260824_152110/benchmark_runs/2026_08_24_evolution_ga_benchmark_15_21_21/2026_08_24_evolution_ga_Sitagliptin_MPO/generator_top_molecules.csv	generator-top	256	199	1	100	100
full-spectrum	4	16	Zaleplon_MPO	/ibex/scratch/colleoe/spectralMol/guacamol_frequency_ablation_merged_20260824_150715/full-spectrum/seed_4/task_16_Zaleplon_MPO/compare_GuacaMol_20260824_152107/runs/spectralmol/seed_4/case_GuacaMol_20260824_152109/benchmark_runs/2026_08_24_evolution_ga_benchmark_15_21_20/2026_08_24_evolution_ga_Zaleplon_MPO/generator_top_molecules.csv	generator-top	256	182	18	100	100
full-spectrum	4	17	Valsartan_smarts	/ibex/scratch/colleoe/spectralMol/guacamol_frequency_ablation_merged_20260824_150715/full-spectrum/seed_4/task_17_Valsartan_smarts/compare_GuacaMol_20260824_152107/runs/spectralmol/seed_4/case_GuacaMol_20260824_152109/benchmark_runs/2026_08_24_evolution_ga_benchmark_15_21_20/2026_08_24_evolution_ga_Valsartan_smarts/generator_top_molecules.csv	generator-top	256	187	13	100	100
full-spectrum	4	18	Deco_hop	/ibex/scratch/colleoe/spectralMol/guacamol_frequency_ablation_merged_20260824_150715/full-spectrum/seed_4/task_18_Deco_hop/compare_GuacaMol_20260824_152107/runs/spectralmol/seed_4/case_GuacaMol_20260824_152108/benchmark_runs/2026_08_24_evolution_ga_benchmark_15_21_20/2026_08_24_evolution_ga_Deco_hop/generator_top_molecules.csv	generator-top	256	51	149	51	51
full-spectrum	4	19	Scaffold_hop	/ibex/scratch/colleoe/spectralMol/guacamol_frequency_ablation_merged_20260824_150715/full-spectrum/seed_4/task_19_Scaffold_hop/compare_GuacaMol_20260824_152107/runs/spectralmol/seed_4/case_GuacaMol_20260824_152108/benchmark_runs/2026_08_24_evolution_ga_benchmark_15_21_20/2026_08_24_evolution_ga_Scaffold_hop/generator_top_molecules.csv	generator-top	256	200	0	100	100
full-spectrum	4	1	Troglitazone_rediscovery	/ibex/scratch/colleoe/spectralMol/guacamol_frequency_ablation_merged_20260824_150715/full-spectrum/seed_4/task_1_Troglitazone_rediscovery/compare_GuacaMol_20260824_152109/runs/spectralmol/seed_4/case_GuacaMol_20260824_152111/benchmark_runs/2026_08_24_evolution_ga_benchmark_15_21_25/2026_08_24_evolution_ga_Troglitazone_rediscovery/generator_top_molecules.csv	generator-top	256	200	0	100	100
full-spectrum	4	2	Thiothixene_rediscovery	/ibex/scratch/colleoe/spectralMol/guacamol_frequency_ablation_merged_20260824_150715/full-spectrum/seed_4/task_2_Thiothixene_rediscovery/compare_GuacaMol_20260824_152109/runs/spectralmol/seed_4/case_GuacaMol_20260824_152111/benchmark_runs/2026_08_24_evolution_ga_benchmark_15_21_25/2026_08_24_evolution_ga_Thiothixene_rediscovery/generator_top_molecules.csv	generator-top	256	200	0	100	100
full-spectrum	4	3	Aripiprazole_similarity	/ibex/scratch/colleoe/spectralMol/guacamol_frequency_ablation_merged_20260824_150715/full-spectrum/seed_4/task_3_Aripiprazole_similarity/compare_GuacaMol_20260824_152109/runs/spectralmol/seed_4/case_GuacaMol_20260824_152111/benchmark_runs/2026_08_24_evolution_ga_benchmark_15_21_25/2026_08_24_evolution_ga_Aripiprazole_similarity/generator_top_molecules.csv	generator-top	256	200	0	100	100
full-spectrum	4	4	Albuterol_similarity	/ibex/scratch/colleoe/spectralMol/guacamol_frequency_ablation_merged_20260824_150715/full-spectrum/seed_4/task_4_Albuterol_similarity/compare_GuacaMol_20260824_152102/runs/spectralmol/seed_4/case_GuacaMol_20260824_152103/benchmark_runs/2026_08_24_evolution_ga_benchmark_15_21_06/2026_08_24_evolution_ga_Albuterol_similarity/generator_top_molecules.csv	generator-top	256	200	0	100	100
full-spectrum	4	5	Mestranol_similarity	/ibex/scratch/colleoe/spectralMol/guacamol_frequency_ablation_merged_20260824_150715/full-spectrum/seed_4/task_5_Mestranol_similarity/compare_GuacaMol_20260824_152102/runs/spectralmol/seed_4/case_GuacaMol_20260824_152103/benchmark_runs/2026_08_24_evolution_ga_benchmark_15_21_06/2026_08_24_evolution_ga_Mestranol_similarity/generator_top_molecules.csv	generator-top	256	200	0	100	100
full-spectrum	4	6	C11H24	/ibex/scratch/colleoe/spectralMol/guacamol_frequency_ablation_merged_20260824_150715/full-spectrum/seed_4/task_6_C11H24/compare_GuacaMol_20260824_152102/runs/spectralmol/seed_4/case_GuacaMol_20260824_152103/benchmark_runs/2026_08_24_evolution_ga_benchmark_15_21_06/2026_08_24_evolution_ga_C11H24/generator_top_molecules.csv	generator-top	256	200	0	100	100
full-spectrum	4	7	C9H10N2O2PF2Cl	/ibex/scratch/colleoe/spectralMol/guacamol_frequency_ablation_merged_20260824_150715/full-spectrum/seed_4/task_7_C9H10N2O2PF2Cl/compare_GuacaMol_20260824_152102/runs/spectralmol/seed_4/case_GuacaMol_20260824_152103/benchmark_runs/2026_08_24_evolution_ga_benchmark_15_21_06/2026_08_24_evolution_ga_C9H10N2O2PF2Cl/generator_top_molecules.csv	generator-top	256	200	0	100	100
full-spectrum	4	8	Median_molecules_1	/ibex/scratch/colleoe/spectralMol/guacamol_frequency_ablation_merged_20260824_150715/full-spectrum/seed_4/task_8_Median_molecules_1/compare_GuacaMol_20260824_152103/runs/spectralmol/seed_4/case_GuacaMol_20260824_152103/benchmark_runs/2026_08_24_evolution_ga_benchmark_15_21_06/2026_08_24_evolution_ga_Median_molecules_1/generator_top_molecules.csv	generator-top	256	200	0	100	100
full-spectrum	4	9	Median_molecules_2	/ibex/scratch/colleoe/spectralMol/guacamol_frequency_ablation_merged_20260824_150715/full-spectrum/seed_4/task_9_Median_molecules_2/compare_GuacaMol_20260824_152103/runs/spectralmol/seed_4/case_GuacaMol_20260824_152103/benchmark_runs/2026_08_24_evolution_ga_benchmark_15_21_06/2026_08_24_evolution_ga_Median_molecules_2/generator_top_molecules.csv	generator-top	256	53	147	53	53
full-spectrum	5	0	Celecoxib_rediscovery	/ibex/scratch/colleoe/spectralMol/guacamol_frequency_ablation_merged_20260824_150715/full-spectrum/seed_5/task_0_Celecoxib_rediscovery/compare_GuacaMol_20260824_152109/runs/spectralmol/seed_5/case_GuacaMol_20260824_152111/benchmark_runs/2026_08_24_evolution_ga_benchmark_15_21_23/2026_08_24_evolution_ga_Celecoxib_rediscovery/generator_top_molecules.csv	generator-top	256	200	0	100	100
full-spectrum	5	10	Osimertinib_MPO	/ibex/scratch/colleoe/spectralMol/guacamol_frequency_ablation_merged_20260824_150715/full-spectrum/seed_5/task_10_Osimertinib_MPO/compare_GuacaMol_20260824_152103/runs/spectralmol/seed_5/case_GuacaMol_20260824_152104/benchmark_runs/2026_08_24_evolution_ga_benchmark_15_21_07/2026_08_24_evolution_ga_Osimertinib_MPO/generator_top_molecules.csv	generator-top	256	149	51	100	100
full-spectrum	5	11	Fexofenadine_MPO	/ibex/scratch/colleoe/spectralMol/guacamol_frequency_ablation_merged_20260824_150715/full-spectrum/seed_5/task_11_Fexofenadine_MPO/compare_GuacaMol_20260824_152103/runs/spectralmol/seed_5/case_GuacaMol_20260824_152104/benchmark_runs/2026_08_24_evolution_ga_benchmark_15_21_07/2026_08_24_evolution_ga_Fexofenadine_MPO/generator_top_molecules.csv	generator-top	256	200	0	100	100
full-spectrum	5	12	Ranolazine_MPO	/ibex/scratch/colleoe/spectralMol/guacamol_frequency_ablation_merged_20260824_150715/full-spectrum/seed_5/task_12_Ranolazine_MPO/compare_GuacaMol_20260824_152117/runs/spectralmol/seed_5/case_GuacaMol_20260824_152120/benchmark_runs/2026_08_24_evolution_ga_benchmark_15_21_31/2026_08_24_evolution_ga_Ranolazine_MPO/generator_top_molecules.csv	generator-top	256	158	42	100	100
full-spectrum	5	13	Perindopril_MPO	/ibex/scratch/colleoe/spectralMol/guacamol_frequency_ablation_merged_20260824_150715/full-spectrum/seed_5/task_13_Perindopril_MPO/compare_GuacaMol_20260824_152112/runs/spectralmol/seed_5/case_GuacaMol_20260824_152115/benchmark_runs/2026_08_24_evolution_ga_benchmark_15_21_25/2026_08_24_evolution_ga_Perindopril_MPO/generator_top_molecules.csv	generator-top	256	38	162	38	38
full-spectrum	5	14	Amlodipine_MPO	/ibex/scratch/colleoe/spectralMol/guacamol_frequency_ablation_merged_20260824_150715/full-spectrum/seed_5/task_14_Amlodipine_MPO/compare_GuacaMol_20260824_152117/runs/spectralmol/seed_5/case_GuacaMol_20260824_152120/benchmark_runs/2026_08_24_evolution_ga_benchmark_15_21_31/2026_08_24_evolution_ga_Amlodipine_MPO/generator_top_molecules.csv	generator-top	256	84	116	84	84
full-spectrum	5	15	Sitagliptin_MPO	/ibex/scratch/colleoe/spectralMol/guacamol_frequency_ablation_merged_20260824_150715/full-spectrum/seed_5/task_15_Sitagliptin_MPO/compare_GuacaMol_20260824_152107/runs/spectralmol/seed_5/case_GuacaMol_20260824_152110/benchmark_runs/2026_08_24_evolution_ga_benchmark_15_21_21/2026_08_24_evolution_ga_Sitagliptin_MPO/generator_top_molecules.csv	generator-top	256	200	0	100	100
full-spectrum	5	16	Zaleplon_MPO	/ibex/scratch/colleoe/spectralMol/guacamol_frequency_ablation_merged_20260824_150715/full-spectrum/seed_5/task_16_Zaleplon_MPO/compare_GuacaMol_20260824_152117/runs/spectralmol/seed_5/case_GuacaMol_20260824_152120/benchmark_runs/2026_08_24_evolution_ga_benchmark_15_21_31/2026_08_24_evolution_ga_Zaleplon_MPO/generator_top_molecules.csv	generator-top	256	198	2	100	100
full-spectrum	5	17	Valsartan_smarts	/ibex/scratch/colleoe/spectralMol/guacamol_frequency_ablation_merged_20260824_150715/full-spectrum/seed_5/task_17_Valsartan_smarts/compare_GuacaMol_20260824_152112/runs/spectralmol/seed_5/case_GuacaMol_20260824_152115/benchmark_runs/2026_08_24_evolution_ga_benchmark_15_21_25/2026_08_24_evolution_ga_Valsartan_smarts/generator_top_molecules.csv	generator-top	256	177	23	100	100
full-spectrum	5	18	Deco_hop	/ibex/scratch/colleoe/spectralMol/guacamol_frequency_ablation_merged_20260824_150715/full-spectrum/seed_5/task_18_Deco_hop/compare_GuacaMol_20260824_152117/runs/spectralmol/seed_5/case_GuacaMol_20260824_152118/benchmark_runs/2026_08_24_evolution_ga_benchmark_15_21_22/2026_08_24_evolution_ga_Deco_hop/generator_top_molecules.csv	generator-top	256	47	153	47	47
full-spectrum	5	19	Scaffold_hop	/ibex/scratch/colleoe/spectralMol/guacamol_frequency_ablation_merged_20260824_150715/full-spectrum/seed_5/task_19_Scaffold_hop/compare_GuacaMol_20260824_152259/runs/spectralmol/seed_5/case_GuacaMol_20260824_152259/benchmark_runs/2026_08_24_evolution_ga_benchmark_15_23_02/2026_08_24_evolution_ga_Scaffold_hop/generator_top_molecules.csv	generator-top	256	200	0	100	100
full-spectrum	5	1	Troglitazone_rediscovery	/ibex/scratch/colleoe/spectralMol/guacamol_frequency_ablation_merged_20260824_150715/full-spectrum/seed_5/task_1_Troglitazone_rediscovery/compare_GuacaMol_20260824_152107/runs/spectralmol/seed_5/case_GuacaMol_20260824_152110/benchmark_runs/2026_08_24_evolution_ga_benchmark_15_21_21/2026_08_24_evolution_ga_Troglitazone_rediscovery/generator_top_molecules.csv	generator-top	256	198	2	100	100
full-spectrum	5	2	Thiothixene_rediscovery	/ibex/scratch/colleoe/spectralMol/guacamol_frequency_ablation_merged_20260824_150715/full-spectrum/seed_5/task_2_Thiothixene_rediscovery/compare_GuacaMol_20260824_152108/runs/spectralmol/seed_5/case_GuacaMol_20260824_152110/benchmark_runs/2026_08_24_evolution_ga_benchmark_15_21_21/2026_08_24_evolution_ga_Thiothixene_rediscovery/generator_top_molecules.csv	generator-top	256	200	0	100	100
full-spectrum	5	3	Aripiprazole_similarity	/ibex/scratch/colleoe/spectralMol/guacamol_frequency_ablation_merged_20260824_150715/full-spectrum/seed_5/task_3_Aripiprazole_similarity/compare_GuacaMol_20260824_152103/runs/spectralmol/seed_5/case_GuacaMol_20260824_152103/benchmark_runs/2026_08_24_evolution_ga_benchmark_15_21_06/2026_08_24_evolution_ga_Aripiprazole_similarity/generator_top_molecules.csv	generator-top	256	200	0	100	100
full-spectrum	5	4	Albuterol_similarity	/ibex/scratch/colleoe/spectralMol/guacamol_frequency_ablation_merged_20260824_150715/full-spectrum/seed_5/task_4_Albuterol_similarity/compare_GuacaMol_20260824_152102/runs/spectralmol/seed_5/case_GuacaMol_20260824_152102/benchmark_runs/2026_08_24_evolution_ga_benchmark_15_21_05/2026_08_24_evolution_ga_Albuterol_similarity/generator_top_molecules.csv	generator-top	256	186	14	100	100
full-spectrum	5	5	Mestranol_similarity	/ibex/scratch/colleoe/spectralMol/guacamol_frequency_ablation_merged_20260824_150715/full-spectrum/seed_5/task_5_Mestranol_similarity/compare_GuacaMol_20260824_152103/runs/spectralmol/seed_5/case_GuacaMol_20260824_152103/benchmark_runs/2026_08_24_evolution_ga_benchmark_15_21_06/2026_08_24_evolution_ga_Mestranol_similarity/generator_top_molecules.csv	generator-top	256	200	0	100	100
full-spectrum	5	6	C11H24	/ibex/scratch/colleoe/spectralMol/guacamol_frequency_ablation_merged_20260824_150715/full-spectrum/seed_5/task_6_C11H24/compare_GuacaMol_20260824_152102/runs/spectralmol/seed_5/case_GuacaMol_20260824_152102/benchmark_runs/2026_08_24_evolution_ga_benchmark_15_21_05/2026_08_24_evolution_ga_C11H24/generator_top_molecules.csv	generator-top	256	200	0	100	100
full-spectrum	5	7	C9H10N2O2PF2Cl	/ibex/scratch/colleoe/spectralMol/guacamol_frequency_ablation_merged_20260824_150715/full-spectrum/seed_5/task_7_C9H10N2O2PF2Cl/compare_GuacaMol_20260824_152103/runs/spectralmol/seed_5/case_GuacaMol_20260824_152104/benchmark_runs/2026_08_24_evolution_ga_benchmark_15_21_07/2026_08_24_evolution_ga_C9H10N2O2PF2Cl/generator_top_molecules.csv	generator-top	256	200	0	100	100
full-spectrum	5	8	Median_molecules_1	/ibex/scratch/colleoe/spectralMol/guacamol_frequency_ablation_merged_20260824_150715/full-spectrum/seed_5/task_8_Median_molecules_1/compare_GuacaMol_20260824_152103/runs/spectralmol/seed_5/case_GuacaMol_20260824_152104/benchmark_runs/2026_08_24_evolution_ga_benchmark_15_21_07/2026_08_24_evolution_ga_Median_molecules_1/generator_top_molecules.csv	generator-top	256	200	0	100	100
full-spectrum	5	9	Median_molecules_2	/ibex/scratch/colleoe/spectralMol/guacamol_frequency_ablation_merged_20260824_150715/full-spectrum/seed_5/task_9_Median_molecules_2/compare_GuacaMol_20260824_152103/runs/spectralmol/seed_5/case_GuacaMol_20260824_152104/benchmark_runs/2026_08_24_evolution_ga_benchmark_15_21_07/2026_08_24_evolution_ga_Median_molecules_2/generator_top_molecules.csv	generator-top	256	17	183	17	17
high-only	0	0	Celecoxib_rediscovery	/ibex/scratch/colleoe/spectralMol/guacamol_frequency_ablation_merged_20260824_150715/high-only/seed_0/task_0_Celecoxib_rediscovery/compare_GuacaMol_20260824_152313/runs/spectralmol/seed_0/case_GuacaMol_20260824_152314/benchmark_runs/2026_08_24_evolution_ga_benchmark_15_23_17/2026_08_24_evolution_ga_Celecoxib_rediscovery/generator_top_molecules.csv	generator-top	256	41	159	41	41
high-only	0	10	Osimertinib_MPO	/ibex/scratch/colleoe/spectralMol/guacamol_frequency_ablation_merged_20260824_150715/high-only/seed_0/task_10_Osimertinib_MPO/compare_GuacaMol_20260824_152401/runs/spectralmol/seed_0/case_GuacaMol_20260824_152402/benchmark_runs/2026_08_24_evolution_ga_benchmark_15_24_09/2026_08_24_evolution_ga_Osimertinib_MPO/generator_top_molecules.csv	generator-top	256	50	150	50	50
high-only	0	11	Fexofenadine_MPO	/ibex/scratch/colleoe/spectralMol/guacamol_frequency_ablation_merged_20260824_150715/high-only/seed_0/task_11_Fexofenadine_MPO/compare_GuacaMol_20260824_152401/runs/spectralmol/seed_0/case_GuacaMol_20260824_152402/benchmark_runs/2026_08_24_evolution_ga_benchmark_15_24_05/2026_08_24_evolution_ga_Fexofenadine_MPO/generator_top_molecules.csv	generator-top	256	73	127	73	73
high-only	0	12	Ranolazine_MPO	/ibex/scratch/colleoe/spectralMol/guacamol_frequency_ablation_merged_20260824_150715/high-only/seed_0/task_12_Ranolazine_MPO/compare_GuacaMol_20260824_152404/runs/spectralmol/seed_0/case_GuacaMol_20260824_152405/benchmark_runs/2026_08_24_evolution_ga_benchmark_15_24_07/2026_08_24_evolution_ga_Ranolazine_MPO/generator_top_molecules.csv	generator-top	256	17	183	17	17
high-only	0	13	Perindopril_MPO	/ibex/scratch/colleoe/spectralMol/guacamol_frequency_ablation_merged_20260824_150715/high-only/seed_0/task_13_Perindopril_MPO/compare_GuacaMol_20260824_152412/runs/spectralmol/seed_0/case_GuacaMol_20260824_152414/benchmark_runs/2026_08_24_evolution_ga_benchmark_15_24_24/2026_08_24_evolution_ga_Perindopril_MPO/generator_top_molecules.csv	generator-top	256	17	183	17	17
high-only	0	14	Amlodipine_MPO	/ibex/scratch/colleoe/spectralMol/guacamol_frequency_ablation_merged_20260824_150715/high-only/seed_0/task_14_Amlodipine_MPO/compare_GuacaMol_20260824_152407/runs/spectralmol/seed_0/case_GuacaMol_20260824_152408/benchmark_runs/2026_08_24_evolution_ga_benchmark_15_24_10/2026_08_24_evolution_ga_Amlodipine_MPO/generator_top_molecules.csv	generator-top	256	21	179	21	21
high-only	0	15	Sitagliptin_MPO	/ibex/scratch/colleoe/spectralMol/guacamol_frequency_ablation_merged_20260824_150715/high-only/seed_0/task_15_Sitagliptin_MPO/compare_GuacaMol_20260824_152407/runs/spectralmol/seed_0/case_GuacaMol_20260824_152408/benchmark_runs/2026_08_24_evolution_ga_benchmark_15_24_10/2026_08_24_evolution_ga_Sitagliptin_MPO/generator_top_molecules.csv	generator-top	256	105	95	100	100
high-only	0	16	Zaleplon_MPO	/ibex/scratch/colleoe/spectralMol/guacamol_frequency_ablation_merged_20260824_150715/high-only/seed_0/task_16_Zaleplon_MPO/compare_GuacaMol_20260824_152407/runs/spectralmol/seed_0/case_GuacaMol_20260824_152408/benchmark_runs/2026_08_24_evolution_ga_benchmark_15_24_10/2026_08_24_evolution_ga_Zaleplon_MPO/generator_top_molecules.csv	generator-top	256	82	118	82	82
high-only	0	17	Valsartan_smarts	/ibex/scratch/colleoe/spectralMol/guacamol_frequency_ablation_merged_20260824_150715/high-only/seed_0/task_17_Valsartan_smarts/compare_GuacaMol_20260824_152414/runs/spectralmol/seed_0/case_GuacaMol_20260824_152416/benchmark_runs/2026_08_24_evolution_ga_benchmark_15_24_27/2026_08_24_evolution_ga_Valsartan_smarts/generator_top_molecules.csv	generator-top	256	107	93	100	100
high-only	0	18	Deco_hop	/ibex/scratch/colleoe/spectralMol/guacamol_frequency_ablation_merged_20260824_150715/high-only/seed_0/task_18_Deco_hop/compare_GuacaMol_20260824_152416/runs/spectralmol/seed_0/case_GuacaMol_20260824_152418/benchmark_runs/2026_08_24_evolution_ga_benchmark_15_24_30/2026_08_24_evolution_ga_Deco_hop/generator_top_molecules.csv	generator-top	256	33	167	33	33
high-only	0	19	Scaffold_hop	/ibex/scratch/colleoe/spectralMol/guacamol_frequency_ablation_merged_20260824_150715/high-only/seed_0/task_19_Scaffold_hop/compare_GuacaMol_20260824_152418/runs/spectralmol/seed_0/case_GuacaMol_20260824_152420/benchmark_runs/2026_08_24_evolution_ga_benchmark_15_24_30/2026_08_24_evolution_ga_Scaffold_hop/generator_top_molecules.csv	generator-top	256	49	151	49	49
high-only	0	1	Troglitazone_rediscovery	/ibex/scratch/colleoe/spectralMol/guacamol_frequency_ablation_merged_20260824_150715/high-only/seed_0/task_1_Troglitazone_rediscovery/compare_GuacaMol_20260824_152319/runs/spectralmol/seed_0/case_GuacaMol_20260824_152320/benchmark_runs/2026_08_24_evolution_ga_benchmark_15_23_23/2026_08_24_evolution_ga_Troglitazone_rediscovery/generator_top_molecules.csv	generator-top	256	104	96	100	100
high-only	0	2	Thiothixene_rediscovery	/ibex/scratch/colleoe/spectralMol/guacamol_frequency_ablation_merged_20260824_150715/high-only/seed_0/task_2_Thiothixene_rediscovery/compare_GuacaMol_20260824_152326/runs/spectralmol/seed_0/case_GuacaMol_20260824_152327/benchmark_runs/2026_08_24_evolution_ga_benchmark_15_23_30/2026_08_24_evolution_ga_Thiothixene_rediscovery/generator_top_molecules.csv	generator-top	256	81	119	81	81
high-only	0	3	Aripiprazole_similarity	/ibex/scratch/colleoe/spectralMol/guacamol_frequency_ablation_merged_20260824_150715/high-only/seed_0/task_3_Aripiprazole_similarity/compare_GuacaMol_20260824_152326/runs/spectralmol/seed_0/case_GuacaMol_20260824_152327/benchmark_runs/2026_08_24_evolution_ga_benchmark_15_23_30/2026_08_24_evolution_ga_Aripiprazole_similarity/generator_top_molecules.csv	generator-top	256	53	147	53	53
high-only	0	4	Albuterol_similarity	/ibex/scratch/colleoe/spectralMol/guacamol_frequency_ablation_merged_20260824_150715/high-only/seed_0/task_4_Albuterol_similarity/compare_GuacaMol_20260824_152332/runs/spectralmol/seed_0/case_GuacaMol_20260824_152333/benchmark_runs/2026_08_24_evolution_ga_benchmark_15_23_35/2026_08_24_evolution_ga_Albuterol_similarity/generator_top_molecules.csv	generator-top	256	156	44	100	100
high-only	0	5	Mestranol_similarity	/ibex/scratch/colleoe/spectralMol/guacamol_frequency_ablation_merged_20260824_150715/high-only/seed_0/task_5_Mestranol_similarity/compare_GuacaMol_20260824_152341/runs/spectralmol/seed_0/case_GuacaMol_20260824_152342/benchmark_runs/2026_08_24_evolution_ga_benchmark_15_23_44/2026_08_24_evolution_ga_Mestranol_similarity/generator_top_molecules.csv	generator-top	256	199	1	100	100
high-only	0	6	C11H24	/ibex/scratch/colleoe/spectralMol/guacamol_frequency_ablation_merged_20260824_150715/high-only/seed_0/task_6_C11H24/compare_GuacaMol_20260824_152343/runs/spectralmol/seed_0/case_GuacaMol_20260824_152344/benchmark_runs/2026_08_24_evolution_ga_benchmark_15_23_46/2026_08_24_evolution_ga_C11H24/generator_top_molecules.csv	generator-top	256	200	0	100	100
high-only	0	7	C9H10N2O2PF2Cl	/ibex/scratch/colleoe/spectralMol/guacamol_frequency_ablation_merged_20260824_150715/high-only/seed_0/task_7_C9H10N2O2PF2Cl/compare_GuacaMol_20260824_152351/runs/spectralmol/seed_0/case_GuacaMol_20260824_152353/benchmark_runs/2026_08_24_evolution_ga_benchmark_15_24_04/2026_08_24_evolution_ga_C9H10N2O2PF2Cl/generator_top_molecules.csv	generator-top	256	191	9	100	100
high-only	0	8	Median_molecules_1	/ibex/scratch/colleoe/spectralMol/guacamol_frequency_ablation_merged_20260824_150715/high-only/seed_0/task_8_Median_molecules_1/compare_GuacaMol_20260824_152350/runs/spectralmol/seed_0/case_GuacaMol_20260824_152350/benchmark_runs/2026_08_24_evolution_ga_benchmark_15_23_53/2026_08_24_evolution_ga_Median_molecules_1/generator_top_molecules.csv	generator-top	256	200	0	100	100
high-only	0	9	Median_molecules_2	/ibex/scratch/colleoe/spectralMol/guacamol_frequency_ablation_merged_20260824_150715/high-only/seed_0/task_9_Median_molecules_2/compare_GuacaMol_20260824_152404/runs/spectralmol/seed_0/case_GuacaMol_20260824_152406/benchmark_runs/2026_08_24_evolution_ga_benchmark_15_24_17/2026_08_24_evolution_ga_Median_molecules_2/generator_top_molecules.csv	generator-top	256	37	163	37	37
high-only	1	0	Celecoxib_rediscovery	/ibex/scratch/colleoe/spectralMol/guacamol_frequency_ablation_merged_20260824_150715/high-only/seed_1/task_0_Celecoxib_rediscovery/compare_GuacaMol_20260824_152421/runs/spectralmol/seed_1/case_GuacaMol_20260824_152424/benchmark_runs/2026_08_24_evolution_ga_benchmark_15_24_37/2026_08_24_evolution_ga_Celecoxib_rediscovery/generator_top_molecules.csv	generator-top	256	53	147	53	53
high-only	1	10	Osimertinib_MPO	/ibex/scratch/colleoe/spectralMol/guacamol_frequency_ablation_merged_20260824_150715/high-only/seed_1/task_10_Osimertinib_MPO/compare_GuacaMol_20260824_152454/runs/spectralmol/seed_1/case_GuacaMol_20260824_152456/benchmark_runs/2026_08_24_evolution_ga_benchmark_15_25_07/2026_08_24_evolution_ga_Osimertinib_MPO/generator_top_molecules.csv	generator-top	256	49	151	49	49
high-only	1	11	Fexofenadine_MPO	/ibex/scratch/colleoe/spectralMol/guacamol_frequency_ablation_merged_20260824_150715/high-only/seed_1/task_11_Fexofenadine_MPO/compare_GuacaMol_20260824_152620/runs/spectralmol/seed_1/case_GuacaMol_20260824_152623/benchmark_runs/2026_08_24_evolution_ga_benchmark_15_26_34/2026_08_24_evolution_ga_Fexofenadine_MPO/generator_top_molecules.csv	generator-top	256	33	167	33	33
high-only	1	12	Ranolazine_MPO	/ibex/scratch/colleoe/spectralMol/guacamol_frequency_ablation_merged_20260824_150715/high-only/seed_1/task_12_Ranolazine_MPO/compare_GuacaMol_20260824_152620/runs/spectralmol/seed_1/case_GuacaMol_20260824_152622/benchmark_runs/2026_08_24_evolution_ga_benchmark_15_26_33/2026_08_24_evolution_ga_Ranolazine_MPO/generator_top_molecules.csv	generator-top	256	7	193	7	7
high-only	1	13	Perindopril_MPO	/ibex/scratch/colleoe/spectralMol/guacamol_frequency_ablation_merged_20260824_150715/high-only/seed_1/task_13_Perindopril_MPO/compare_GuacaMol_20260824_152620/runs/spectralmol/seed_1/case_GuacaMol_20260824_152622/benchmark_runs/2026_08_24_evolution_ga_benchmark_15_26_33/2026_08_24_evolution_ga_Perindopril_MPO/generator_top_molecules.csv	generator-top	256	18	182	18	18
high-only	1	14	Amlodipine_MPO	/ibex/scratch/colleoe/spectralMol/guacamol_frequency_ablation_merged_20260824_150715/high-only/seed_1/task_14_Amlodipine_MPO/compare_GuacaMol_20260824_152621/runs/spectralmol/seed_1/case_GuacaMol_20260824_152623/benchmark_runs/2026_08_24_evolution_ga_benchmark_15_26_36/2026_08_24_evolution_ga_Amlodipine_MPO/generator_top_molecules.csv	generator-top	256	12	188	12	12
high-only	1	15	Sitagliptin_MPO	/ibex/scratch/colleoe/spectralMol/guacamol_frequency_ablation_merged_20260824_150715/high-only/seed_1/task_15_Sitagliptin_MPO/compare_GuacaMol_20260824_152616/runs/spectralmol/seed_1/case_GuacaMol_20260824_152616/benchmark_runs/2026_08_24_evolution_ga_benchmark_15_26_19/2026_08_24_evolution_ga_Sitagliptin_MPO/generator_top_molecules.csv	generator-top	256	117	83	100	100
high-only	1	16	Zaleplon_MPO	/ibex/scratch/colleoe/spectralMol/guacamol_frequency_ablation_merged_20260824_150715/high-only/seed_1/task_16_Zaleplon_MPO/compare_GuacaMol_20260824_152616/runs/spectralmol/seed_1/case_GuacaMol_20260824_152616/benchmark_runs/2026_08_24_evolution_ga_benchmark_15_26_19/2026_08_24_evolution_ga_Zaleplon_MPO/generator_top_molecules.csv	generator-top	256	49	151	49	49
high-only	1	17	Valsartan_smarts	/ibex/scratch/colleoe/spectralMol/guacamol_frequency_ablation_merged_20260824_150715/high-only/seed_1/task_17_Valsartan_smarts/compare_GuacaMol_20260824_152620/runs/spectralmol/seed_1/case_GuacaMol_20260824_152623/benchmark_runs/2026_08_24_evolution_ga_benchmark_15_26_34/2026_08_24_evolution_ga_Valsartan_smarts/generator_top_molecules.csv	generator-top	256	110	90	100	100
high-only	1	18	Deco_hop	/ibex/scratch/colleoe/spectralMol/guacamol_frequency_ablation_merged_20260824_150715/high-only/seed_1/task_18_Deco_hop/compare_GuacaMol_20260824_152620/runs/spectralmol/seed_1/case_GuacaMol_20260824_152623/benchmark_runs/2026_08_24_evolution_ga_benchmark_15_26_34/2026_08_24_evolution_ga_Deco_hop/generator_top_molecules.csv	generator-top	256	28	172	28	28
high-only	1	19	Scaffold_hop	/ibex/scratch/colleoe/spectralMol/guacamol_frequency_ablation_merged_20260824_150715/high-only/seed_1/task_19_Scaffold_hop/compare_GuacaMol_20260824_152616/runs/spectralmol/seed_1/case_GuacaMol_20260824_152617/benchmark_runs/2026_08_24_evolution_ga_benchmark_15_26_20/2026_08_24_evolution_ga_Scaffold_hop/generator_top_molecules.csv	generator-top	256	67	133	67	67
high-only	1	1	Troglitazone_rediscovery	/ibex/scratch/colleoe/spectralMol/guacamol_frequency_ablation_merged_20260824_150715/high-only/seed_1/task_1_Troglitazone_rediscovery/compare_GuacaMol_20260824_152425/runs/spectralmol/seed_1/case_GuacaMol_20260824_152427/benchmark_runs/2026_08_24_evolution_ga_benchmark_15_24_40/2026_08_24_evolution_ga_Troglitazone_rediscovery/generator_top_molecules.csv	generator-top	256	79	121	79	79
high-only	1	2	Thiothixene_rediscovery	/ibex/scratch/colleoe/spectralMol/guacamol_frequency_ablation_merged_20260824_150715/high-only/seed_1/task_2_Thiothixene_rediscovery/compare_GuacaMol_20260824_152423/runs/spectralmol/seed_1/case_GuacaMol_20260824_152424/benchmark_runs/2026_08_24_evolution_ga_benchmark_15_24_27/2026_08_24_evolution_ga_Thiothixene_rediscovery/generator_top_molecules.csv	generator-top	256	45	155	45	45
high-only	1	3	Aripiprazole_similarity	/ibex/scratch/colleoe/spectralMol/guacamol_frequency_ablation_merged_20260824_150715/high-only/seed_1/task_3_Aripiprazole_similarity/compare_GuacaMol_20260824_152431/runs/spectralmol/seed_1/case_GuacaMol_20260824_152434/benchmark_runs/2026_08_24_evolution_ga_benchmark_15_24_47/2026_08_24_evolution_ga_Aripiprazole_similarity/generator_top_molecules.csv	generator-top	256	126	74	100	100
high-only	1	4	Albuterol_similarity	/ibex/scratch/colleoe/spectralMol/guacamol_frequency_ablation_merged_20260824_150715/high-only/seed_1/task_4_Albuterol_similarity/compare_GuacaMol_20260824_152435/runs/spectralmol/seed_1/case_GuacaMol_20260824_152437/benchmark_runs/2026_08_24_evolution_ga_benchmark_15_24_50/2026_08_24_evolution_ga_Albuterol_similarity/generator_top_molecules.csv	generator-top	256	176	24	100	100
high-only	1	5	Mestranol_similarity	/ibex/scratch/colleoe/spectralMol/guacamol_frequency_ablation_merged_20260824_150715/high-only/seed_1/task_5_Mestranol_similarity/compare_GuacaMol_20260824_152433/runs/spectralmol/seed_1/case_GuacaMol_20260824_152435/benchmark_runs/2026_08_24_evolution_ga_benchmark_15_24_46/2026_08_24_evolution_ga_Mestranol_similarity/generator_top_molecules.csv	generator-top	256	177	23	100	100
high-only	1	6	C11H24	/ibex/scratch/colleoe/spectralMol/guacamol_frequency_ablation_merged_20260824_150715/high-only/seed_1/task_6_C11H24/compare_GuacaMol_20260824_152436/runs/spectralmol/seed_1/case_GuacaMol_20260824_152438/benchmark_runs/2026_08_24_evolution_ga_benchmark_15_24_50/2026_08_24_evolution_ga_C11H24/generator_top_molecules.csv	generator-top	256	200	0	100	100
high-only	1	7	C9H10N2O2PF2Cl	/ibex/scratch/colleoe/spectralMol/guacamol_frequency_ablation_merged_20260824_150715/high-only/seed_1/task_7_C9H10N2O2PF2Cl/compare_GuacaMol_20260824_152436/runs/spectralmol/seed_1/case_GuacaMol_20260824_152438/benchmark_runs/2026_08_24_evolution_ga_benchmark_15_24_50/2026_08_24_evolution_ga_C9H10N2O2PF2Cl/generator_top_molecules.csv	generator-top	256	196	4	100	100
high-only	1	8	Median_molecules_1	/ibex/scratch/colleoe/spectralMol/guacamol_frequency_ablation_merged_20260824_150715/high-only/seed_1/task_8_Median_molecules_1/compare_GuacaMol_20260824_152443/runs/spectralmol/seed_1/case_GuacaMol_20260824_152445/benchmark_runs/2026_08_24_evolution_ga_benchmark_15_24_57/2026_08_24_evolution_ga_Median_molecules_1/generator_top_molecules.csv	generator-top	256	200	0	100	100
high-only	1	9	Median_molecules_2	/ibex/scratch/colleoe/spectralMol/guacamol_frequency_ablation_merged_20260824_150715/high-only/seed_1/task_9_Median_molecules_2/compare_GuacaMol_20260824_152444/runs/spectralmol/seed_1/case_GuacaMol_20260824_152444/benchmark_runs/2026_08_24_evolution_ga_benchmark_15_24_48/2026_08_24_evolution_ga_Median_molecules_2/generator_top_molecules.csv	generator-top	256	26	174	26	26
high-only	2	0	Celecoxib_rediscovery	/ibex/scratch/colleoe/spectralMol/guacamol_frequency_ablation_merged_20260824_150715/high-only/seed_2/task_0_Celecoxib_rediscovery/compare_GuacaMol_20260824_152625/runs/spectralmol/seed_2/case_GuacaMol_20260824_152629/benchmark_runs/2026_08_24_evolution_ga_benchmark_15_26_49/2026_08_24_evolution_ga_Celecoxib_rediscovery/generator_top_molecules.csv	generator-top	256	54	146	54	54
high-only	2	10	Osimertinib_MPO	/ibex/scratch/colleoe/spectralMol/guacamol_frequency_ablation_merged_20260824_150715/high-only/seed_2/task_10_Osimertinib_MPO/compare_GuacaMol_20260824_152658/runs/spectralmol/seed_2/case_GuacaMol_20260824_152700/benchmark_runs/2026_08_24_evolution_ga_benchmark_15_27_11/2026_08_24_evolution_ga_Osimertinib_MPO/generator_top_molecules.csv	generator-top	256	64	136	64	64
high-only	2	11	Fexofenadine_MPO	/ibex/scratch/colleoe/spectralMol/guacamol_frequency_ablation_merged_20260824_150715/high-only/seed_2/task_11_Fexofenadine_MPO/compare_GuacaMol_20260824_152702/runs/spectralmol/seed_2/case_GuacaMol_20260824_152703/benchmark_runs/2026_08_24_evolution_ga_benchmark_15_27_05/2026_08_24_evolution_ga_Fexofenadine_MPO/generator_top_molecules.csv	generator-top	256	33	167	33	33
high-only	2	12	Ranolazine_MPO	/ibex/scratch/colleoe/spectralMol/guacamol_frequency_ablation_merged_20260824_150715/high-only/seed_2/task_12_Ranolazine_MPO/compare_GuacaMol_20260824_152705/runs/spectralmol/seed_2/case_GuacaMol_20260824_152705/benchmark_runs/2026_08_24_evolution_ga_benchmark_15_27_08/2026_08_24_evolution_ga_Ranolazine_MPO/generator_top_molecules.csv	generator-top	256	10	190	10	10
high-only	2	13	Perindopril_MPO	/ibex/scratch/colleoe/spectralMol/guacamol_frequency_ablation_merged_20260824_150715/high-only/seed_2/task_13_Perindopril_MPO/compare_GuacaMol_20260824_152705/runs/spectralmol/seed_2/case_GuacaMol_20260824_152705/benchmark_runs/2026_08_24_evolution_ga_benchmark_15_27_08/2026_08_24_evolution_ga_Perindopril_MPO/generator_top_molecules.csv	generator-top	256	27	173	27	27
high-only	2	14	Amlodipine_MPO	/ibex/scratch/colleoe/spectralMol/guacamol_frequency_ablation_merged_20260824_150715/high-only/seed_2/task_14_Amlodipine_MPO/compare_GuacaMol_20260824_152719/runs/spectralmol/seed_2/case_GuacaMol_20260824_152721/benchmark_runs/2026_08_24_evolution_ga_benchmark_15_27_32/2026_08_24_evolution_ga_Amlodipine_MPO/generator_top_molecules.csv	generator-top	256	19	181	19	19
high-only	2	15	Sitagliptin_MPO	/ibex/scratch/colleoe/spectralMol/guacamol_frequency_ablation_merged_20260824_150715/high-only/seed_2/task_15_Sitagliptin_MPO/compare_GuacaMol_20260824_152714/runs/spectralmol/seed_2/case_GuacaMol_20260824_152714/benchmark_runs/2026_08_24_evolution_ga_benchmark_15_27_17/2026_08_24_evolution_ga_Sitagliptin_MPO/generator_top_molecules.csv	generator-top	256	131	69	100	100
high-only	2	16	Zaleplon_MPO	/ibex/scratch/colleoe/spectralMol/guacamol_frequency_ablation_merged_20260824_150715/high-only/seed_2/task_16_Zaleplon_MPO/compare_GuacaMol_20260824_152725/runs/spectralmol/seed_2/case_GuacaMol_20260824_152727/benchmark_runs/2026_08_24_evolution_ga_benchmark_15_27_38/2026_08_24_evolution_ga_Zaleplon_MPO/generator_top_molecules.csv	generator-top	256	44	156	44	44
high-only	2	17	Valsartan_smarts	/ibex/scratch/colleoe/spectralMol/guacamol_frequency_ablation_merged_20260824_150715/high-only/seed_2/task_17_Valsartan_smarts/compare_GuacaMol_20260824_152729/runs/spectralmol/seed_2/case_GuacaMol_20260824_152731/benchmark_runs/2026_08_24_evolution_ga_benchmark_15_27_43/2026_08_24_evolution_ga_Valsartan_smarts/generator_top_molecules.csv	generator-top	256	135	65	100	100
high-only	2	18	Deco_hop	/ibex/scratch/colleoe/spectralMol/guacamol_frequency_ablation_merged_20260824_150715/high-only/seed_2/task_18_Deco_hop/compare_GuacaMol_20260824_152736/runs/spectralmol/seed_2/case_GuacaMol_20260824_152739/benchmark_runs/2026_08_24_evolution_ga_benchmark_15_27_52/2026_08_24_evolution_ga_Deco_hop/generator_top_molecules.csv	generator-top	256	32	168	32	32
high-only	2	19	Scaffold_hop	/ibex/scratch/colleoe/spectralMol/guacamol_frequency_ablation_merged_20260824_150715/high-only/seed_2/task_19_Scaffold_hop/compare_GuacaMol_20260824_152730/runs/spectralmol/seed_2/case_GuacaMol_20260824_152731/benchmark_runs/2026_08_24_evolution_ga_benchmark_15_27_33/2026_08_24_evolution_ga_Scaffold_hop/generator_top_molecules.csv	generator-top	256	55	145	55	55
high-only	2	1	Troglitazone_rediscovery	/ibex/scratch/colleoe/spectralMol/guacamol_frequency_ablation_merged_20260824_150715/high-only/seed_2/task_1_Troglitazone_rediscovery/compare_GuacaMol_20260824_152618/runs/spectralmol/seed_2/case_GuacaMol_20260824_152619/benchmark_runs/2026_08_24_evolution_ga_benchmark_15_26_21/2026_08_24_evolution_ga_Troglitazone_rediscovery/generator_top_molecules.csv	generator-top	256	74	126	74	74
high-only	2	2	Thiothixene_rediscovery	/ibex/scratch/colleoe/spectralMol/guacamol_frequency_ablation_merged_20260824_150715/high-only/seed_2/task_2_Thiothixene_rediscovery/compare_GuacaMol_20260824_152618/runs/spectralmol/seed_2/case_GuacaMol_20260824_152619/benchmark_runs/2026_08_24_evolution_ga_benchmark_15_26_21/2026_08_24_evolution_ga_Thiothixene_rediscovery/generator_top_molecules.csv	generator-top	256	53	147	53	53
high-only	2	3	Aripiprazole_similarity	/ibex/scratch/colleoe/spectralMol/guacamol_frequency_ablation_merged_20260824_150715/high-only/seed_2/task_3_Aripiprazole_similarity/compare_GuacaMol_20260824_152621/runs/spectralmol/seed_2/case_GuacaMol_20260824_152621/benchmark_runs/2026_08_24_evolution_ga_benchmark_15_26_24/2026_08_24_evolution_ga_Aripiprazole_similarity/generator_top_molecules.csv	generator-top	256	141	59	100	100
high-only	2	4	Albuterol_similarity	/ibex/scratch/colleoe/spectralMol/guacamol_frequency_ablation_merged_20260824_150715/high-only/seed_2/task_4_Albuterol_similarity/compare_GuacaMol_20260824_152621/runs/spectralmol/seed_2/case_GuacaMol_20260824_152621/benchmark_runs/2026_08_24_evolution_ga_benchmark_15_26_24/2026_08_24_evolution_ga_Albuterol_similarity/generator_top_molecules.csv	generator-top	256	198	2	100	100
high-only	2	5	Mestranol_similarity	/ibex/scratch/colleoe/spectralMol/guacamol_frequency_ablation_merged_20260824_150715/high-only/seed_2/task_5_Mestranol_similarity/compare_GuacaMol_20260824_152620/runs/spectralmol/seed_2/case_GuacaMol_20260824_152620/benchmark_runs/2026_08_24_evolution_ga_benchmark_15_26_23/2026_08_24_evolution_ga_Mestranol_similarity/generator_top_molecules.csv	generator-top	256	191	9	100	100
high-only	2	6	C11H24	/ibex/scratch/colleoe/spectralMol/guacamol_frequency_ablation_merged_20260824_150715/high-only/seed_2/task_6_C11H24/compare_GuacaMol_20260824_152626/runs/spectralmol/seed_2/case_GuacaMol_20260824_152626/benchmark_runs/2026_08_24_evolution_ga_benchmark_15_26_29/2026_08_24_evolution_ga_C11H24/generator_top_molecules.csv	generator-top	256	200	0	100	100
high-only	2	7	C9H10N2O2PF2Cl	/ibex/scratch/colleoe/spectralMol/guacamol_frequency_ablation_merged_20260824_150715/high-only/seed_2/task_7_C9H10N2O2PF2Cl/compare_GuacaMol_20260824_152633/runs/spectralmol/seed_2/case_GuacaMol_20260824_152633/benchmark_runs/2026_08_24_evolution_ga_benchmark_15_26_36/2026_08_24_evolution_ga_C9H10N2O2PF2Cl/generator_top_molecules.csv	generator-top	256	199	1	100	100
high-only	2	8	Median_molecules_1	/ibex/scratch/colleoe/spectralMol/guacamol_frequency_ablation_merged_20260824_150715/high-only/seed_2/task_8_Median_molecules_1/compare_GuacaMol_20260824_152641/runs/spectralmol/seed_2/case_GuacaMol_20260824_152643/benchmark_runs/2026_08_24_evolution_ga_benchmark_15_26_54/2026_08_24_evolution_ga_Median_molecules_1/generator_top_molecules.csv	generator-top	256	200	0	100	100
high-only	2	9	Median_molecules_2	/ibex/scratch/colleoe/spectralMol/guacamol_frequency_ablation_merged_20260824_150715/high-only/seed_2/task_9_Median_molecules_2/compare_GuacaMol_20260824_152645/runs/spectralmol/seed_2/case_GuacaMol_20260824_152645/benchmark_runs/2026_08_24_evolution_ga_benchmark_15_26_48/2026_08_24_evolution_ga_Median_molecules_2/generator_top_molecules.csv	generator-top	256	35	165	35	35
high-only	3	0	Celecoxib_rediscovery	/ibex/scratch/colleoe/spectralMol/guacamol_frequency_ablation_merged_20260824_150715/high-only/seed_3/task_0_Celecoxib_rediscovery/compare_GuacaMol_20260824_152739/runs/spectralmol/seed_3/case_GuacaMol_20260824_152741/benchmark_runs/2026_08_24_evolution_ga_benchmark_15_27_54/2026_08_24_evolution_ga_Celecoxib_rediscovery/generator_top_molecules.csv	generator-top	256	40	160	40	40
high-only	3	10	Osimertinib_MPO	/ibex/scratch/colleoe/spectralMol/guacamol_frequency_ablation_merged_20260824_150715/high-only/seed_3/task_10_Osimertinib_MPO/compare_GuacaMol_20260824_152849/runs/spectralmol/seed_3/case_GuacaMol_20260824_152851/benchmark_runs/2026_08_24_evolution_ga_benchmark_15_29_02/2026_08_24_evolution_ga_Osimertinib_MPO/generator_top_molecules.csv	generator-top	256	58	142	58	58
high-only	3	11	Fexofenadine_MPO	/ibex/scratch/colleoe/spectralMol/guacamol_frequency_ablation_merged_20260824_150715/high-only/seed_3/task_11_Fexofenadine_MPO/compare_GuacaMol_20260824_152848/runs/spectralmol/seed_3/case_GuacaMol_20260824_152849/benchmark_runs/2026_08_24_evolution_ga_benchmark_15_28_51/2026_08_24_evolution_ga_Fexofenadine_MPO/generator_top_molecules.csv	generator-top	256	84	116	84	84
high-only	3	12	Ranolazine_MPO	/ibex/scratch/colleoe/spectralMol/guacamol_frequency_ablation_merged_20260824_150715/high-only/seed_3/task_12_Ranolazine_MPO/compare_GuacaMol_20260824_152850/runs/spectralmol/seed_3/case_GuacaMol_20260824_152850/benchmark_runs/2026_08_24_evolution_ga_benchmark_15_28_53/2026_08_24_evolution_ga_Ranolazine_MPO/generator_top_molecules.csv	generator-top	256	9	191	9	9
high-only	3	13	Perindopril_MPO	/ibex/scratch/colleoe/spectralMol/guacamol_frequency_ablation_merged_20260824_150715/high-only/seed_3/task_13_Perindopril_MPO/compare_GuacaMol_20260824_152902/runs/spectralmol/seed_3/case_GuacaMol_20260824_152903/benchmark_runs/2026_08_24_evolution_ga_benchmark_15_29_06/2026_08_24_evolution_ga_Perindopril_MPO/generator_top_molecules.csv	generator-top	256	20	180	20	20
high-only	3	14	Amlodipine_MPO	/ibex/scratch/colleoe/spectralMol/guacamol_frequency_ablation_merged_20260824_150715/high-only/seed_3/task_14_Amlodipine_MPO/compare_GuacaMol_20260824_152908/runs/spectralmol/seed_3/case_GuacaMol_20260824_152909/benchmark_runs/2026_08_24_evolution_ga_benchmark_15_29_11/2026_08_24_evolution_ga_Amlodipine_MPO/generator_top_molecules.csv	generator-top	256	16	184	16	16
high-only	3	15	Sitagliptin_MPO	/ibex/scratch/colleoe/spectralMol/guacamol_frequency_ablation_merged_20260824_150715/high-only/seed_3/task_15_Sitagliptin_MPO/compare_GuacaMol_20260824_152914/runs/spectralmol/seed_3/case_GuacaMol_20260824_152914/benchmark_runs/2026_08_24_evolution_ga_benchmark_15_29_17/2026_08_24_evolution_ga_Sitagliptin_MPO/generator_top_molecules.csv	generator-top	256	125	75	100	100
high-only	3	16	Zaleplon_MPO	/ibex/scratch/colleoe/spectralMol/guacamol_frequency_ablation_merged_20260824_150715/high-only/seed_3/task_16_Zaleplon_MPO/compare_GuacaMol_20260824_152914/runs/spectralmol/seed_3/case_GuacaMol_20260824_152915/benchmark_runs/2026_08_24_evolution_ga_benchmark_15_29_17/2026_08_24_evolution_ga_Zaleplon_MPO/generator_top_molecules.csv	generator-top	256	84	116	84	84
high-only	3	17	Valsartan_smarts	/ibex/scratch/colleoe/spectralMol/guacamol_frequency_ablation_merged_20260824_150715/high-only/seed_3/task_17_Valsartan_smarts/compare_GuacaMol_20260824_152917/runs/spectralmol/seed_3/case_GuacaMol_20260824_152917/benchmark_runs/2026_08_24_evolution_ga_benchmark_15_29_20/2026_08_24_evolution_ga_Valsartan_smarts/generator_top_molecules.csv	generator-top	256	120	80	100	100
high-only	3	18	Deco_hop	/ibex/scratch/colleoe/spectralMol/guacamol_frequency_ablation_merged_20260824_150715/high-only/seed_3/task_18_Deco_hop/compare_GuacaMol_20260824_152917/runs/spectralmol/seed_3/case_GuacaMol_20260824_152917/benchmark_runs/2026_08_24_evolution_ga_benchmark_15_29_20/2026_08_24_evolution_ga_Deco_hop/generator_top_molecules.csv	generator-top	256	29	171	29	29
high-only	3	19	Scaffold_hop	/ibex/scratch/colleoe/spectralMol/guacamol_frequency_ablation_merged_20260824_150715/high-only/seed_3/task_19_Scaffold_hop/compare_GuacaMol_20260824_152920/runs/spectralmol/seed_3/case_GuacaMol_20260824_152921/benchmark_runs/2026_08_24_evolution_ga_benchmark_15_29_24/2026_08_24_evolution_ga_Scaffold_hop/generator_top_molecules.csv	generator-top	256	60	140	60	60
high-only	3	1	Troglitazone_rediscovery	/ibex/scratch/colleoe/spectralMol/guacamol_frequency_ablation_merged_20260824_150715/high-only/seed_3/task_1_Troglitazone_rediscovery/compare_GuacaMol_20260824_152738/runs/spectralmol/seed_3/case_GuacaMol_20260824_152740/benchmark_runs/2026_08_24_evolution_ga_benchmark_15_27_51/2026_08_24_evolution_ga_Troglitazone_rediscovery/generator_top_molecules.csv	generator-top	256	190	10	100	100
high-only	3	2	Thiothixene_rediscovery	/ibex/scratch/colleoe/spectralMol/guacamol_frequency_ablation_merged_20260824_150715/high-only/seed_3/task_2_Thiothixene_rediscovery/compare_GuacaMol_20260824_152741/runs/spectralmol/seed_3/case_GuacaMol_20260824_152744/benchmark_runs/2026_08_24_evolution_ga_benchmark_15_27_56/2026_08_24_evolution_ga_Thiothixene_rediscovery/generator_top_molecules.csv	generator-top	256	69	131	69	69
high-only	3	3	Aripiprazole_similarity	/ibex/scratch/colleoe/spectralMol/guacamol_frequency_ablation_merged_20260824_150715/high-only/seed_3/task_3_Aripiprazole_similarity/compare_GuacaMol_20260824_152741/runs/spectralmol/seed_3/case_GuacaMol_20260824_152744/benchmark_runs/2026_08_24_evolution_ga_benchmark_15_27_55/2026_08_24_evolution_ga_Aripiprazole_similarity/generator_top_molecules.csv	generator-top	256	158	42	100	100
high-only	3	4	Albuterol_similarity	/ibex/scratch/colleoe/spectralMol/guacamol_frequency_ablation_merged_20260824_150715/high-only/seed_3/task_4_Albuterol_similarity/compare_GuacaMol_20260824_152736/runs/spectralmol/seed_3/case_GuacaMol_20260824_152736/benchmark_runs/2026_08_24_evolution_ga_benchmark_15_27_39/2026_08_24_evolution_ga_Albuterol_similarity/generator_top_molecules.csv	generator-top	256	138	62	100	100
high-only	3	5	Mestranol_similarity	/ibex/scratch/colleoe/spectralMol/guacamol_frequency_ablation_merged_20260824_150715/high-only/seed_3/task_5_Mestranol_similarity/compare_GuacaMol_20260824_152748/runs/spectralmol/seed_3/case_GuacaMol_20260824_152751/benchmark_runs/2026_08_24_evolution_ga_benchmark_15_28_04/2026_08_24_evolution_ga_Mestranol_similarity/generator_top_molecules.csv	generator-top	256	200	0	100	100
high-only	3	6	C11H24	/ibex/scratch/colleoe/spectralMol/guacamol_frequency_ablation_merged_20260824_150715/high-only/seed_3/task_6_C11H24/compare_GuacaMol_20260824_152756/runs/spectralmol/seed_3/case_GuacaMol_20260824_152757/benchmark_runs/2026_08_24_evolution_ga_benchmark_15_28_00/2026_08_24_evolution_ga_C11H24/generator_top_molecules.csv	generator-top	256	199	1	100	100
high-only	3	7	C9H10N2O2PF2Cl	/ibex/scratch/colleoe/spectralMol/guacamol_frequency_ablation_merged_20260824_150715/high-only/seed_3/task_7_C9H10N2O2PF2Cl/compare_GuacaMol_20260824_152802/runs/spectralmol/seed_3/case_GuacaMol_20260824_152803/benchmark_runs/2026_08_24_evolution_ga_benchmark_15_28_10/2026_08_24_evolution_ga_C9H10N2O2PF2Cl/generator_top_molecules.csv	generator-top	256	199	1	100	100
high-only	3	8	Median_molecules_1	/ibex/scratch/colleoe/spectralMol/guacamol_frequency_ablation_merged_20260824_150715/high-only/seed_3/task_8_Median_molecules_1/compare_GuacaMol_20260824_152819/runs/spectralmol/seed_3/case_GuacaMol_20260824_152821/benchmark_runs/2026_08_24_evolution_ga_benchmark_15_28_32/2026_08_24_evolution_ga_Median_molecules_1/generator_top_molecules.csv	generator-top	256	200	0	100	100
high-only	3	9	Median_molecules_2	/ibex/scratch/colleoe/spectralMol/guacamol_frequency_ablation_merged_20260824_150715/high-only/seed_3/task_9_Median_molecules_2/compare_GuacaMol_20260824_152832/runs/spectralmol/seed_3/case_GuacaMol_20260824_152833/benchmark_runs/2026_08_24_evolution_ga_benchmark_15_28_36/2026_08_24_evolution_ga_Median_molecules_2/generator_top_molecules.csv	generator-top	256	16	184	16	16
high-only	4	0	Celecoxib_rediscovery	/ibex/scratch/colleoe/spectralMol/guacamol_frequency_ablation_merged_20260824_150715/high-only/seed_4/task_0_Celecoxib_rediscovery/compare_GuacaMol_20260824_152927/runs/spectralmol/seed_4/case_GuacaMol_20260824_152928/benchmark_runs/2026_08_24_evolution_ga_benchmark_15_29_39/2026_08_24_evolution_ga_Celecoxib_rediscovery/generator_top_molecules.csv	generator-top	256	22	178	22	22
high-only	4	10	Osimertinib_MPO	/ibex/scratch/colleoe/spectralMol/guacamol_frequency_ablation_merged_20260824_150715/high-only/seed_4/task_10_Osimertinib_MPO/compare_GuacaMol_20260824_153010/runs/spectralmol/seed_4/case_GuacaMol_20260824_153011/benchmark_runs/2026_08_24_evolution_ga_benchmark_15_30_17/2026_08_24_evolution_ga_Osimertinib_MPO/generator_top_molecules.csv	generator-top	256	56	144	56	56
high-only	4	11	Fexofenadine_MPO	/ibex/scratch/colleoe/spectralMol/guacamol_frequency_ablation_merged_20260824_150715/high-only/seed_4/task_11_Fexofenadine_MPO/compare_GuacaMol_20260824_153022/runs/spectralmol/seed_4/case_GuacaMol_20260824_153024/benchmark_runs/2026_08_24_evolution_ga_benchmark_15_30_35/2026_08_24_evolution_ga_Fexofenadine_MPO/generator_top_molecules.csv	generator-top	256	38	162	38	38
high-only	4	12	Ranolazine_MPO	/ibex/scratch/colleoe/spectralMol/guacamol_frequency_ablation_merged_20260824_150715/high-only/seed_4/task_12_Ranolazine_MPO/compare_GuacaMol_20260824_153026/runs/spectralmol/seed_4/case_GuacaMol_20260824_153027/benchmark_runs/2026_08_24_evolution_ga_benchmark_15_30_29/2026_08_24_evolution_ga_Ranolazine_MPO/generator_top_molecules.csv	generator-top	256	5	195	5	5
high-only	4	13	Perindopril_MPO	/ibex/scratch/colleoe/spectralMol/guacamol_frequency_ablation_merged_20260824_150715/high-only/seed_4/task_13_Perindopril_MPO/compare_GuacaMol_20260824_153027/runs/spectralmol/seed_4/case_GuacaMol_20260824_153028/benchmark_runs/2026_08_24_evolution_ga_benchmark_15_30_32/2026_08_24_evolution_ga_Perindopril_MPO/generator_top_molecules.csv	generator-top	256	18	182	18	18
high-only	4	14	Amlodipine_MPO	/ibex/scratch/colleoe/spectralMol/guacamol_frequency_ablation_merged_20260824_150715/high-only/seed_4/task_14_Amlodipine_MPO/compare_GuacaMol_20260824_153049/runs/spectralmol/seed_4/case_GuacaMol_20260824_153051/benchmark_runs/2026_08_24_evolution_ga_benchmark_15_31_01/2026_08_24_evolution_ga_Amlodipine_MPO/generator_top_molecules.csv	generator-top	256	15	185	15	15
high-only	4	15	Sitagliptin_MPO	/ibex/scratch/colleoe/spectralMol/guacamol_frequency_ablation_merged_20260824_150715/high-only/seed_4/task_15_Sitagliptin_MPO/compare_GuacaMol_20260824_153044/runs/spectralmol/seed_4/case_GuacaMol_20260824_153046/benchmark_runs/2026_08_24_evolution_ga_benchmark_15_30_58/2026_08_24_evolution_ga_Sitagliptin_MPO/generator_top_molecules.csv	generator-top	256	124	76	100	100
high-only	4	16	Zaleplon_MPO	/ibex/scratch/colleoe/spectralMol/guacamol_frequency_ablation_merged_20260824_150715/high-only/seed_4/task_16_Zaleplon_MPO/compare_GuacaMol_20260824_153044/runs/spectralmol/seed_4/case_GuacaMol_20260824_153045/benchmark_runs/2026_08_24_evolution_ga_benchmark_15_30_47/2026_08_24_evolution_ga_Zaleplon_MPO/generator_top_molecules.csv	generator-top	256	102	98	100	100
high-only	4	17	Valsartan_smarts	/ibex/scratch/colleoe/spectralMol/guacamol_frequency_ablation_merged_20260824_150715/high-only/seed_4/task_17_Valsartan_smarts/compare_GuacaMol_20260824_153056/runs/spectralmol/seed_4/case_GuacaMol_20260824_153059/benchmark_runs/2026_08_24_evolution_ga_benchmark_15_31_12/2026_08_24_evolution_ga_Valsartan_smarts/generator_top_molecules.csv	generator-top	256	116	84	100	100
high-only	4	18	Deco_hop	/ibex/scratch/colleoe/spectralMol/guacamol_frequency_ablation_merged_20260824_150715/high-only/seed_4/task_18_Deco_hop/compare_GuacaMol_20260824_153056/runs/spectralmol/seed_4/case_GuacaMol_20260824_153059/benchmark_runs/2026_08_24_evolution_ga_benchmark_15_31_12/2026_08_24_evolution_ga_Deco_hop/generator_top_molecules.csv	generator-top	256	30	170	30	30
high-only	4	19	Scaffold_hop	/ibex/scratch/colleoe/spectralMol/guacamol_frequency_ablation_merged_20260824_150715/high-only/seed_4/task_19_Scaffold_hop/compare_GuacaMol_20260824_153054/runs/spectralmol/seed_4/case_GuacaMol_20260824_153056/benchmark_runs/2026_08_24_evolution_ga_benchmark_15_31_07/2026_08_24_evolution_ga_Scaffold_hop/generator_top_molecules.csv	generator-top	256	41	159	41	41
high-only	4	1	Troglitazone_rediscovery	/ibex/scratch/colleoe/spectralMol/guacamol_frequency_ablation_merged_20260824_150715/high-only/seed_4/task_1_Troglitazone_rediscovery/compare_GuacaMol_20260824_152927/runs/spectralmol/seed_4/case_GuacaMol_20260824_152929/benchmark_runs/2026_08_24_evolution_ga_benchmark_15_29_39/2026_08_24_evolution_ga_Troglitazone_rediscovery/generator_top_molecules.csv	generator-top	256	76	124	76	76
high-only	4	2	Thiothixene_rediscovery	/ibex/scratch/colleoe/spectralMol/guacamol_frequency_ablation_merged_20260824_150715/high-only/seed_4/task_2_Thiothixene_rediscovery/compare_GuacaMol_20260824_152926/runs/spectralmol/seed_4/case_GuacaMol_20260824_152927/benchmark_runs/2026_08_24_evolution_ga_benchmark_15_29_29/2026_08_24_evolution_ga_Thiothixene_rediscovery/generator_top_molecules.csv	generator-top	256	59	141	59	59
high-only	4	3	Aripiprazole_similarity	/ibex/scratch/colleoe/spectralMol/guacamol_frequency_ablation_merged_20260824_150715/high-only/seed_4/task_3_Aripiprazole_similarity/compare_GuacaMol_20260824_152932/runs/spectralmol/seed_4/case_GuacaMol_20260824_152932/benchmark_runs/2026_08_24_evolution_ga_benchmark_15_29_35/2026_08_24_evolution_ga_Aripiprazole_similarity/generator_top_molecules.csv	generator-top	256	99	101	99	99
high-only	4	4	Albuterol_similarity	/ibex/scratch/colleoe/spectralMol/guacamol_frequency_ablation_merged_20260824_150715/high-only/seed_4/task_4_Albuterol_similarity/compare_GuacaMol_20260824_152944/runs/spectralmol/seed_4/case_GuacaMol_20260824_152947/benchmark_runs/2026_08_24_evolution_ga_benchmark_15_29_58/2026_08_24_evolution_ga_Albuterol_similarity/generator_top_molecules.csv	generator-top	256	168	32	100	100
high-only	4	5	Mestranol_similarity	/ibex/scratch/colleoe/spectralMol/guacamol_frequency_ablation_merged_20260824_150715/high-only/seed_4/task_5_Mestranol_similarity/compare_GuacaMol_20260824_152946/runs/spectralmol/seed_4/case_GuacaMol_20260824_152949/benchmark_runs/2026_08_24_evolution_ga_benchmark_15_30_00/2026_08_24_evolution_ga_Mestranol_similarity/generator_top_molecules.csv	generator-top	256	195	5	100	100
high-only	4	6	C11H24	/ibex/scratch/colleoe/spectralMol/guacamol_frequency_ablation_merged_20260824_150715/high-only/seed_4/task_6_C11H24/compare_GuacaMol_20260824_152958/runs/spectralmol/seed_4/case_GuacaMol_20260824_153000/benchmark_runs/2026_08_24_evolution_ga_benchmark_15_30_12/2026_08_24_evolution_ga_C11H24/generator_top_molecules.csv	generator-top	256	195	5	100	100
high-only	4	7	C9H10N2O2PF2Cl	/ibex/scratch/colleoe/spectralMol/guacamol_frequency_ablation_merged_20260824_150715/high-only/seed_4/task_7_C9H10N2O2PF2Cl/compare_GuacaMol_20260824_153002/runs/spectralmol/seed_4/case_GuacaMol_20260824_153003/benchmark_runs/2026_08_24_evolution_ga_benchmark_15_30_05/2026_08_24_evolution_ga_C9H10N2O2PF2Cl/generator_top_molecules.csv	generator-top	256	189	11	100	100
high-only	4	8	Median_molecules_1	/ibex/scratch/colleoe/spectralMol/guacamol_frequency_ablation_merged_20260824_150715/high-only/seed_4/task_8_Median_molecules_1/compare_GuacaMol_20260824_153006/runs/spectralmol/seed_4/case_GuacaMol_20260824_153007/benchmark_runs/2026_08_24_evolution_ga_benchmark_15_30_10/2026_08_24_evolution_ga_Median_molecules_1/generator_top_molecules.csv	generator-top	256	200	0	100	100
high-only	4	9	Median_molecules_2	/ibex/scratch/colleoe/spectralMol/guacamol_frequency_ablation_merged_20260824_150715/high-only/seed_4/task_9_Median_molecules_2/compare_GuacaMol_20260824_153008/runs/spectralmol/seed_4/case_GuacaMol_20260824_153009/benchmark_runs/2026_08_24_evolution_ga_benchmark_15_30_11/2026_08_24_evolution_ga_Median_molecules_2/generator_top_molecules.csv	generator-top	256	22	178	22	22
high-only	5	0	Celecoxib_rediscovery	/ibex/scratch/colleoe/spectralMol/guacamol_frequency_ablation_merged_20260824_150715/high-only/seed_5/task_0_Celecoxib_rediscovery/compare_GuacaMol_20260824_153054/runs/spectralmol/seed_5/case_GuacaMol_20260824_153056/benchmark_runs/2026_08_24_evolution_ga_benchmark_15_31_06/2026_08_24_evolution_ga_Celecoxib_rediscovery/generator_top_molecules.csv	generator-top	256	64	136	64	64
high-only	5	10	Osimertinib_MPO	/ibex/scratch/colleoe/spectralMol/guacamol_frequency_ablation_merged_20260824_150715/high-only/seed_5/task_10_Osimertinib_MPO/compare_GuacaMol_20260824_153144/runs/spectralmol/seed_5/case_GuacaMol_20260824_153145/benchmark_runs/2026_08_24_evolution_ga_benchmark_15_31_47/2026_08_24_evolution_ga_Osimertinib_MPO/generator_top_molecules.csv	generator-top	256	49	151	49	49
high-only	5	11	Fexofenadine_MPO	/ibex/scratch/colleoe/spectralMol/guacamol_frequency_ablation_merged_20260824_150715/high-only/seed_5/task_11_Fexofenadine_MPO/compare_GuacaMol_20260824_153159/runs/spectralmol/seed_5/case_GuacaMol_20260824_153200/benchmark_runs/2026_08_24_evolution_ga_benchmark_15_32_02/2026_08_24_evolution_ga_Fexofenadine_MPO/generator_top_molecules.csv	generator-top	256	57	143	57	57
high-only	5	12	Ranolazine_MPO	/ibex/scratch/colleoe/spectralMol/guacamol_frequency_ablation_merged_20260824_150715/high-only/seed_5/task_12_Ranolazine_MPO/compare_GuacaMol_20260824_153208/runs/spectralmol/seed_5/case_GuacaMol_20260824_153210/benchmark_runs/2026_08_24_evolution_ga_benchmark_15_32_22/2026_08_24_evolution_ga_Ranolazine_MPO/generator_top_molecules.csv	generator-top	256	12	188	12	12
high-only	5	13	Perindopril_MPO	/ibex/scratch/colleoe/spectralMol/guacamol_frequency_ablation_merged_20260824_150715/high-only/seed_5/task_13_Perindopril_MPO/compare_GuacaMol_20260824_153208/runs/spectralmol/seed_5/case_GuacaMol_20260824_153209/benchmark_runs/2026_08_24_evolution_ga_benchmark_15_32_11/2026_08_24_evolution_ga_Perindopril_MPO/generator_top_molecules.csv	generator-top	256	18	182	18	18
high-only	5	14	Amlodipine_MPO	/ibex/scratch/colleoe/spectralMol/guacamol_frequency_ablation_merged_20260824_150715/high-only/seed_5/task_14_Amlodipine_MPO/compare_GuacaMol_20260824_153216/runs/spectralmol/seed_5/case_GuacaMol_20260824_153218/benchmark_runs/2026_08_24_evolution_ga_benchmark_15_32_28/2026_08_24_evolution_ga_Amlodipine_MPO/generator_top_molecules.csv	generator-top	256	23	177	23	23
high-only	5	15	Sitagliptin_MPO	/ibex/scratch/colleoe/spectralMol/guacamol_frequency_ablation_merged_20260824_150715/high-only/seed_5/task_15_Sitagliptin_MPO/compare_GuacaMol_20260824_153211/runs/spectralmol/seed_5/case_GuacaMol_20260824_153211/benchmark_runs/2026_08_24_evolution_ga_benchmark_15_32_14/2026_08_24_evolution_ga_Sitagliptin_MPO/generator_top_molecules.csv	generator-top	256	118	82	100	100
high-only	5	16	Zaleplon_MPO	/ibex/scratch/colleoe/spectralMol/guacamol_frequency_ablation_merged_20260824_150715/high-only/seed_5/task_16_Zaleplon_MPO/compare_GuacaMol_20260824_153218/runs/spectralmol/seed_5/case_GuacaMol_20260824_153219/benchmark_runs/2026_08_24_evolution_ga_benchmark_15_32_21/2026_08_24_evolution_ga_Zaleplon_MPO/generator_top_molecules.csv	generator-top	256	145	55	100	100
high-only	5	17	Valsartan_smarts	/ibex/scratch/colleoe/spectralMol/guacamol_frequency_ablation_merged_20260824_150715/high-only/seed_5/task_17_Valsartan_smarts/compare_GuacaMol_20260824_153225/runs/spectralmol/seed_5/case_GuacaMol_20260824_153227/benchmark_runs/2026_08_24_evolution_ga_benchmark_15_32_38/2026_08_24_evolution_ga_Valsartan_smarts/generator_top_molecules.csv	generator-top	256	117	83	100	100
high-only	5	18	Deco_hop	/ibex/scratch/colleoe/spectralMol/guacamol_frequency_ablation_merged_20260824_150715/high-only/seed_5/task_18_Deco_hop/compare_GuacaMol_20260824_153220/runs/spectralmol/seed_5/case_GuacaMol_20260824_153221/benchmark_runs/2026_08_24_evolution_ga_benchmark_15_32_24/2026_08_24_evolution_ga_Deco_hop/generator_top_molecules.csv	generator-top	256	30	170	30	30
high-only	5	19	Scaffold_hop	/ibex/scratch/colleoe/spectralMol/guacamol_frequency_ablation_merged_20260824_150715/high-only/seed_5/task_19_Scaffold_hop/compare_GuacaMol_20260824_153229/runs/spectralmol/seed_5/case_GuacaMol_20260824_153229/benchmark_runs/2026_08_24_evolution_ga_benchmark_15_32_32/2026_08_24_evolution_ga_Scaffold_hop/generator_top_molecules.csv	generator-top	256	39	161	39	39
high-only	5	1	Troglitazone_rediscovery	/ibex/scratch/colleoe/spectralMol/guacamol_frequency_ablation_merged_20260824_150715/high-only/seed_5/task_1_Troglitazone_rediscovery/compare_GuacaMol_20260824_153059/runs/spectralmol/seed_5/case_GuacaMol_20260824_153101/benchmark_runs/2026_08_24_evolution_ga_benchmark_15_31_12/2026_08_24_evolution_ga_Troglitazone_rediscovery/generator_top_molecules.csv	generator-top	256	82	118	82	82
high-only	5	2	Thiothixene_rediscovery	/ibex/scratch/colleoe/spectralMol/guacamol_frequency_ablation_merged_20260824_150715/high-only/seed_5/task_2_Thiothixene_rediscovery/compare_GuacaMol_20260824_153104/runs/spectralmol/seed_5/case_GuacaMol_20260824_153106/benchmark_runs/2026_08_24_evolution_ga_benchmark_15_31_20/2026_08_24_evolution_ga_Thiothixene_rediscovery/generator_top_molecules.csv	generator-top	256	48	152	48	48
high-only	5	3	Aripiprazole_similarity	/ibex/scratch/colleoe/spectralMol/guacamol_frequency_ablation_merged_20260824_150715/high-only/seed_5/task_3_Aripiprazole_similarity/compare_GuacaMol_20260824_153104/runs/spectralmol/seed_5/case_GuacaMol_20260824_153106/benchmark_runs/2026_08_24_evolution_ga_benchmark_15_31_20/2026_08_24_evolution_ga_Aripiprazole_similarity/generator_top_molecules.csv	generator-top	256	148	52	100	100
high-only	5	4	Albuterol_similarity	/ibex/scratch/colleoe/spectralMol/guacamol_frequency_ablation_merged_20260824_150715/high-only/seed_5/task_4_Albuterol_similarity/compare_GuacaMol_20260824_153057/runs/spectralmol/seed_5/case_GuacaMol_20260824_153058/benchmark_runs/2026_08_24_evolution_ga_benchmark_15_31_00/2026_08_24_evolution_ga_Albuterol_similarity/generator_top_molecules.csv	generator-top	256	127	73	100	100
high-only	5	5	Mestranol_similarity	/ibex/scratch/colleoe/spectralMol/guacamol_frequency_ablation_merged_20260824_150715/high-only/seed_5/task_5_Mestranol_similarity/compare_GuacaMol_20260824_153107/runs/spectralmol/seed_5/case_GuacaMol_20260824_153110/benchmark_runs/2026_08_24_evolution_ga_benchmark_15_31_22/2026_08_24_evolution_ga_Mestranol_similarity/generator_top_molecules.csv	generator-top	256	192	8	100	100
high-only	5	6	C11H24	/ibex/scratch/colleoe/spectralMol/guacamol_frequency_ablation_merged_20260824_150715/high-only/seed_5/task_6_C11H24/compare_GuacaMol_20260824_153111/runs/spectralmol/seed_5/case_GuacaMol_20260824_153112/benchmark_runs/2026_08_24_evolution_ga_benchmark_15_31_15/2026_08_24_evolution_ga_C11H24/generator_top_molecules.csv	generator-top	256	200	0	100	100
high-only	5	7	C9H10N2O2PF2Cl	/ibex/scratch/colleoe/spectralMol/guacamol_frequency_ablation_merged_20260824_150715/high-only/seed_5/task_7_C9H10N2O2PF2Cl/compare_GuacaMol_20260824_153119/runs/spectralmol/seed_5/case_GuacaMol_20260824_153121/benchmark_runs/2026_08_24_evolution_ga_benchmark_15_31_31/2026_08_24_evolution_ga_C9H10N2O2PF2Cl/generator_top_molecules.csv	generator-top	256	196	4	100	100
high-only	5	8	Median_molecules_1	/ibex/scratch/colleoe/spectralMol/guacamol_frequency_ablation_merged_20260824_150715/high-only/seed_5/task_8_Median_molecules_1/compare_GuacaMol_20260824_153130/runs/spectralmol/seed_5/case_GuacaMol_20260824_153132/benchmark_runs/2026_08_24_evolution_ga_benchmark_15_31_44/2026_08_24_evolution_ga_Median_molecules_1/generator_top_molecules.csv	generator-top	256	200	0	100	100
high-only	5	9	Median_molecules_2	/ibex/scratch/colleoe/spectralMol/guacamol_frequency_ablation_merged_20260824_150715/high-only/seed_5/task_9_Median_molecules_2/compare_GuacaMol_20260824_153134/runs/spectralmol/seed_5/case_GuacaMol_20260824_153137/benchmark_runs/2026_08_24_evolution_ga_benchmark_15_31_49/2026_08_24_evolution_ga_Median_molecules_2/generator_top_molecules.csv	generator-top	256	23	177	23	23
low-only	0	0	Celecoxib_rediscovery	/ibex/scratch/colleoe/spectralMol/guacamol_frequency_ablation_merged_20260824_150715/low-only/seed_0/task_0_Celecoxib_rediscovery/compare_GuacaMol_20260824_153235/runs/spectralmol/seed_0/case_GuacaMol_20260824_153235/benchmark_runs/2026_08_24_evolution_ga_benchmark_15_32_38/2026_08_24_evolution_ga_Celecoxib_rediscovery/generator_top_molecules.csv	generator-top	256	200	0	100	100
low-only	0	10	Osimertinib_MPO	/ibex/scratch/colleoe/spectralMol/guacamol_frequency_ablation_merged_20260824_150715/low-only/seed_0/task_10_Osimertinib_MPO/compare_GuacaMol_20260824_153326/runs/spectralmol/seed_0/case_GuacaMol_20260824_153326/benchmark_runs/2026_08_24_evolution_ga_benchmark_15_33_29/2026_08_24_evolution_ga_Osimertinib_MPO/generator_top_molecules.csv	generator-top	256	139	61	100	100
low-only	0	11	Fexofenadine_MPO	/ibex/scratch/colleoe/spectralMol/guacamol_frequency_ablation_merged_20260824_150715/low-only/seed_0/task_11_Fexofenadine_MPO/compare_GuacaMol_20260824_153326/runs/spectralmol/seed_0/case_GuacaMol_20260824_153326/benchmark_runs/2026_08_24_evolution_ga_benchmark_15_33_29/2026_08_24_evolution_ga_Fexofenadine_MPO/generator_top_molecules.csv	generator-top	256	200	0	100	100
low-only	0	12	Ranolazine_MPO	/ibex/scratch/colleoe/spectralMol/guacamol_frequency_ablation_merged_20260824_150715/low-only/seed_0/task_12_Ranolazine_MPO/compare_GuacaMol_20260824_153337/runs/spectralmol/seed_0/case_GuacaMol_20260824_153339/benchmark_runs/2026_08_24_evolution_ga_benchmark_15_33_50/2026_08_24_evolution_ga_Ranolazine_MPO/generator_top_molecules.csv	generator-top	256	194	6	100	100
low-only	0	13	Perindopril_MPO	/ibex/scratch/colleoe/spectralMol/guacamol_frequency_ablation_merged_20260824_150715/low-only/seed_0/task_13_Perindopril_MPO/compare_GuacaMol_20260824_153332/runs/spectralmol/seed_0/case_GuacaMol_20260824_153333/benchmark_runs/2026_08_24_evolution_ga_benchmark_15_33_36/2026_08_24_evolution_ga_Perindopril_MPO/generator_top_molecules.csv	generator-top	256	29	171	29	29
low-only	0	14	Amlodipine_MPO	/ibex/scratch/colleoe/spectralMol/guacamol_frequency_ablation_merged_20260824_150715/low-only/seed_0/task_14_Amlodipine_MPO/compare_GuacaMol_20260824_153351/runs/spectralmol/seed_0/case_GuacaMol_20260824_153353/benchmark_runs/2026_08_24_evolution_ga_benchmark_15_34_05/2026_08_24_evolution_ga_Amlodipine_MPO/generator_top_molecules.csv	generator-top	256	149	51	100	100
low-only	0	15	Sitagliptin_MPO	/ibex/scratch/colleoe/spectralMol/guacamol_frequency_ablation_merged_20260824_150715/low-only/seed_0/task_15_Sitagliptin_MPO/compare_GuacaMol_20260824_153355/runs/spectralmol/seed_0/case_GuacaMol_20260824_153357/benchmark_runs/2026_08_24_evolution_ga_benchmark_15_34_07/2026_08_24_evolution_ga_Sitagliptin_MPO/generator_top_molecules.csv	generator-top	256	199	1	100	100
low-only	0	16	Zaleplon_MPO	/ibex/scratch/colleoe/spectralMol/guacamol_frequency_ablation_merged_20260824_150715/low-only/seed_0/task_16_Zaleplon_MPO/compare_GuacaMol_20260824_153359/runs/spectralmol/seed_0/case_GuacaMol_20260824_153401/benchmark_runs/2026_08_24_evolution_ga_benchmark_15_34_12/2026_08_24_evolution_ga_Zaleplon_MPO/generator_top_molecules.csv	generator-top	256	186	14	100	100
low-only	0	17	Valsartan_smarts	/ibex/scratch/colleoe/spectralMol/guacamol_frequency_ablation_merged_20260824_150715/low-only/seed_0/task_17_Valsartan_smarts/compare_GuacaMol_20260824_153358/runs/spectralmol/seed_0/case_GuacaMol_20260824_153400/benchmark_runs/2026_08_24_evolution_ga_benchmark_15_34_11/2026_08_24_evolution_ga_Valsartan_smarts/generator_top_molecules.csv	generator-top	256	159	41	100	100
low-only	0	18	Deco_hop	/ibex/scratch/colleoe/spectralMol/guacamol_frequency_ablation_merged_20260824_150715/low-only/seed_0/task_18_Deco_hop/compare_GuacaMol_20260824_153411/runs/spectralmol/seed_0/case_GuacaMol_20260824_153413/benchmark_runs/2026_08_24_evolution_ga_benchmark_15_34_25/2026_08_24_evolution_ga_Deco_hop/generator_top_molecules.csv	generator-top	256	113	87	100	100
low-only	0	19	Scaffold_hop	/ibex/scratch/colleoe/spectralMol/guacamol_frequency_ablation_merged_20260824_150715/low-only/seed_0/task_19_Scaffold_hop/compare_GuacaMol_20260824_153410/runs/spectralmol/seed_0/case_GuacaMol_20260824_153412/benchmark_runs/2026_08_24_evolution_ga_benchmark_15_34_22/2026_08_24_evolution_ga_Scaffold_hop/generator_top_molecules.csv	generator-top	256	200	0	100	100
low-only	0	1	Troglitazone_rediscovery	/ibex/scratch/colleoe/spectralMol/guacamol_frequency_ablation_merged_20260824_150715/low-only/seed_0/task_1_Troglitazone_rediscovery/compare_GuacaMol_20260824_153238/runs/spectralmol/seed_0/case_GuacaMol_20260824_153239/benchmark_runs/2026_08_24_evolution_ga_benchmark_15_32_41/2026_08_24_evolution_ga_Troglitazone_rediscovery/generator_top_molecules.csv	generator-top	256	200	0	100	100
low-only	0	2	Thiothixene_rediscovery	/ibex/scratch/colleoe/spectralMol/guacamol_frequency_ablation_merged_20260824_150715/low-only/seed_0/task_2_Thiothixene_rediscovery/compare_GuacaMol_20260824_153238/runs/spectralmol/seed_0/case_GuacaMol_20260824_153239/benchmark_runs/2026_08_24_evolution_ga_benchmark_15_32_42/2026_08_24_evolution_ga_Thiothixene_rediscovery/generator_top_molecules.csv	generator-top	256	200	0	100	100
low-only	0	3	Aripiprazole_similarity	/ibex/scratch/colleoe/spectralMol/guacamol_frequency_ablation_merged_20260824_150715/low-only/seed_0/task_3_Aripiprazole_similarity/compare_GuacaMol_20260824_153241/runs/spectralmol/seed_0/case_GuacaMol_20260824_153241/benchmark_runs/2026_08_24_evolution_ga_benchmark_15_32_44/2026_08_24_evolution_ga_Aripiprazole_similarity/generator_top_molecules.csv	generator-top	256	200	0	100	100
low-only	0	4	Albuterol_similarity	/ibex/scratch/colleoe/spectralMol/guacamol_frequency_ablation_merged_20260824_150715/low-only/seed_0/task_4_Albuterol_similarity/compare_GuacaMol_20260824_153244/runs/spectralmol/seed_0/case_GuacaMol_20260824_153244/benchmark_runs/2026_08_24_evolution_ga_benchmark_15_32_47/2026_08_24_evolution_ga_Albuterol_similarity/generator_top_molecules.csv	generator-top	256	198	2	100	100
low-only	0	5	Mestranol_similarity	/ibex/scratch/colleoe/spectralMol/guacamol_frequency_ablation_merged_20260824_150715/low-only/seed_0/task_5_Mestranol_similarity/compare_GuacaMol_20260824_153312/runs/spectralmol/seed_0/case_GuacaMol_20260824_153314/benchmark_runs/2026_08_24_evolution_ga_benchmark_15_33_27/2026_08_24_evolution_ga_Mestranol_similarity/generator_top_molecules.csv	generator-top	256	200	0	100	100
low-only	0	6	C11H24	/ibex/scratch/colleoe/spectralMol/guacamol_frequency_ablation_merged_20260824_150715/low-only/seed_0/task_6_C11H24/compare_GuacaMol_20260824_153312/runs/spectralmol/seed_0/case_GuacaMol_20260824_153314/benchmark_runs/2026_08_24_evolution_ga_benchmark_15_33_27/2026_08_24_evolution_ga_C11H24/generator_top_molecules.csv	generator-top	256	200	0	100	100
low-only	0	7	C9H10N2O2PF2Cl	/ibex/scratch/colleoe/spectralMol/guacamol_frequency_ablation_merged_20260824_150715/low-only/seed_0/task_7_C9H10N2O2PF2Cl/compare_GuacaMol_20260824_153311/runs/spectralmol/seed_0/case_GuacaMol_20260824_153312/benchmark_runs/2026_08_24_evolution_ga_benchmark_15_33_14/2026_08_24_evolution_ga_C9H10N2O2PF2Cl/generator_top_molecules.csv	generator-top	256	200	0	100	100
low-only	0	8	Median_molecules_1	/ibex/scratch/colleoe/spectralMol/guacamol_frequency_ablation_merged_20260824_150715/low-only/seed_0/task_8_Median_molecules_1/compare_GuacaMol_20260824_153315/runs/spectralmol/seed_0/case_GuacaMol_20260824_153317/benchmark_runs/2026_08_24_evolution_ga_benchmark_15_33_23/2026_08_24_evolution_ga_Median_molecules_1/generator_top_molecules.csv	generator-top	256	200	0	100	100
low-only	0	9	Median_molecules_2	/ibex/scratch/colleoe/spectralMol/guacamol_frequency_ablation_merged_20260824_150715/low-only/seed_0/task_9_Median_molecules_2/compare_GuacaMol_20260824_153320/runs/spectralmol/seed_0/case_GuacaMol_20260824_153321/benchmark_runs/2026_08_24_evolution_ga_benchmark_15_33_24/2026_08_24_evolution_ga_Median_molecules_2/generator_top_molecules.csv	generator-top	256	200	0	100	100
low-only	1	0	Celecoxib_rediscovery	/ibex/scratch/colleoe/spectralMol/guacamol_frequency_ablation_merged_20260824_150715/low-only/seed_1/task_0_Celecoxib_rediscovery/compare_GuacaMol_20260824_153410/runs/spectralmol/seed_1/case_GuacaMol_20260824_153412/benchmark_runs/2026_08_24_evolution_ga_benchmark_15_34_24/2026_08_24_evolution_ga_Celecoxib_rediscovery/generator_top_molecules.csv	generator-top	256	200	0	100	100
low-only	1	10	Osimertinib_MPO	/ibex/scratch/colleoe/spectralMol/guacamol_frequency_ablation_merged_20260824_150715/low-only/seed_1/task_10_Osimertinib_MPO/compare_GuacaMol_20260824_153459/runs/spectralmol/seed_1/case_GuacaMol_20260824_153459/benchmark_runs/2026_08_24_evolution_ga_benchmark_15_35_02/2026_08_24_evolution_ga_Osimertinib_MPO/generator_top_molecules.csv	generator-top	256	150	50	100	100
low-only	1	11	Fexofenadine_MPO	/ibex/scratch/colleoe/spectralMol/guacamol_frequency_ablation_merged_20260824_150715/low-only/seed_1/task_11_Fexofenadine_MPO/compare_GuacaMol_20260824_153510/runs/spectralmol/seed_1/case_GuacaMol_20260824_153512/benchmark_runs/2026_08_24_evolution_ga_benchmark_15_35_23/2026_08_24_evolution_ga_Fexofenadine_MPO/generator_top_molecules.csv	generator-top	256	200	0	100	100
low-only	1	12	Ranolazine_MPO	/ibex/scratch/colleoe/spectralMol/guacamol_frequency_ablation_merged_20260824_150715/low-only/seed_1/task_12_Ranolazine_MPO/compare_GuacaMol_20260824_153505/runs/spectralmol/seed_1/case_GuacaMol_20260824_153506/benchmark_runs/2026_08_24_evolution_ga_benchmark_15_35_08/2026_08_24_evolution_ga_Ranolazine_MPO/generator_top_molecules.csv	generator-top	256	189	11	100	100
low-only	1	13	Perindopril_MPO	/ibex/scratch/colleoe/spectralMol/guacamol_frequency_ablation_merged_20260824_150715/low-only/seed_1/task_13_Perindopril_MPO/compare_GuacaMol_20260824_153514/runs/spectralmol/seed_1/case_GuacaMol_20260824_153515/benchmark_runs/2026_08_24_evolution_ga_benchmark_15_35_17/2026_08_24_evolution_ga_Perindopril_MPO/generator_top_molecules.csv	generator-top	256	45	155	45	45
low-only	1	14	Amlodipine_MPO	/ibex/scratch/colleoe/spectralMol/guacamol_frequency_ablation_merged_20260824_150715/low-only/seed_1/task_14_Amlodipine_MPO/compare_GuacaMol_20260824_153526/runs/spectralmol/seed_1/case_GuacaMol_20260824_153528/benchmark_runs/2026_08_24_evolution_ga_benchmark_15_35_40/2026_08_24_evolution_ga_Amlodipine_MPO/generator_top_molecules.csv	generator-top	256	120	80	100	100
low-only	1	15	Sitagliptin_MPO	/ibex/scratch/colleoe/spectralMol/guacamol_frequency_ablation_merged_20260824_150715/low-only/seed_1/task_15_Sitagliptin_MPO/compare_GuacaMol_20260824_153520/runs/spectralmol/seed_1/case_GuacaMol_20260824_153521/benchmark_runs/2026_08_24_evolution_ga_benchmark_15_35_23/2026_08_24_evolution_ga_Sitagliptin_MPO/generator_top_molecules.csv	generator-top	256	200	0	100	100
low-only	1	16	Zaleplon_MPO	/ibex/scratch/colleoe/spectralMol/guacamol_frequency_ablation_merged_20260824_150715/low-only/seed_1/task_16_Zaleplon_MPO/compare_GuacaMol_20260824_153523/runs/spectralmol/seed_1/case_GuacaMol_20260824_153524/benchmark_runs/2026_08_24_evolution_ga_benchmark_15_35_26/2026_08_24_evolution_ga_Zaleplon_MPO/generator_top_molecules.csv	generator-top	256	157	43	100	100
low-only	1	17	Valsartan_smarts	/ibex/scratch/colleoe/spectralMol/guacamol_frequency_ablation_merged_20260824_150715/low-only/seed_1/task_17_Valsartan_smarts/compare_GuacaMol_20260824_153523/runs/spectralmol/seed_1/case_GuacaMol_20260824_153524/benchmark_runs/2026_08_24_evolution_ga_benchmark_15_35_26/2026_08_24_evolution_ga_Valsartan_smarts/generator_top_molecules.csv	generator-top	256	154	46	100	100
low-only	1	18	Deco_hop	/ibex/scratch/colleoe/spectralMol/guacamol_frequency_ablation_merged_20260824_150715/low-only/seed_1/task_18_Deco_hop/compare_GuacaMol_20260824_153532/runs/spectralmol/seed_1/case_GuacaMol_20260824_153533/benchmark_runs/2026_08_24_evolution_ga_benchmark_15_35_36/2026_08_24_evolution_ga_Deco_hop/generator_top_molecules.csv	generator-top	256	43	157	43	43
low-only	1	19	Scaffold_hop	/ibex/scratch/colleoe/spectralMol/guacamol_frequency_ablation_merged_20260824_150715/low-only/seed_1/task_19_Scaffold_hop/compare_GuacaMol_20260824_153535/runs/spectralmol/seed_1/case_GuacaMol_20260824_153535/benchmark_runs/2026_08_24_evolution_ga_benchmark_15_35_38/2026_08_24_evolution_ga_Scaffold_hop/generator_top_molecules.csv	generator-top	256	200	0	100	100
low-only	1	1	Troglitazone_rediscovery	/ibex/scratch/colleoe/spectralMol/guacamol_frequency_ablation_merged_20260824_150715/low-only/seed_1/task_1_Troglitazone_rediscovery/compare_GuacaMol_20260824_153409/runs/spectralmol/seed_1/case_GuacaMol_20260824_153409/benchmark_runs/2026_08_24_evolution_ga_benchmark_15_34_12/2026_08_24_evolution_ga_Troglitazone_rediscovery/generator_top_molecules.csv	generator-top	256	200	0	100	100
low-only	1	2	Thiothixene_rediscovery	/ibex/scratch/colleoe/spectralMol/guacamol_frequency_ablation_merged_20260824_150715/low-only/seed_1/task_2_Thiothixene_rediscovery/compare_GuacaMol_20260824_153416/runs/spectralmol/seed_1/case_GuacaMol_20260824_153419/benchmark_runs/2026_08_24_evolution_ga_benchmark_15_34_31/2026_08_24_evolution_ga_Thiothixene_rediscovery/generator_top_molecules.csv	generator-top	256	200	0	100	100
low-only	1	3	Aripiprazole_similarity	/ibex/scratch/colleoe/spectralMol/guacamol_frequency_ablation_merged_20260824_150715/low-only/seed_1/task_3_Aripiprazole_similarity/compare_GuacaMol_20260824_153420/runs/spectralmol/seed_1/case_GuacaMol_20260824_153422/benchmark_runs/2026_08_24_evolution_ga_benchmark_15_34_33/2026_08_24_evolution_ga_Aripiprazole_similarity/generator_top_molecules.csv	generator-top	256	200	0	100	100
low-only	1	4	Albuterol_similarity	/ibex/scratch/colleoe/spectralMol/guacamol_frequency_ablation_merged_20260824_150715/low-only/seed_1/task_4_Albuterol_similarity/compare_GuacaMol_20260824_153429/runs/spectralmol/seed_1/case_GuacaMol_20260824_153431/benchmark_runs/2026_08_24_evolution_ga_benchmark_15_34_43/2026_08_24_evolution_ga_Albuterol_similarity/generator_top_molecules.csv	generator-top	256	198	2	100	100
low-only	1	5	Mestranol_similarity	/ibex/scratch/colleoe/spectralMol/guacamol_frequency_ablation_merged_20260824_150715/low-only/seed_1/task_5_Mestranol_similarity/compare_GuacaMol_20260824_153428/runs/spectralmol/seed_1/case_GuacaMol_20260824_153430/benchmark_runs/2026_08_24_evolution_ga_benchmark_15_34_41/2026_08_24_evolution_ga_Mestranol_similarity/generator_top_molecules.csv	generator-top	256	200	0	100	100
low-only	1	6	C11H24	/ibex/scratch/colleoe/spectralMol/guacamol_frequency_ablation_merged_20260824_150715/low-only/seed_1/task_6_C11H24/compare_GuacaMol_20260824_153428/runs/spectralmol/seed_1/case_GuacaMol_20260824_153431/benchmark_runs/2026_08_24_evolution_ga_benchmark_15_34_42/2026_08_24_evolution_ga_C11H24/generator_top_molecules.csv	generator-top	256	200	0	100	100
low-only	1	7	C9H10N2O2PF2Cl	/ibex/scratch/colleoe/spectralMol/guacamol_frequency_ablation_merged_20260824_150715/low-only/seed_1/task_7_C9H10N2O2PF2Cl/compare_GuacaMol_20260824_153423/runs/spectralmol/seed_1/case_GuacaMol_20260824_153423/benchmark_runs/2026_08_24_evolution_ga_benchmark_15_34_26/2026_08_24_evolution_ga_C9H10N2O2PF2Cl/generator_top_molecules.csv	generator-top	256	200	0	100	100
low-only	1	8	Median_molecules_1	/ibex/scratch/colleoe/spectralMol/guacamol_frequency_ablation_merged_20260824_150715/low-only/seed_1/task_8_Median_molecules_1/compare_GuacaMol_20260824_153434/runs/spectralmol/seed_1/case_GuacaMol_20260824_153436/benchmark_runs/2026_08_24_evolution_ga_benchmark_15_34_47/2026_08_24_evolution_ga_Median_molecules_1/generator_top_molecules.csv	generator-top	256	200	0	100	100
low-only	1	9	Median_molecules_2	/ibex/scratch/colleoe/spectralMol/guacamol_frequency_ablation_merged_20260824_150715/low-only/seed_1/task_9_Median_molecules_2/compare_GuacaMol_20260824_153456/runs/spectralmol/seed_1/case_GuacaMol_20260824_153459/benchmark_runs/2026_08_24_evolution_ga_benchmark_15_35_11/2026_08_24_evolution_ga_Median_molecules_2/generator_top_molecules.csv	generator-top	256	44	156	44	44
low-only	2	0	Celecoxib_rediscovery	/ibex/scratch/colleoe/spectralMol/guacamol_frequency_ablation_merged_20260824_150715/low-only/seed_2/task_0_Celecoxib_rediscovery/compare_GuacaMol_20260824_153540/runs/spectralmol/seed_2/case_GuacaMol_20260824_153541/benchmark_runs/2026_08_24_evolution_ga_benchmark_15_35_43/2026_08_24_evolution_ga_Celecoxib_rediscovery/generator_top_molecules.csv	generator-top	256	200	0	100	100
low-only	2	10	Osimertinib_MPO	/ibex/scratch/colleoe/spectralMol/guacamol_frequency_ablation_merged_20260824_150715/low-only/seed_2/task_10_Osimertinib_MPO/compare_GuacaMol_20260824_153630/runs/spectralmol/seed_2/case_GuacaMol_20260824_153630/benchmark_runs/2026_08_24_evolution_ga_benchmark_15_36_33/2026_08_24_evolution_ga_Osimertinib_MPO/generator_top_molecules.csv	generator-top	256	131	69	100	100
low-only	2	11	Fexofenadine_MPO	/ibex/scratch/colleoe/spectralMol/guacamol_frequency_ablation_merged_20260824_150715/low-only/seed_2/task_11_Fexofenadine_MPO/compare_GuacaMol_20260824_153642/runs/spectralmol/seed_2/case_GuacaMol_20260824_153644/benchmark_runs/2026_08_24_evolution_ga_benchmark_15_36_55/2026_08_24_evolution_ga_Fexofenadine_MPO/generator_top_molecules.csv	generator-top	256	200	0	100	100
low-only	2	12	Ranolazine_MPO	/ibex/scratch/colleoe/spectralMol/guacamol_frequency_ablation_merged_20260824_150715/low-only/seed_2/task_12_Ranolazine_MPO/compare_GuacaMol_20260824_153645/runs/spectralmol/seed_2/case_GuacaMol_20260824_153647/benchmark_runs/2026_08_24_evolution_ga_benchmark_15_36_58/2026_08_24_evolution_ga_Ranolazine_MPO/generator_top_molecules.csv	generator-top	256	151	49	100	100
low-only	2	13	Perindopril_MPO	/ibex/scratch/colleoe/spectralMol/guacamol_frequency_ablation_merged_20260824_150715/low-only/seed_2/task_13_Perindopril_MPO/compare_GuacaMol_20260824_153658/runs/spectralmol/seed_2/case_GuacaMol_20260824_153700/benchmark_runs/2026_08_24_evolution_ga_benchmark_15_37_12/2026_08_24_evolution_ga_Perindopril_MPO/generator_top_molecules.csv	generator-top	256	46	154	46	46
low-only	2	14	Amlodipine_MPO	/ibex/scratch/colleoe/spectralMol/guacamol_frequency_ablation_merged_20260824_150715/low-only/seed_2/task_14_Amlodipine_MPO/compare_GuacaMol_20260824_153659/runs/spectralmol/seed_2/case_GuacaMol_20260824_153700/benchmark_runs/2026_08_24_evolution_ga_benchmark_15_37_02/2026_08_24_evolution_ga_Amlodipine_MPO/generator_top_molecules.csv	generator-top	256	200	0	100	100
low-only	2	15	Sitagliptin_MPO	/ibex/scratch/colleoe/spectralMol/guacamol_frequency_ablation_merged_20260824_150715/low-only/seed_2/task_15_Sitagliptin_MPO/compare_GuacaMol_20260824_153705/runs/spectralmol/seed_2/case_GuacaMol_20260824_153705/benchmark_runs/2026_08_24_evolution_ga_benchmark_15_37_08/2026_08_24_evolution_ga_Sitagliptin_MPO/generator_top_molecules.csv	generator-top	256	200	0	100	100
low-only	2	16	Zaleplon_MPO	/ibex/scratch/colleoe/spectralMol/guacamol_frequency_ablation_merged_20260824_150715/low-only/seed_2/task_16_Zaleplon_MPO/compare_GuacaMol_20260824_153720/runs/spectralmol/seed_2/case_GuacaMol_20260824_153722/benchmark_runs/2026_08_24_evolution_ga_benchmark_15_37_33/2026_08_24_evolution_ga_Zaleplon_MPO/generator_top_molecules.csv	generator-top	256	197	3	100	100
low-only	2	17	Valsartan_smarts	/ibex/scratch/colleoe/spectralMol/guacamol_frequency_ablation_merged_20260824_150715/low-only/seed_2/task_17_Valsartan_smarts/compare_GuacaMol_20260824_153718/runs/spectralmol/seed_2/case_GuacaMol_20260824_153719/benchmark_runs/2026_08_24_evolution_ga_benchmark_15_37_22/2026_08_24_evolution_ga_Valsartan_smarts/generator_top_molecules.csv	generator-top	256	161	39	100	100
low-only	2	18	Deco_hop	/ibex/scratch/colleoe/spectralMol/guacamol_frequency_ablation_merged_20260824_150715/low-only/seed_2/task_18_Deco_hop/compare_GuacaMol_20260824_153718/runs/spectralmol/seed_2/case_GuacaMol_20260824_153719/benchmark_runs/2026_08_24_evolution_ga_benchmark_15_37_23/2026_08_24_evolution_ga_Deco_hop/generator_top_molecules.csv	generator-top	256	51	149	51	51
low-only	2	19	Scaffold_hop	/ibex/scratch/colleoe/spectralMol/guacamol_frequency_ablation_merged_20260824_150715/low-only/seed_2/task_19_Scaffold_hop/compare_GuacaMol_20260824_153723/runs/spectralmol/seed_2/case_GuacaMol_20260824_153724/benchmark_runs/2026_08_24_evolution_ga_benchmark_15_37_26/2026_08_24_evolution_ga_Scaffold_hop/generator_top_molecules.csv	generator-top	256	200	0	100	100
low-only	2	1	Troglitazone_rediscovery	/ibex/scratch/colleoe/spectralMol/guacamol_frequency_ablation_merged_20260824_150715/low-only/seed_2/task_1_Troglitazone_rediscovery/compare_GuacaMol_20260824_153549/runs/spectralmol/seed_2/case_GuacaMol_20260824_153551/benchmark_runs/2026_08_24_evolution_ga_benchmark_15_36_02/2026_08_24_evolution_ga_Troglitazone_rediscovery/generator_top_molecules.csv	generator-top	256	200	0	100	100
low-only	2	2	Thiothixene_rediscovery	/ibex/scratch/colleoe/spectralMol/guacamol_frequency_ablation_merged_20260824_150715/low-only/seed_2/task_2_Thiothixene_rediscovery/compare_GuacaMol_20260824_153548/runs/spectralmol/seed_2/case_GuacaMol_20260824_153549/benchmark_runs/2026_08_24_evolution_ga_benchmark_15_35_51/2026_08_24_evolution_ga_Thiothixene_rediscovery/generator_top_molecules.csv	generator-top	256	200	0	100	100
low-only	2	3	Aripiprazole_similarity	/ibex/scratch/colleoe/spectralMol/guacamol_frequency_ablation_merged_20260824_150715/low-only/seed_2/task_3_Aripiprazole_similarity/compare_GuacaMol_20260824_153557/runs/spectralmol/seed_2/case_GuacaMol_20260824_153559/benchmark_runs/2026_08_24_evolution_ga_benchmark_15_36_04/2026_08_24_evolution_ga_Aripiprazole_similarity/generator_top_molecules.csv	generator-top	256	200	0	100	100
low-only	2	4	Albuterol_similarity	/ibex/scratch/colleoe/spectralMol/guacamol_frequency_ablation_merged_20260824_150715/low-only/seed_2/task_4_Albuterol_similarity/compare_GuacaMol_20260824_153605/runs/spectralmol/seed_2/case_GuacaMol_20260824_153606/benchmark_runs/2026_08_24_evolution_ga_benchmark_15_36_09/2026_08_24_evolution_ga_Albuterol_similarity/generator_top_molecules.csv	generator-top	256	200	0	100	100
low-only	2	5	Mestranol_similarity	/ibex/scratch/colleoe/spectralMol/guacamol_frequency_ablation_merged_20260824_150715/low-only/seed_2/task_5_Mestranol_similarity/compare_GuacaMol_20260824_153620/runs/spectralmol/seed_2/case_GuacaMol_20260824_153623/benchmark_runs/2026_08_24_evolution_ga_benchmark_15_36_34/2026_08_24_evolution_ga_Mestranol_similarity/generator_top_molecules.csv	generator-top	256	200	0	100	100
low-only	2	6	C11H24	/ibex/scratch/colleoe/spectralMol/guacamol_frequency_ablation_merged_20260824_150715/low-only/seed_2/task_6_C11H24/compare_GuacaMol_20260824_153615/runs/spectralmol/seed_2/case_GuacaMol_20260824_153616/benchmark_runs/2026_08_24_evolution_ga_benchmark_15_36_18/2026_08_24_evolution_ga_C11H24/generator_top_molecules.csv	generator-top	256	200	0	100	100
low-only	2	7	C9H10N2O2PF2Cl	/ibex/scratch/colleoe/spectralMol/guacamol_frequency_ablation_merged_20260824_150715/low-only/seed_2/task_7_C9H10N2O2PF2Cl/compare_GuacaMol_20260824_153615/runs/spectralmol/seed_2/case_GuacaMol_20260824_153616/benchmark_runs/2026_08_24_evolution_ga_benchmark_15_36_19/2026_08_24_evolution_ga_C9H10N2O2PF2Cl/generator_top_molecules.csv	generator-top	256	200	0	100	100
low-only	2	8	Median_molecules_1	/ibex/scratch/colleoe/spectralMol/guacamol_frequency_ablation_merged_20260824_150715/low-only/seed_2/task_8_Median_molecules_1/compare_GuacaMol_20260824_153627/runs/spectralmol/seed_2/case_GuacaMol_20260824_153629/benchmark_runs/2026_08_24_evolution_ga_benchmark_15_36_42/2026_08_24_evolution_ga_Median_molecules_1/generator_top_molecules.csv	generator-top	256	200	0	100	100
low-only	2	9	Median_molecules_2	/ibex/scratch/colleoe/spectralMol/guacamol_frequency_ablation_merged_20260824_150715/low-only/seed_2/task_9_Median_molecules_2/compare_GuacaMol_20260824_153626/runs/spectralmol/seed_2/case_GuacaMol_20260824_153627/benchmark_runs/2026_08_24_evolution_ga_benchmark_15_36_30/2026_08_24_evolution_ga_Median_molecules_2/generator_top_molecules.csv	generator-top	256	84	116	84	84
low-only	3	0	Celecoxib_rediscovery	/ibex/scratch/colleoe/spectralMol/guacamol_frequency_ablation_merged_20260824_150715/low-only/seed_3/task_0_Celecoxib_rediscovery/compare_GuacaMol_20260824_153732/runs/spectralmol/seed_3/case_GuacaMol_20260824_153734/benchmark_runs/2026_08_24_evolution_ga_benchmark_15_37_47/2026_08_24_evolution_ga_Celecoxib_rediscovery/generator_top_molecules.csv	generator-top	256	200	0	100	100
low-only	3	10	Osimertinib_MPO	/ibex/scratch/colleoe/spectralMol/guacamol_frequency_ablation_merged_20260824_150715/low-only/seed_3/task_10_Osimertinib_MPO/compare_GuacaMol_20260824_153806/runs/spectralmol/seed_3/case_GuacaMol_20260824_153808/benchmark_runs/2026_08_24_evolution_ga_benchmark_15_38_21/2026_08_24_evolution_ga_Osimertinib_MPO/generator_top_molecules.csv	generator-top	256	173	27	100	100
low-only	3	11	Fexofenadine_MPO	/ibex/scratch/colleoe/spectralMol/guacamol_frequency_ablation_merged_20260824_150715/low-only/seed_3/task_11_Fexofenadine_MPO/compare_GuacaMol_20260824_153836/runs/spectralmol/seed_3/case_GuacaMol_20260824_153838/benchmark_runs/2026_08_24_evolution_ga_benchmark_15_38_50/2026_08_24_evolution_ga_Fexofenadine_MPO/generator_top_molecules.csv	generator-top	256	200	0	100	100
low-only	3	12	Ranolazine_MPO	/ibex/scratch/colleoe/spectralMol/guacamol_frequency_ablation_merged_20260824_150715/low-only/seed_3/task_12_Ranolazine_MPO/compare_GuacaMol_20260824_153830/runs/spectralmol/seed_3/case_GuacaMol_20260824_153830/benchmark_runs/2026_08_24_evolution_ga_benchmark_15_38_33/2026_08_24_evolution_ga_Ranolazine_MPO/generator_top_molecules.csv	generator-top	256	167	33	100	100
low-only	3	13	Perindopril_MPO	/ibex/scratch/colleoe/spectralMol/guacamol_frequency_ablation_merged_20260824_150715/low-only/seed_3/task_13_Perindopril_MPO/compare_GuacaMol_20260824_153835/runs/spectralmol/seed_3/case_GuacaMol_20260824_153836/benchmark_runs/2026_08_24_evolution_ga_benchmark_15_38_39/2026_08_24_evolution_ga_Perindopril_MPO/generator_top_molecules.csv	generator-top	256	41	159	41	41
low-only	3	14	Amlodipine_MPO	/ibex/scratch/colleoe/spectralMol/guacamol_frequency_ablation_merged_20260824_150715/low-only/seed_3/task_14_Amlodipine_MPO/compare_GuacaMol_20260824_153844/runs/spectralmol/seed_3/case_GuacaMol_20260824_153846/benchmark_runs/2026_08_24_evolution_ga_benchmark_15_38_57/2026_08_24_evolution_ga_Amlodipine_MPO/generator_top_molecules.csv	generator-top	256	188	12	100	100
low-only	3	15	Sitagliptin_MPO	/ibex/scratch/colleoe/spectralMol/guacamol_frequency_ablation_merged_20260824_150715/low-only/seed_3/task_15_Sitagliptin_MPO/compare_GuacaMol_20260824_153844/runs/spectralmol/seed_3/case_GuacaMol_20260824_153844/benchmark_runs/2026_08_24_evolution_ga_benchmark_15_38_47/2026_08_24_evolution_ga_Sitagliptin_MPO/generator_top_molecules.csv	generator-top	256	200	0	100	100
low-only	3	16	Zaleplon_MPO	/ibex/scratch/colleoe/spectralMol/guacamol_frequency_ablation_merged_20260824_150715/low-only/seed_3/task_16_Zaleplon_MPO/compare_GuacaMol_20260824_153858/runs/spectralmol/seed_3/case_GuacaMol_20260824_153900/benchmark_runs/2026_08_24_evolution_ga_benchmark_15_39_13/2026_08_24_evolution_ga_Zaleplon_MPO/generator_top_molecules.csv	generator-top	256	192	8	100	100
low-only	3	17	Valsartan_smarts	/ibex/scratch/colleoe/spectralMol/guacamol_frequency_ablation_merged_20260824_150715/low-only/seed_3/task_17_Valsartan_smarts/compare_GuacaMol_20260824_153900/runs/spectralmol/seed_3/case_GuacaMol_20260824_153900/benchmark_runs/2026_08_24_evolution_ga_benchmark_15_39_04/2026_08_24_evolution_ga_Valsartan_smarts/generator_top_molecules.csv	generator-top	256	165	35	100	100
low-only	3	18	Deco_hop	/ibex/scratch/colleoe/spectralMol/guacamol_frequency_ablation_merged_20260824_150715/low-only/seed_3/task_18_Deco_hop/compare_GuacaMol_20260824_153854/runs/spectralmol/seed_3/case_GuacaMol_20260824_153855/benchmark_runs/2026_08_24_evolution_ga_benchmark_15_38_57/2026_08_24_evolution_ga_Deco_hop/generator_top_molecules.csv	generator-top	256	57	143	57	57
low-only	3	19	Scaffold_hop	/ibex/scratch/colleoe/spectralMol/guacamol_frequency_ablation_merged_20260824_150715/low-only/seed_3/task_19_Scaffold_hop/compare_GuacaMol_20260824_153905/runs/spectralmol/seed_3/case_GuacaMol_20260824_153907/benchmark_runs/2026_08_24_evolution_ga_benchmark_15_39_18/2026_08_24_evolution_ga_Scaffold_hop/generator_top_molecules.csv	generator-top	256	200	0	100	100
low-only	3	1	Troglitazone_rediscovery	/ibex/scratch/colleoe/spectralMol/guacamol_frequency_ablation_merged_20260824_150715/low-only/seed_3/task_1_Troglitazone_rediscovery/compare_GuacaMol_20260824_153732/runs/spectralmol/seed_3/case_GuacaMol_20260824_153734/benchmark_runs/2026_08_24_evolution_ga_benchmark_15_37_46/2026_08_24_evolution_ga_Troglitazone_rediscovery/generator_top_molecules.csv	generator-top	256	200	0	100	100
low-only	3	2	Thiothixene_rediscovery	/ibex/scratch/colleoe/spectralMol/guacamol_frequency_ablation_merged_20260824_150715/low-only/seed_3/task_2_Thiothixene_rediscovery/compare_GuacaMol_20260824_153729/runs/spectralmol/seed_3/case_GuacaMol_20260824_153730/benchmark_runs/2026_08_24_evolution_ga_benchmark_15_37_32/2026_08_24_evolution_ga_Thiothixene_rediscovery/generator_top_molecules.csv	generator-top	256	200	0	100	100
low-only	3	3	Aripiprazole_similarity	/ibex/scratch/colleoe/spectralMol/guacamol_frequency_ablation_merged_20260824_150715/low-only/seed_3/task_3_Aripiprazole_similarity/compare_GuacaMol_20260824_153738/runs/spectralmol/seed_3/case_GuacaMol_20260824_153740/benchmark_runs/2026_08_24_evolution_ga_benchmark_15_37_53/2026_08_24_evolution_ga_Aripiprazole_similarity/generator_top_molecules.csv	generator-top	256	200	0	100	100
low-only	3	4	Albuterol_similarity	/ibex/scratch/colleoe/spectralMol/guacamol_frequency_ablation_merged_20260824_150715/low-only/seed_3/task_4_Albuterol_similarity/compare_GuacaMol_20260824_153737/runs/spectralmol/seed_3/case_GuacaMol_20260824_153739/benchmark_runs/2026_08_24_evolution_ga_benchmark_15_37_49/2026_08_24_evolution_ga_Albuterol_similarity/generator_top_molecules.csv	generator-top	256	198	2	100	100
low-only	3	5	Mestranol_similarity	/ibex/scratch/colleoe/spectralMol/guacamol_frequency_ablation_merged_20260824_150715/low-only/seed_3/task_5_Mestranol_similarity/compare_GuacaMol_20260824_153743/runs/spectralmol/seed_3/case_GuacaMol_20260824_153745/benchmark_runs/2026_08_24_evolution_ga_benchmark_15_37_55/2026_08_24_evolution_ga_Mestranol_similarity/generator_top_molecules.csv	generator-top	256	200	0	100	100
low-only	3	6	C11H24	/ibex/scratch/colleoe/spectralMol/guacamol_frequency_ablation_merged_20260824_150715/low-only/seed_3/task_6_C11H24/compare_GuacaMol_20260824_153741/runs/spectralmol/seed_3/case_GuacaMol_20260824_153742/benchmark_runs/2026_08_24_evolution_ga_benchmark_15_37_44/2026_08_24_evolution_ga_C11H24/generator_top_molecules.csv	generator-top	256	200	0	100	100
low-only	3	7	C9H10N2O2PF2Cl	/ibex/scratch/colleoe/spectralMol/guacamol_frequency_ablation_merged_20260824_150715/low-only/seed_3/task_7_C9H10N2O2PF2Cl/compare_GuacaMol_20260824_153750/runs/spectralmol/seed_3/case_GuacaMol_20260824_153753/benchmark_runs/2026_08_24_evolution_ga_benchmark_15_38_05/2026_08_24_evolution_ga_C9H10N2O2PF2Cl/generator_top_molecules.csv	generator-top	256	200	0	100	100
low-only	3	8	Median_molecules_1	/ibex/scratch/colleoe/spectralMol/guacamol_frequency_ablation_merged_20260824_150715/low-only/seed_3/task_8_Median_molecules_1/compare_GuacaMol_20260824_153752/runs/spectralmol/seed_3/case_GuacaMol_20260824_153754/benchmark_runs/2026_08_24_evolution_ga_benchmark_15_38_06/2026_08_24_evolution_ga_Median_molecules_1/generator_top_molecules.csv	generator-top	256	200	0	100	100
low-only	3	9	Median_molecules_2	/ibex/scratch/colleoe/spectralMol/guacamol_frequency_ablation_merged_20260824_150715/low-only/seed_3/task_9_Median_molecules_2/compare_GuacaMol_20260824_153753/runs/spectralmol/seed_3/case_GuacaMol_20260824_153755/benchmark_runs/2026_08_24_evolution_ga_benchmark_15_38_06/2026_08_24_evolution_ga_Median_molecules_2/generator_top_molecules.csv	generator-top	256	35	165	35	35
low-only	4	0	Celecoxib_rediscovery	/ibex/scratch/colleoe/spectralMol/guacamol_frequency_ablation_merged_20260824_150715/low-only/seed_4/task_0_Celecoxib_rediscovery/compare_GuacaMol_20260824_153903/runs/spectralmol/seed_4/case_GuacaMol_20260824_153904/benchmark_runs/2026_08_24_evolution_ga_benchmark_15_39_06/2026_08_24_evolution_ga_Celecoxib_rediscovery/generator_top_molecules.csv	generator-top	256	200	0	100	100
low-only	4	10	Osimertinib_MPO	/ibex/scratch/colleoe/spectralMol/guacamol_frequency_ablation_merged_20260824_150715/low-only/seed_4/task_10_Osimertinib_MPO/compare_GuacaMol_20260824_153949/runs/spectralmol/seed_4/case_GuacaMol_20260824_153951/benchmark_runs/2026_08_24_evolution_ga_benchmark_15_40_02/2026_08_24_evolution_ga_Osimertinib_MPO/generator_top_molecules.csv	generator-top	256	137	63	100	100
low-only	4	11	Fexofenadine_MPO	/ibex/scratch/colleoe/spectralMol/guacamol_frequency_ablation_merged_20260824_150715/low-only/seed_4/task_11_Fexofenadine_MPO/compare_GuacaMol_20260824_154022/runs/spectralmol/seed_4/case_GuacaMol_20260824_154024/benchmark_runs/2026_08_24_evolution_ga_benchmark_15_40_36/2026_08_24_evolution_ga_Fexofenadine_MPO/generator_top_molecules.csv	generator-top	256	200	0	100	100
low-only	4	12	Ranolazine_MPO	/ibex/scratch/colleoe/spectralMol/guacamol_frequency_ablation_merged_20260824_150715/low-only/seed_4/task_12_Ranolazine_MPO/compare_GuacaMol_20260824_154028/runs/spectralmol/seed_4/case_GuacaMol_20260824_154030/benchmark_runs/2026_08_24_evolution_ga_benchmark_15_40_40/2026_08_24_evolution_ga_Ranolazine_MPO/generator_top_molecules.csv	generator-top	256	199	1	100	100
low-only	4	13	Perindopril_MPO	/ibex/scratch/colleoe/spectralMol/guacamol_frequency_ablation_merged_20260824_150715/low-only/seed_4/task_13_Perindopril_MPO/compare_GuacaMol_20260824_154023/runs/spectralmol/seed_4/case_GuacaMol_20260824_154024/benchmark_runs/2026_08_24_evolution_ga_benchmark_15_40_26/2026_08_24_evolution_ga_Perindopril_MPO/generator_top_molecules.csv	generator-top	256	54	146	54	54
low-only	4	14	Amlodipine_MPO	/ibex/scratch/colleoe/spectralMol/guacamol_frequency_ablation_merged_20260824_150715/low-only/seed_4/task_14_Amlodipine_MPO/compare_GuacaMol_20260824_154038/runs/spectralmol/seed_4/case_GuacaMol_20260824_154040/benchmark_runs/2026_08_24_evolution_ga_benchmark_15_40_51/2026_08_24_evolution_ga_Amlodipine_MPO/generator_top_molecules.csv	generator-top	256	197	3	100	100
low-only	4	15	Sitagliptin_MPO	/ibex/scratch/colleoe/spectralMol/guacamol_frequency_ablation_merged_20260824_150715/low-only/seed_4/task_15_Sitagliptin_MPO/compare_GuacaMol_20260824_154041/runs/spectralmol/seed_4/case_GuacaMol_20260824_154043/benchmark_runs/2026_08_24_evolution_ga_benchmark_15_40_55/2026_08_24_evolution_ga_Sitagliptin_MPO/generator_top_molecules.csv	generator-top	256	196	4	100	100
low-only	4	16	Zaleplon_MPO	/ibex/scratch/colleoe/spectralMol/guacamol_frequency_ablation_merged_20260824_150715/low-only/seed_4/task_16_Zaleplon_MPO/compare_GuacaMol_20260824_154040/runs/spectralmol/seed_4/case_GuacaMol_20260824_154041/benchmark_runs/2026_08_24_evolution_ga_benchmark_15_40_43/2026_08_24_evolution_ga_Zaleplon_MPO/generator_top_molecules.csv	generator-top	256	162	38	100	100
low-only	4	17	Valsartan_smarts	/ibex/scratch/colleoe/spectralMol/guacamol_frequency_ablation_merged_20260824_150715/low-only/seed_4/task_17_Valsartan_smarts/compare_GuacaMol_20260824_154050/runs/spectralmol/seed_4/case_GuacaMol_20260824_154052/benchmark_runs/2026_08_24_evolution_ga_benchmark_15_41_04/2026_08_24_evolution_ga_Valsartan_smarts/generator_top_molecules.csv	generator-top	256	155	45	100	100
low-only	4	18	Deco_hop	/ibex/scratch/colleoe/spectralMol/guacamol_frequency_ablation_merged_20260824_150715/low-only/seed_4/task_18_Deco_hop/compare_GuacaMol_20260824_154052/runs/spectralmol/seed_4/case_GuacaMol_20260824_154054/benchmark_runs/2026_08_24_evolution_ga_benchmark_15_41_04/2026_08_24_evolution_ga_Deco_hop/generator_top_molecules.csv	generator-top	256	186	14	100	100
low-only	4	19	Scaffold_hop	/ibex/scratch/colleoe/spectralMol/guacamol_frequency_ablation_merged_20260824_150715/low-only/seed_4/task_19_Scaffold_hop/compare_GuacaMol_20260824_154047/runs/spectralmol/seed_4/case_GuacaMol_20260824_154048/benchmark_runs/2026_08_24_evolution_ga_benchmark_15_40_50/2026_08_24_evolution_ga_Scaffold_hop/generator_top_molecules.csv	generator-top	256	200	0	100	100
low-only	4	1	Troglitazone_rediscovery	/ibex/scratch/colleoe/spectralMol/guacamol_frequency_ablation_merged_20260824_150715/low-only/seed_4/task_1_Troglitazone_rediscovery/compare_GuacaMol_20260824_153918/runs/spectralmol/seed_4/case_GuacaMol_20260824_153920/benchmark_runs/2026_08_24_evolution_ga_benchmark_15_39_32/2026_08_24_evolution_ga_Troglitazone_rediscovery/generator_top_molecules.csv	generator-top	256	200	0	100	100
low-only	4	2	Thiothixene_rediscovery	/ibex/scratch/colleoe/spectralMol/guacamol_frequency_ablation_merged_20260824_150715/low-only/seed_4/task_2_Thiothixene_rediscovery/compare_GuacaMol_20260824_153923/runs/spectralmol/seed_4/case_GuacaMol_20260824_153925/benchmark_runs/2026_08_24_evolution_ga_benchmark_15_39_36/2026_08_24_evolution_ga_Thiothixene_rediscovery/generator_top_molecules.csv	generator-top	256	200	0	100	100
low-only	4	3	Aripiprazole_similarity	/ibex/scratch/colleoe/spectralMol/guacamol_frequency_ablation_merged_20260824_150715/low-only/seed_4/task_3_Aripiprazole_similarity/compare_GuacaMol_20260824_153925/runs/spectralmol/seed_4/case_GuacaMol_20260824_153927/benchmark_runs/2026_08_24_evolution_ga_benchmark_15_39_37/2026_08_24_evolution_ga_Aripiprazole_similarity/generator_top_molecules.csv	generator-top	256	200	0	100	100
low-only	4	4	Albuterol_similarity	/ibex/scratch/colleoe/spectralMol/guacamol_frequency_ablation_merged_20260824_150715/low-only/seed_4/task_4_Albuterol_similarity/compare_GuacaMol_20260824_153927/runs/spectralmol/seed_4/case_GuacaMol_20260824_153929/benchmark_runs/2026_08_24_evolution_ga_benchmark_15_39_40/2026_08_24_evolution_ga_Albuterol_similarity/generator_top_molecules.csv	generator-top	256	200	0	100	100
low-only	4	5	Mestranol_similarity	/ibex/scratch/colleoe/spectralMol/guacamol_frequency_ablation_merged_20260824_150715/low-only/seed_4/task_5_Mestranol_similarity/compare_GuacaMol_20260824_153926/runs/spectralmol/seed_4/case_GuacaMol_20260824_153927/benchmark_runs/2026_08_24_evolution_ga_benchmark_15_39_29/2026_08_24_evolution_ga_Mestranol_similarity/generator_top_molecules.csv	generator-top	256	200	0	100	100
low-only	4	6	C11H24	/ibex/scratch/colleoe/spectralMol/guacamol_frequency_ablation_merged_20260824_150715/low-only/seed_4/task_6_C11H24/compare_GuacaMol_20260824_153938/runs/spectralmol/seed_4/case_GuacaMol_20260824_153940/benchmark_runs/2026_08_24_evolution_ga_benchmark_15_39_53/2026_08_24_evolution_ga_C11H24/generator_top_molecules.csv	generator-top	256	200	0	100	100
low-only	4	7	C9H10N2O2PF2Cl	/ibex/scratch/colleoe/spectralMol/guacamol_frequency_ablation_merged_20260824_150715/low-only/seed_4/task_7_C9H10N2O2PF2Cl/compare_GuacaMol_20260824_153936/runs/spectralmol/seed_4/case_GuacaMol_20260824_153937/benchmark_runs/2026_08_24_evolution_ga_benchmark_15_39_39/2026_08_24_evolution_ga_C9H10N2O2PF2Cl/generator_top_molecules.csv	generator-top	256	197	3	100	100
low-only	4	8	Median_molecules_1	/ibex/scratch/colleoe/spectralMol/guacamol_frequency_ablation_merged_20260824_150715/low-only/seed_4/task_8_Median_molecules_1/compare_GuacaMol_20260824_153938/runs/spectralmol/seed_4/case_GuacaMol_20260824_153938/benchmark_runs/2026_08_24_evolution_ga_benchmark_15_39_41/2026_08_24_evolution_ga_Median_molecules_1/generator_top_molecules.csv	generator-top	256	200	0	100	100
low-only	4	9	Median_molecules_2	/ibex/scratch/colleoe/spectralMol/guacamol_frequency_ablation_merged_20260824_150715/low-only/seed_4/task_9_Median_molecules_2/compare_GuacaMol_20260824_153944/runs/spectralmol/seed_4/case_GuacaMol_20260824_153944/benchmark_runs/2026_08_24_evolution_ga_benchmark_15_39_47/2026_08_24_evolution_ga_Median_molecules_2/generator_top_molecules.csv	generator-top	256	27	173	27	27
low-only	5	0	Celecoxib_rediscovery	/ibex/scratch/colleoe/spectralMol/guacamol_frequency_ablation_merged_20260824_150715/low-only/seed_5/task_0_Celecoxib_rediscovery/compare_GuacaMol_20260824_154048/runs/spectralmol/seed_5/case_GuacaMol_20260824_154049/benchmark_runs/2026_08_24_evolution_ga_benchmark_15_40_54/2026_08_24_evolution_ga_Celecoxib_rediscovery/generator_top_molecules.csv	generator-top	256	200	0	100	100
low-only	5	10	Osimertinib_MPO	/ibex/scratch/colleoe/spectralMol/guacamol_frequency_ablation_merged_20260824_150715/low-only/seed_5/task_10_Osimertinib_MPO/compare_GuacaMol_20260824_154150/runs/spectralmol/seed_5/case_GuacaMol_20260824_154153/benchmark_runs/2026_08_24_evolution_ga_benchmark_15_42_09/2026_08_24_evolution_ga_Osimertinib_MPO/generator_top_molecules.csv	generator-top	256	130	70	100	100
low-only	5	11	Fexofenadine_MPO	/ibex/scratch/colleoe/spectralMol/guacamol_frequency_ablation_merged_20260824_150715/low-only/seed_5/task_11_Fexofenadine_MPO/compare_GuacaMol_20260824_154156/runs/spectralmol/seed_5/case_GuacaMol_20260824_154159/benchmark_runs/2026_08_24_evolution_ga_benchmark_15_42_11/2026_08_24_evolution_ga_Fexofenadine_MPO/generator_top_molecules.csv	generator-top	256	200	0	100	100
low-only	5	12	Ranolazine_MPO	/ibex/scratch/colleoe/spectralMol/guacamol_frequency_ablation_merged_20260824_150715/low-only/seed_5/task_12_Ranolazine_MPO/compare_GuacaMol_20260824_154159/runs/spectralmol/seed_5/case_GuacaMol_20260824_154201/benchmark_runs/2026_08_24_evolution_ga_benchmark_15_42_13/2026_08_24_evolution_ga_Ranolazine_MPO/generator_top_molecules.csv	generator-top	256	200	0	100	100
low-only	5	13	Perindopril_MPO	/ibex/scratch/colleoe/spectralMol/guacamol_frequency_ablation_merged_20260824_150715/low-only/seed_5/task_13_Perindopril_MPO/compare_GuacaMol_20260824_154159/runs/spectralmol/seed_5/case_GuacaMol_20260824_154201/benchmark_runs/2026_08_24_evolution_ga_benchmark_15_42_13/2026_08_24_evolution_ga_Perindopril_MPO/generator_top_molecules.csv	generator-top	256	40	160	40	40
low-only	5	14	Amlodipine_MPO	/ibex/scratch/colleoe/spectralMol/guacamol_frequency_ablation_merged_20260824_150715/low-only/seed_5/task_14_Amlodipine_MPO/compare_GuacaMol_20260824_154156/runs/spectralmol/seed_5/case_GuacaMol_20260824_154157/benchmark_runs/2026_08_24_evolution_ga_benchmark_15_41_59/2026_08_24_evolution_ga_Amlodipine_MPO/generator_top_molecules.csv	generator-top	256	194	6	100	100
low-only	5	15	Sitagliptin_MPO	/ibex/scratch/colleoe/spectralMol/guacamol_frequency_ablation_merged_20260824_150715/low-only/seed_5/task_15_Sitagliptin_MPO/compare_GuacaMol_20260824_154202/runs/spectralmol/seed_5/case_GuacaMol_20260824_154203/benchmark_runs/2026_08_24_evolution_ga_benchmark_15_42_05/2026_08_24_evolution_ga_Sitagliptin_MPO/generator_top_molecules.csv	generator-top	256	199	1	100	100
low-only	5	16	Zaleplon_MPO	/ibex/scratch/colleoe/spectralMol/guacamol_frequency_ablation_merged_20260824_150715/low-only/seed_5/task_16_Zaleplon_MPO/compare_GuacaMol_20260824_154205/runs/spectralmol/seed_5/case_GuacaMol_20260824_154206/benchmark_runs/2026_08_24_evolution_ga_benchmark_15_42_08/2026_08_24_evolution_ga_Zaleplon_MPO/generator_top_molecules.csv	generator-top	256	193	7	100	100
low-only	5	17	Valsartan_smarts	/ibex/scratch/colleoe/spectralMol/guacamol_frequency_ablation_merged_20260824_150715/low-only/seed_5/task_17_Valsartan_smarts/compare_GuacaMol_20260824_154220/runs/spectralmol/seed_5/case_GuacaMol_20260824_154222/benchmark_runs/2026_08_24_evolution_ga_benchmark_15_42_33/2026_08_24_evolution_ga_Valsartan_smarts/generator_top_molecules.csv	generator-top	256	158	42	100	100
low-only	5	18	Deco_hop	/ibex/scratch/colleoe/spectralMol/guacamol_frequency_ablation_merged_20260824_150715/low-only/seed_5/task_18_Deco_hop/compare_GuacaMol_20260824_154223/runs/spectralmol/seed_5/case_GuacaMol_20260824_154225/benchmark_runs/2026_08_24_evolution_ga_benchmark_15_42_36/2026_08_24_evolution_ga_Deco_hop/generator_top_molecules.csv	generator-top	256	49	151	49	49
low-only	5	19	Scaffold_hop	/ibex/scratch/colleoe/spectralMol/guacamol_frequency_ablation_merged_20260824_150715/low-only/seed_5/task_19_Scaffold_hop/compare_GuacaMol_20260824_154234/runs/spectralmol/seed_5/case_GuacaMol_20260824_154236/benchmark_runs/2026_08_24_evolution_ga_benchmark_15_42_47/2026_08_24_evolution_ga_Scaffold_hop/generator_top_molecules.csv	generator-top	256	200	0	100	100
low-only	5	1	Troglitazone_rediscovery	/ibex/scratch/colleoe/spectralMol/guacamol_frequency_ablation_merged_20260824_150715/low-only/seed_5/task_1_Troglitazone_rediscovery/compare_GuacaMol_20260824_154055/runs/spectralmol/seed_5/case_GuacaMol_20260824_154057/benchmark_runs/2026_08_24_evolution_ga_benchmark_15_41_09/2026_08_24_evolution_ga_Troglitazone_rediscovery/generator_top_molecules.csv	generator-top	256	200	0	100	100
low-only	5	2	Thiothixene_rediscovery	/ibex/scratch/colleoe/spectralMol/guacamol_frequency_ablation_merged_20260824_150715/low-only/seed_5/task_2_Thiothixene_rediscovery/compare_GuacaMol_20260824_154055/runs/spectralmol/seed_5/case_GuacaMol_20260824_154057/benchmark_runs/2026_08_24_evolution_ga_benchmark_15_41_08/2026_08_24_evolution_ga_Thiothixene_rediscovery/generator_top_molecules.csv	generator-top	256	200	0	100	100
low-only	5	3	Aripiprazole_similarity	/ibex/scratch/colleoe/spectralMol/guacamol_frequency_ablation_merged_20260824_150715/low-only/seed_5/task_3_Aripiprazole_similarity/compare_GuacaMol_20260824_154059/runs/spectralmol/seed_5/case_GuacaMol_20260824_154101/benchmark_runs/2026_08_24_evolution_ga_benchmark_15_41_14/2026_08_24_evolution_ga_Aripiprazole_similarity/generator_top_molecules.csv	generator-top	256	200	0	100	100
low-only	5	4	Albuterol_similarity	/ibex/scratch/colleoe/spectralMol/guacamol_frequency_ablation_merged_20260824_150715/low-only/seed_5/task_4_Albuterol_similarity/compare_GuacaMol_20260824_154100/runs/spectralmol/seed_5/case_GuacaMol_20260824_154101/benchmark_runs/2026_08_24_evolution_ga_benchmark_15_41_03/2026_08_24_evolution_ga_Albuterol_similarity/generator_top_molecules.csv	generator-top	256	200	0	100	100
low-only	5	5	Mestranol_similarity	/ibex/scratch/colleoe/spectralMol/guacamol_frequency_ablation_merged_20260824_150715/low-only/seed_5/task_5_Mestranol_similarity/compare_GuacaMol_20260824_154101/runs/spectralmol/seed_5/case_GuacaMol_20260824_154102/benchmark_runs/2026_08_24_evolution_ga_benchmark_15_41_07/2026_08_24_evolution_ga_Mestranol_similarity/generator_top_molecules.csv	generator-top	256	200	0	100	100
low-only	5	6	C11H24	/ibex/scratch/colleoe/spectralMol/guacamol_frequency_ablation_merged_20260824_150715/low-only/seed_5/task_6_C11H24/compare_GuacaMol_20260824_154115/runs/spectralmol/seed_5/case_GuacaMol_20260824_154117/benchmark_runs/2026_08_24_evolution_ga_benchmark_15_41_30/2026_08_24_evolution_ga_C11H24/generator_top_molecules.csv	generator-top	256	200	0	100	100
low-only	5	7	C9H10N2O2PF2Cl	/ibex/scratch/colleoe/spectralMol/guacamol_frequency_ablation_merged_20260824_150715/low-only/seed_5/task_7_C9H10N2O2PF2Cl/compare_GuacaMol_20260824_154139/runs/spectralmol/seed_5/case_GuacaMol_20260824_154141/benchmark_runs/2026_08_24_evolution_ga_benchmark_15_41_54/2026_08_24_evolution_ga_C9H10N2O2PF2Cl/generator_top_molecules.csv	generator-top	256	200	0	100	100
low-only	5	8	Median_molecules_1	/ibex/scratch/colleoe/spectralMol/guacamol_frequency_ablation_merged_20260824_150715/low-only/seed_5/task_8_Median_molecules_1/compare_GuacaMol_20260824_154144/runs/spectralmol/seed_5/case_GuacaMol_20260824_154146/benchmark_runs/2026_08_24_evolution_ga_benchmark_15_41_57/2026_08_24_evolution_ga_Median_molecules_1/generator_top_molecules.csv	generator-top	256	200	0	100	100
low-only	5	9	Median_molecules_2	/ibex/scratch/colleoe/spectralMol/guacamol_frequency_ablation_merged_20260824_150715/low-only/seed_5/task_9_Median_molecules_2/compare_GuacaMol_20260824_154142/runs/spectralmol/seed_5/case_GuacaMol_20260824_154143/benchmark_runs/2026_08_24_evolution_ga_benchmark_15_41_45/2026_08_24_evolution_ga_Median_molecules_2/generator_top_molecules.csv	generator-top	256	31	169	31	31
random-matrix	0	0	Celecoxib_rediscovery	/ibex/scratch/colleoe/spectralMol/guacamol_frequency_ablation_merged_20260824_150715/random-matrix/seed_0/task_0_Celecoxib_rediscovery/compare_GuacaMol_20260824_154234/runs/spectralmol/seed_0/case_GuacaMol_20260824_154236/benchmark_runs/2026_08_24_evolution_ga_benchmark_15_42_47/2026_08_24_evolution_ga_Celecoxib_rediscovery/generator_top_molecules.csv	generator-top	256	200	0	100	100
random-matrix	0	10	Osimertinib_MPO	/ibex/scratch/colleoe/spectralMol/guacamol_frequency_ablation_merged_20260824_150715/random-matrix/seed_0/task_10_Osimertinib_MPO/compare_GuacaMol_20260824_154335/runs/spectralmol/seed_0/case_GuacaMol_20260824_154335/benchmark_runs/2026_08_24_evolution_ga_benchmark_15_43_38/2026_08_24_evolution_ga_Osimertinib_MPO/generator_top_molecules.csv	generator-top	256	185	15	100	100
random-matrix	0	11	Fexofenadine_MPO	/ibex/scratch/colleoe/spectralMol/guacamol_frequency_ablation_merged_20260824_150715/random-matrix/seed_0/task_11_Fexofenadine_MPO/compare_GuacaMol_20260824_154346/runs/spectralmol/seed_0/case_GuacaMol_20260824_154348/benchmark_runs/2026_08_24_evolution_ga_benchmark_15_44_01/2026_08_24_evolution_ga_Fexofenadine_MPO/generator_top_molecules.csv	generator-top	256	200	0	100	100
random-matrix	0	12	Ranolazine_MPO	/ibex/scratch/colleoe/spectralMol/guacamol_frequency_ablation_merged_20260824_150715/random-matrix/seed_0/task_12_Ranolazine_MPO/compare_GuacaMol_20260824_154341/runs/spectralmol/seed_0/case_GuacaMol_20260824_154342/benchmark_runs/2026_08_24_evolution_ga_benchmark_15_43_45/2026_08_24_evolution_ga_Ranolazine_MPO/generator_top_molecules.csv	generator-top	256	60	140	60	60
random-matrix	0	13	Perindopril_MPO	/ibex/scratch/colleoe/spectralMol/guacamol_frequency_ablation_merged_20260824_150715/random-matrix/seed_0/task_13_Perindopril_MPO/compare_GuacaMol_20260824_154409/runs/spectralmol/seed_0/case_GuacaMol_20260824_154411/benchmark_runs/2026_08_24_evolution_ga_benchmark_15_44_23/2026_08_24_evolution_ga_Perindopril_MPO/generator_top_molecules.csv	generator-top	256	53	147	53	53
random-matrix	0	14	Amlodipine_MPO	/ibex/scratch/colleoe/spectralMol/guacamol_frequency_ablation_merged_20260824_150715/random-matrix/seed_0/task_14_Amlodipine_MPO/compare_GuacaMol_20260824_154403/runs/spectralmol/seed_0/case_GuacaMol_20260824_154404/benchmark_runs/2026_08_24_evolution_ga_benchmark_15_44_07/2026_08_24_evolution_ga_Amlodipine_MPO/generator_top_molecules.csv	generator-top	256	143	57	100	100
random-matrix	0	15	Sitagliptin_MPO	/ibex/scratch/colleoe/spectralMol/guacamol_frequency_ablation_merged_20260824_150715/random-matrix/seed_0/task_15_Sitagliptin_MPO/compare_GuacaMol_20260824_154407/runs/spectralmol/seed_0/case_GuacaMol_20260824_154408/benchmark_runs/2026_08_24_evolution_ga_benchmark_15_44_12/2026_08_24_evolution_ga_Sitagliptin_MPO/generator_top_molecules.csv	generator-top	256	200	0	100	100
random-matrix	0	16	Zaleplon_MPO	/ibex/scratch/colleoe/spectralMol/guacamol_frequency_ablation_merged_20260824_150715/random-matrix/seed_0/task_16_Zaleplon_MPO/compare_GuacaMol_20260824_154413/runs/spectralmol/seed_0/case_GuacaMol_20260824_154415/benchmark_runs/2026_08_24_evolution_ga_benchmark_15_44_27/2026_08_24_evolution_ga_Zaleplon_MPO/generator_top_molecules.csv	generator-top	256	200	0	100	100
random-matrix	0	17	Valsartan_smarts	/ibex/scratch/colleoe/spectralMol/guacamol_frequency_ablation_merged_20260824_150715/random-matrix/seed_0/task_17_Valsartan_smarts/compare_GuacaMol_20260824_154411/runs/spectralmol/seed_0/case_GuacaMol_20260824_154412/benchmark_runs/2026_08_24_evolution_ga_benchmark_15_44_15/2026_08_24_evolution_ga_Valsartan_smarts/generator_top_molecules.csv	generator-top	256	159	41	100	100
random-matrix	0	18	Deco_hop	/ibex/scratch/colleoe/spectralMol/guacamol_frequency_ablation_merged_20260824_150715/random-matrix/seed_0/task_18_Deco_hop/compare_GuacaMol_20260824_154419/runs/spectralmol/seed_0/case_GuacaMol_20260824_154422/benchmark_runs/2026_08_24_evolution_ga_benchmark_15_44_34/2026_08_24_evolution_ga_Deco_hop/generator_top_molecules.csv	generator-top	256	95	105	95	95
random-matrix	0	19	Scaffold_hop	/ibex/scratch/colleoe/spectralMol/guacamol_frequency_ablation_merged_20260824_150715/random-matrix/seed_0/task_19_Scaffold_hop/compare_GuacaMol_20260824_154423/runs/spectralmol/seed_0/case_GuacaMol_20260824_154425/benchmark_runs/2026_08_24_evolution_ga_benchmark_15_44_38/2026_08_24_evolution_ga_Scaffold_hop/generator_top_molecules.csv	generator-top	256	200	0	100	100
random-matrix	0	1	Troglitazone_rediscovery	/ibex/scratch/colleoe/spectralMol/guacamol_frequency_ablation_merged_20260824_150715/random-matrix/seed_0/task_1_Troglitazone_rediscovery/compare_GuacaMol_20260824_154239/runs/spectralmol/seed_0/case_GuacaMol_20260824_154241/benchmark_runs/2026_08_24_evolution_ga_benchmark_15_42_52/2026_08_24_evolution_ga_Troglitazone_rediscovery/generator_top_molecules.csv	generator-top	256	200	0	100	100
random-matrix	0	2	Thiothixene_rediscovery	/ibex/scratch/colleoe/spectralMol/guacamol_frequency_ablation_merged_20260824_150715/random-matrix/seed_0/task_2_Thiothixene_rediscovery/compare_GuacaMol_20260824_154234/runs/spectralmol/seed_0/case_GuacaMol_20260824_154234/benchmark_runs/2026_08_24_evolution_ga_benchmark_15_42_37/2026_08_24_evolution_ga_Thiothixene_rediscovery/generator_top_molecules.csv	generator-top	256	200	0	100	100
random-matrix	0	3	Aripiprazole_similarity	/ibex/scratch/colleoe/spectralMol/guacamol_frequency_ablation_merged_20260824_150715/random-matrix/seed_0/task_3_Aripiprazole_similarity/compare_GuacaMol_20260824_154251/runs/spectralmol/seed_0/case_GuacaMol_20260824_154253/benchmark_runs/2026_08_24_evolution_ga_benchmark_15_43_05/2026_08_24_evolution_ga_Aripiprazole_similarity/generator_top_molecules.csv	generator-top	256	200	0	100	100
random-matrix	0	4	Albuterol_similarity	/ibex/scratch/colleoe/spectralMol/guacamol_frequency_ablation_merged_20260824_150715/random-matrix/seed_0/task_4_Albuterol_similarity/compare_GuacaMol_20260824_154247/runs/spectralmol/seed_0/case_GuacaMol_20260824_154248/benchmark_runs/2026_08_24_evolution_ga_benchmark_15_42_50/2026_08_24_evolution_ga_Albuterol_similarity/generator_top_molecules.csv	generator-top	256	195	5	100	100
random-matrix	0	5	Mestranol_similarity	/ibex/scratch/colleoe/spectralMol/guacamol_frequency_ablation_merged_20260824_150715/random-matrix/seed_0/task_5_Mestranol_similarity/compare_GuacaMol_20260824_154255/runs/spectralmol/seed_0/case_GuacaMol_20260824_154258/benchmark_runs/2026_08_24_evolution_ga_benchmark_15_43_10/2026_08_24_evolution_ga_Mestranol_similarity/generator_top_molecules.csv	generator-top	256	200	0	100	100
random-matrix	0	6	C11H24	/ibex/scratch/colleoe/spectralMol/guacamol_frequency_ablation_merged_20260824_150715/random-matrix/seed_0/task_6_C11H24/compare_GuacaMol_20260824_154253/runs/spectralmol/seed_0/case_GuacaMol_20260824_154254/benchmark_runs/2026_08_24_evolution_ga_benchmark_15_42_56/2026_08_24_evolution_ga_C11H24/generator_top_molecules.csv	generator-top	256	200	0	100	100
random-matrix	0	7	C9H10N2O2PF2Cl	/ibex/scratch/colleoe/spectralMol/guacamol_frequency_ablation_merged_20260824_150715/random-matrix/seed_0/task_7_C9H10N2O2PF2Cl/compare_GuacaMol_20260824_154256/runs/spectralmol/seed_0/case_GuacaMol_20260824_154256/benchmark_runs/2026_08_24_evolution_ga_benchmark_15_42_59/2026_08_24_evolution_ga_C9H10N2O2PF2Cl/generator_top_molecules.csv	generator-top	256	199	1	100	100
random-matrix	0	8	Median_molecules_1	/ibex/scratch/colleoe/spectralMol/guacamol_frequency_ablation_merged_20260824_150715/random-matrix/seed_0/task_8_Median_molecules_1/compare_GuacaMol_20260824_154307/runs/spectralmol/seed_0/case_GuacaMol_20260824_154309/benchmark_runs/2026_08_24_evolution_ga_benchmark_15_43_20/2026_08_24_evolution_ga_Median_molecules_1/generator_top_molecules.csv	generator-top	256	200	0	100	100
random-matrix	0	9	Median_molecules_2	/ibex/scratch/colleoe/spectralMol/guacamol_frequency_ablation_merged_20260824_150715/random-matrix/seed_0/task_9_Median_molecules_2/compare_GuacaMol_20260824_154312/runs/spectralmol/seed_0/case_GuacaMol_20260824_154314/benchmark_runs/2026_08_24_evolution_ga_benchmark_15_43_25/2026_08_24_evolution_ga_Median_molecules_2/generator_top_molecules.csv	generator-top	256	131	69	100	100
random-matrix	1	0	Celecoxib_rediscovery	/ibex/scratch/colleoe/spectralMol/guacamol_frequency_ablation_merged_20260824_150715/random-matrix/seed_1/task_0_Celecoxib_rediscovery/compare_GuacaMol_20260824_154429/runs/spectralmol/seed_1/case_GuacaMol_20260824_154430/benchmark_runs/2026_08_24_evolution_ga_benchmark_15_44_32/2026_08_24_evolution_ga_Celecoxib_rediscovery/generator_top_molecules.csv	generator-top	256	200	0	100	100
random-matrix	1	10	Osimertinib_MPO	/ibex/scratch/colleoe/spectralMol/guacamol_frequency_ablation_merged_20260824_150715/random-matrix/seed_1/task_10_Osimertinib_MPO/compare_GuacaMol_20260824_154511/runs/spectralmol/seed_1/case_GuacaMol_20260824_154512/benchmark_runs/2026_08_24_evolution_ga_benchmark_15_45_14/2026_08_24_evolution_ga_Osimertinib_MPO/generator_top_molecules.csv	generator-top	256	200	0	100	100
random-matrix	1	11	Fexofenadine_MPO	/ibex/scratch/colleoe/spectralMol/guacamol_frequency_ablation_merged_20260824_150715/random-matrix/seed_1/task_11_Fexofenadine_MPO/compare_GuacaMol_20260824_154515/runs/spectralmol/seed_1/case_GuacaMol_20260824_154518/benchmark_runs/2026_08_24_evolution_ga_benchmark_15_45_28/2026_08_24_evolution_ga_Fexofenadine_MPO/generator_top_molecules.csv	generator-top	256	200	0	100	100
random-matrix	1	12	Ranolazine_MPO	/ibex/scratch/colleoe/spectralMol/guacamol_frequency_ablation_merged_20260824_150715/random-matrix/seed_1/task_12_Ranolazine_MPO/compare_GuacaMol_20260824_154515/runs/spectralmol/seed_1/case_GuacaMol_20260824_154516/benchmark_runs/2026_08_24_evolution_ga_benchmark_15_45_22/2026_08_24_evolution_ga_Ranolazine_MPO/generator_top_molecules.csv	generator-top	256	94	106	94	94
random-matrix	1	13	Perindopril_MPO	/ibex/scratch/colleoe/spectralMol/guacamol_frequency_ablation_merged_20260824_150715/random-matrix/seed_1/task_13_Perindopril_MPO/compare_GuacaMol_20260824_154523/runs/spectralmol/seed_1/case_GuacaMol_20260824_154525/benchmark_runs/2026_08_24_evolution_ga_benchmark_15_45_37/2026_08_24_evolution_ga_Perindopril_MPO/generator_top_molecules.csv	generator-top	256	70	130	70	70
random-matrix	1	14	Amlodipine_MPO	/ibex/scratch/colleoe/spectralMol/guacamol_frequency_ablation_merged_20260824_150715/random-matrix/seed_1/task_14_Amlodipine_MPO/compare_GuacaMol_20260824_154520/runs/spectralmol/seed_1/case_GuacaMol_20260824_154520/benchmark_runs/2026_08_24_evolution_ga_benchmark_15_45_23/2026_08_24_evolution_ga_Amlodipine_MPO/generator_top_molecules.csv	generator-top	256	198	2	100	100
random-matrix	1	15	Sitagliptin_MPO	/ibex/scratch/colleoe/spectralMol/guacamol_frequency_ablation_merged_20260824_150715/random-matrix/seed_1/task_15_Sitagliptin_MPO/compare_GuacaMol_20260824_154525/runs/spectralmol/seed_1/case_GuacaMol_20260824_154527/benchmark_runs/2026_08_24_evolution_ga_benchmark_15_45_38/2026_08_24_evolution_ga_Sitagliptin_MPO/generator_top_molecules.csv	generator-top	256	200	0	100	100
random-matrix	1	16	Zaleplon_MPO	/ibex/scratch/colleoe/spectralMol/guacamol_frequency_ablation_merged_20260824_150715/random-matrix/seed_1/task_16_Zaleplon_MPO/compare_GuacaMol_20260824_154537/runs/spectralmol/seed_1/case_GuacaMol_20260824_154539/benchmark_runs/2026_08_24_evolution_ga_benchmark_15_45_51/2026_08_24_evolution_ga_Zaleplon_MPO/generator_top_molecules.csv	generator-top	256	200	0	100	100
random-matrix	1	17	Valsartan_smarts	/ibex/scratch/colleoe/spectralMol/guacamol_frequency_ablation_merged_20260824_150715/random-matrix/seed_1/task_17_Valsartan_smarts/compare_GuacaMol_20260824_154532/runs/spectralmol/seed_1/case_GuacaMol_20260824_154533/benchmark_runs/2026_08_24_evolution_ga_benchmark_15_45_35/2026_08_24_evolution_ga_Valsartan_smarts/generator_top_molecules.csv	generator-top	256	147	53	100	100
random-matrix	1	18	Deco_hop	/ibex/scratch/colleoe/spectralMol/guacamol_frequency_ablation_merged_20260824_150715/random-matrix/seed_1/task_18_Deco_hop/compare_GuacaMol_20260824_154550/runs/spectralmol/seed_1/case_GuacaMol_20260824_154552/benchmark_runs/2026_08_24_evolution_ga_benchmark_15_46_03/2026_08_24_evolution_ga_Deco_hop/generator_top_molecules.csv	generator-top	256	70	130	70	70
random-matrix	1	19	Scaffold_hop	/ibex/scratch/colleoe/spectralMol/guacamol_frequency_ablation_merged_20260824_150715/random-matrix/seed_1/task_19_Scaffold_hop/compare_GuacaMol_20260824_154602/runs/spectralmol/seed_1/case_GuacaMol_20260824_154603/benchmark_runs/2026_08_24_evolution_ga_benchmark_15_46_05/2026_08_24_evolution_ga_Scaffold_hop/generator_top_molecules.csv	generator-top	256	140	60	100	100
random-matrix	1	1	Troglitazone_rediscovery	/ibex/scratch/colleoe/spectralMol/guacamol_frequency_ablation_merged_20260824_150715/random-matrix/seed_1/task_1_Troglitazone_rediscovery/compare_GuacaMol_20260824_154438/runs/spectralmol/seed_1/case_GuacaMol_20260824_154438/benchmark_runs/2026_08_24_evolution_ga_benchmark_15_44_41/2026_08_24_evolution_ga_Troglitazone_rediscovery/generator_top_molecules.csv	generator-top	256	200	0	100	100
random-matrix	1	2	Thiothixene_rediscovery	/ibex/scratch/colleoe/spectralMol/guacamol_frequency_ablation_merged_20260824_150715/random-matrix/seed_1/task_2_Thiothixene_rediscovery/compare_GuacaMol_20260824_154449/runs/spectralmol/seed_1/case_GuacaMol_20260824_154451/benchmark_runs/2026_08_24_evolution_ga_benchmark_15_45_02/2026_08_24_evolution_ga_Thiothixene_rediscovery/generator_top_molecules.csv	generator-top	256	200	0	100	100
random-matrix	1	3	Aripiprazole_similarity	/ibex/scratch/colleoe/spectralMol/guacamol_frequency_ablation_merged_20260824_150715/random-matrix/seed_1/task_3_Aripiprazole_similarity/compare_GuacaMol_20260824_154444/runs/spectralmol/seed_1/case_GuacaMol_20260824_154444/benchmark_runs/2026_08_24_evolution_ga_benchmark_15_44_47/2026_08_24_evolution_ga_Aripiprazole_similarity/generator_top_molecules.csv	generator-top	256	200	0	100	100
random-matrix	1	4	Albuterol_similarity	/ibex/scratch/colleoe/spectralMol/guacamol_frequency_ablation_merged_20260824_150715/random-matrix/seed_1/task_4_Albuterol_similarity/compare_GuacaMol_20260824_154454/runs/spectralmol/seed_1/case_GuacaMol_20260824_154455/benchmark_runs/2026_08_24_evolution_ga_benchmark_15_44_57/2026_08_24_evolution_ga_Albuterol_similarity/generator_top_molecules.csv	generator-top	256	198	2	100	100
random-matrix	1	5	Mestranol_similarity	/ibex/scratch/colleoe/spectralMol/guacamol_frequency_ablation_merged_20260824_150715/random-matrix/seed_1/task_5_Mestranol_similarity/compare_GuacaMol_20260824_154500/runs/spectralmol/seed_1/case_GuacaMol_20260824_154504/benchmark_runs/2026_08_24_evolution_ga_benchmark_15_45_19/2026_08_24_evolution_ga_Mestranol_similarity/generator_top_molecules.csv	generator-top	256	200	0	100	100
random-matrix	1	6	C11H24	/ibex/scratch/colleoe/spectralMol/guacamol_frequency_ablation_merged_20260824_150715/random-matrix/seed_1/task_6_C11H24/compare_GuacaMol_20260824_154454/runs/spectralmol/seed_1/case_GuacaMol_20260824_154455/benchmark_runs/2026_08_24_evolution_ga_benchmark_15_44_58/2026_08_24_evolution_ga_C11H24/generator_top_molecules.csv	generator-top	256	200	0	100	100
random-matrix	1	7	C9H10N2O2PF2Cl	/ibex/scratch/colleoe/spectralMol/guacamol_frequency_ablation_merged_20260824_150715/random-matrix/seed_1/task_7_C9H10N2O2PF2Cl/compare_GuacaMol_20260824_154456/runs/spectralmol/seed_1/case_GuacaMol_20260824_154456/benchmark_runs/2026_08_24_evolution_ga_benchmark_15_44_59/2026_08_24_evolution_ga_C9H10N2O2PF2Cl/generator_top_molecules.csv	generator-top	256	199	1	100	100
random-matrix	1	8	Median_molecules_1	/ibex/scratch/colleoe/spectralMol/guacamol_frequency_ablation_merged_20260824_150715/random-matrix/seed_1/task_8_Median_molecules_1/compare_GuacaMol_20260824_154513/runs/spectralmol/seed_1/case_GuacaMol_20260824_154515/benchmark_runs/2026_08_24_evolution_ga_benchmark_15_45_27/2026_08_24_evolution_ga_Median_molecules_1/generator_top_molecules.csv	generator-top	256	200	0	100	100
random-matrix	1	9	Median_molecules_2	/ibex/scratch/colleoe/spectralMol/guacamol_frequency_ablation_merged_20260824_150715/random-matrix/seed_1/task_9_Median_molecules_2/compare_GuacaMol_20260824_154512/runs/spectralmol/seed_1/case_GuacaMol_20260824_154514/benchmark_runs/2026_08_24_evolution_ga_benchmark_15_45_24/2026_08_24_evolution_ga_Median_molecules_2/generator_top_molecules.csv	generator-top	256	140	60	100	100
random-matrix	2	0	Celecoxib_rediscovery	/ibex/scratch/colleoe/spectralMol/guacamol_frequency_ablation_merged_20260824_150715/random-matrix/seed_2/task_0_Celecoxib_rediscovery/compare_GuacaMol_20260824_154602/runs/spectralmol/seed_2/case_GuacaMol_20260824_154603/benchmark_runs/2026_08_24_evolution_ga_benchmark_15_46_05/2026_08_24_evolution_ga_Celecoxib_rediscovery/generator_top_molecules.csv	generator-top	256	200	0	100	100
random-matrix	2	10	Osimertinib_MPO	/ibex/scratch/colleoe/spectralMol/guacamol_frequency_ablation_merged_20260824_150715/random-matrix/seed_2/task_10_Osimertinib_MPO/compare_GuacaMol_20260824_154625/runs/spectralmol/seed_2/case_GuacaMol_20260824_154628/benchmark_runs/2026_08_24_evolution_ga_benchmark_15_46_39/2026_08_24_evolution_ga_Osimertinib_MPO/generator_top_molecules.csv	generator-top	256	102	98	100	100
random-matrix	2	11	Fexofenadine_MPO	/ibex/scratch/colleoe/spectralMol/guacamol_frequency_ablation_merged_20260824_150715/random-matrix/seed_2/task_11_Fexofenadine_MPO/compare_GuacaMol_20260824_154658/runs/spectralmol/seed_2/case_GuacaMol_20260824_154700/benchmark_runs/2026_08_24_evolution_ga_benchmark_15_47_12/2026_08_24_evolution_ga_Fexofenadine_MPO/generator_top_molecules.csv	generator-top	256	200	0	100	100
random-matrix	2	12	Ranolazine_MPO	/ibex/scratch/colleoe/spectralMol/guacamol_frequency_ablation_merged_20260824_150715/random-matrix/seed_2/task_12_Ranolazine_MPO/compare_GuacaMol_20260824_154706/runs/spectralmol/seed_2/case_GuacaMol_20260824_154708/benchmark_runs/2026_08_24_evolution_ga_benchmark_15_47_20/2026_08_24_evolution_ga_Ranolazine_MPO/generator_top_molecules.csv	generator-top	256	42	158	42	42
random-matrix	2	13	Perindopril_MPO	/ibex/scratch/colleoe/spectralMol/guacamol_frequency_ablation_merged_20260824_150715/random-matrix/seed_2/task_13_Perindopril_MPO/compare_GuacaMol_20260824_154738/runs/spectralmol/seed_2/case_GuacaMol_20260824_154740/benchmark_runs/2026_08_24_evolution_ga_benchmark_15_47_53/2026_08_24_evolution_ga_Perindopril_MPO/generator_top_molecules.csv	generator-top	256	56	144	56	56
random-matrix	2	14	Amlodipine_MPO	/ibex/scratch/colleoe/spectralMol/guacamol_frequency_ablation_merged_20260824_150715/random-matrix/seed_2/task_14_Amlodipine_MPO/compare_GuacaMol_20260824_154732/runs/spectralmol/seed_2/case_GuacaMol_20260824_154733/benchmark_runs/2026_08_24_evolution_ga_benchmark_15_47_35/2026_08_24_evolution_ga_Amlodipine_MPO/generator_top_molecules.csv	generator-top	256	200	0	100	100
random-matrix	2	15	Sitagliptin_MPO	/ibex/scratch/colleoe/spectralMol/guacamol_frequency_ablation_merged_20260824_150715/random-matrix/seed_2/task_15_Sitagliptin_MPO/compare_GuacaMol_20260824_154742/runs/spectralmol/seed_2/case_GuacaMol_20260824_154743/benchmark_runs/2026_08_24_evolution_ga_benchmark_15_47_45/2026_08_24_evolution_ga_Sitagliptin_MPO/generator_top_molecules.csv	generator-top	256	199	1	100	100
random-matrix	2	16	Zaleplon_MPO	/ibex/scratch/colleoe/spectralMol/guacamol_frequency_ablation_merged_20260824_150715/random-matrix/seed_2/task_16_Zaleplon_MPO/compare_GuacaMol_20260824_154750/runs/spectralmol/seed_2/case_GuacaMol_20260824_154752/benchmark_runs/2026_08_24_evolution_ga_benchmark_15_48_04/2026_08_24_evolution_ga_Zaleplon_MPO/generator_top_molecules.csv	generator-top	256	183	17	100	100
random-matrix	2	17	Valsartan_smarts	/ibex/scratch/colleoe/spectralMol/guacamol_frequency_ablation_merged_20260824_150715/random-matrix/seed_2/task_17_Valsartan_smarts/compare_GuacaMol_20260824_154747/runs/spectralmol/seed_2/case_GuacaMol_20260824_154747/benchmark_runs/2026_08_24_evolution_ga_benchmark_15_47_50/2026_08_24_evolution_ga_Valsartan_smarts/generator_top_molecules.csv	generator-top	256	185	15	100	100
random-matrix	2	18	Deco_hop	/ibex/scratch/colleoe/spectralMol/guacamol_frequency_ablation_merged_20260824_150715/random-matrix/seed_2/task_18_Deco_hop/compare_GuacaMol_20260824_154747/runs/spectralmol/seed_2/case_GuacaMol_20260824_154748/benchmark_runs/2026_08_24_evolution_ga_benchmark_15_47_50/2026_08_24_evolution_ga_Deco_hop/generator_top_molecules.csv	generator-top	256	78	122	78	78
random-matrix	2	19	Scaffold_hop	/ibex/scratch/colleoe/spectralMol/guacamol_frequency_ablation_merged_20260824_150715/random-matrix/seed_2/task_19_Scaffold_hop/compare_GuacaMol_20260824_154747/runs/spectralmol/seed_2/case_GuacaMol_20260824_154748/benchmark_runs/2026_08_24_evolution_ga_benchmark_15_47_50/2026_08_24_evolution_ga_Scaffold_hop/generator_top_molecules.csv	generator-top	256	200	0	100	100
random-matrix	2	1	Troglitazone_rediscovery	/ibex/scratch/colleoe/spectralMol/guacamol_frequency_ablation_merged_20260824_150715/random-matrix/seed_2/task_1_Troglitazone_rediscovery/compare_GuacaMol_20260824_154611/runs/spectralmol/seed_2/case_GuacaMol_20260824_154613/benchmark_runs/2026_08_24_evolution_ga_benchmark_15_46_24/2026_08_24_evolution_ga_Troglitazone_rediscovery/generator_top_molecules.csv	generator-top	256	200	0	100	100
random-matrix	2	2	Thiothixene_rediscovery	/ibex/scratch/colleoe/spectralMol/guacamol_frequency_ablation_merged_20260824_150715/random-matrix/seed_2/task_2_Thiothixene_rediscovery/compare_GuacaMol_20260824_154608/runs/spectralmol/seed_2/case_GuacaMol_20260824_154608/benchmark_runs/2026_08_24_evolution_ga_benchmark_15_46_11/2026_08_24_evolution_ga_Thiothixene_rediscovery/generator_top_molecules.csv	generator-top	256	200	0	100	100
random-matrix	2	3	Aripiprazole_similarity	/ibex/scratch/colleoe/spectralMol/guacamol_frequency_ablation_merged_20260824_150715/random-matrix/seed_2/task_3_Aripiprazole_similarity/compare_GuacaMol_20260824_154613/runs/spectralmol/seed_2/case_GuacaMol_20260824_154615/benchmark_runs/2026_08_24_evolution_ga_benchmark_15_46_26/2026_08_24_evolution_ga_Aripiprazole_similarity/generator_top_molecules.csv	generator-top	256	200	0	100	100
random-matrix	2	4	Albuterol_similarity	/ibex/scratch/colleoe/spectralMol/guacamol_frequency_ablation_merged_20260824_150715/random-matrix/seed_2/task_4_Albuterol_similarity/compare_GuacaMol_20260824_154617/runs/spectralmol/seed_2/case_GuacaMol_20260824_154619/benchmark_runs/2026_08_24_evolution_ga_benchmark_15_46_30/2026_08_24_evolution_ga_Albuterol_similarity/generator_top_molecules.csv	generator-top	256	183	17	100	100
random-matrix	2	5	Mestranol_similarity	/ibex/scratch/colleoe/spectralMol/guacamol_frequency_ablation_merged_20260824_150715/random-matrix/seed_2/task_5_Mestranol_similarity/compare_GuacaMol_20260824_154612/runs/spectralmol/seed_2/case_GuacaMol_20260824_154613/benchmark_runs/2026_08_24_evolution_ga_benchmark_15_46_19/2026_08_24_evolution_ga_Mestranol_similarity/generator_top_molecules.csv	generator-top	256	200	0	100	100
random-matrix	2	6	C11H24	/ibex/scratch/colleoe/spectralMol/guacamol_frequency_ablation_merged_20260824_150715/random-matrix/seed_2/task_6_C11H24/compare_GuacaMol_20260824_154619/runs/spectralmol/seed_2/case_GuacaMol_20260824_154621/benchmark_runs/2026_08_24_evolution_ga_benchmark_15_46_33/2026_08_24_evolution_ga_C11H24/generator_top_molecules.csv	generator-top	256	200	0	100	100
random-matrix	2	7	C9H10N2O2PF2Cl	/ibex/scratch/colleoe/spectralMol/guacamol_frequency_ablation_merged_20260824_150715/random-matrix/seed_2/task_7_C9H10N2O2PF2Cl/compare_GuacaMol_20260824_154617/runs/spectralmol/seed_2/case_GuacaMol_20260824_154617/benchmark_runs/2026_08_24_evolution_ga_benchmark_15_46_20/2026_08_24_evolution_ga_C9H10N2O2PF2Cl/generator_top_molecules.csv	generator-top	256	197	3	100	100
random-matrix	2	8	Median_molecules_1	/ibex/scratch/colleoe/spectralMol/guacamol_frequency_ablation_merged_20260824_150715/random-matrix/seed_2/task_8_Median_molecules_1/compare_GuacaMol_20260824_154625/runs/spectralmol/seed_2/case_GuacaMol_20260824_154627/benchmark_runs/2026_08_24_evolution_ga_benchmark_15_46_38/2026_08_24_evolution_ga_Median_molecules_1/generator_top_molecules.csv	generator-top	256	200	0	100	100
random-matrix	2	9	Median_molecules_2	/ibex/scratch/colleoe/spectralMol/guacamol_frequency_ablation_merged_20260824_150715/random-matrix/seed_2/task_9_Median_molecules_2/compare_GuacaMol_20260824_154626/runs/spectralmol/seed_2/case_GuacaMol_20260824_154628/benchmark_runs/2026_08_24_evolution_ga_benchmark_15_46_40/2026_08_24_evolution_ga_Median_molecules_2/generator_top_molecules.csv	generator-top	256	139	61	100	100
random-matrix	3	0	Celecoxib_rediscovery	/ibex/scratch/colleoe/spectralMol/guacamol_frequency_ablation_merged_20260824_150715/random-matrix/seed_3/task_0_Celecoxib_rediscovery/compare_GuacaMol_20260824_154756/runs/spectralmol/seed_3/case_GuacaMol_20260824_154758/benchmark_runs/2026_08_24_evolution_ga_benchmark_15_48_10/2026_08_24_evolution_ga_Celecoxib_rediscovery/generator_top_molecules.csv	generator-top	256	200	0	100	100
random-matrix	3	10	Osimertinib_MPO	/ibex/scratch/colleoe/spectralMol/guacamol_frequency_ablation_merged_20260824_150715/random-matrix/seed_3/task_10_Osimertinib_MPO/compare_GuacaMol_20260824_154837/runs/spectralmol/seed_3/case_GuacaMol_20260824_154839/benchmark_runs/2026_08_24_evolution_ga_benchmark_15_48_50/2026_08_24_evolution_ga_Osimertinib_MPO/generator_top_molecules.csv	generator-top	256	169	31	100	100
random-matrix	3	11	Fexofenadine_MPO	/ibex/scratch/colleoe/spectralMol/guacamol_frequency_ablation_merged_20260824_150715/random-matrix/seed_3/task_11_Fexofenadine_MPO/compare_GuacaMol_20260824_154837/runs/spectralmol/seed_3/case_GuacaMol_20260824_154839/benchmark_runs/2026_08_24_evolution_ga_benchmark_15_48_50/2026_08_24_evolution_ga_Fexofenadine_MPO/generator_top_molecules.csv	generator-top	256	200	0	100	100
random-matrix	3	12	Ranolazine_MPO	/ibex/scratch/colleoe/spectralMol/guacamol_frequency_ablation_merged_20260824_150715/random-matrix/seed_3/task_12_Ranolazine_MPO/compare_GuacaMol_20260824_154845/runs/spectralmol/seed_3/case_GuacaMol_20260824_154847/benchmark_runs/2026_08_24_evolution_ga_benchmark_15_48_59/2026_08_24_evolution_ga_Ranolazine_MPO/generator_top_molecules.csv	generator-top	256	32	168	32	32
random-matrix	3	13	Perindopril_MPO	/ibex/scratch/colleoe/spectralMol/guacamol_frequency_ablation_merged_20260824_150715/random-matrix/seed_3/task_13_Perindopril_MPO/compare_GuacaMol_20260824_154852/runs/spectralmol/seed_3/case_GuacaMol_20260824_154854/benchmark_runs/2026_08_24_evolution_ga_benchmark_15_49_05/2026_08_24_evolution_ga_Perindopril_MPO/generator_top_molecules.csv	generator-top	256	68	132	68	68
random-matrix	3	14	Amlodipine_MPO	/ibex/scratch/colleoe/spectralMol/guacamol_frequency_ablation_merged_20260824_150715/random-matrix/seed_3/task_14_Amlodipine_MPO/compare_GuacaMol_20260824_154855/runs/spectralmol/seed_3/case_GuacaMol_20260824_154858/benchmark_runs/2026_08_24_evolution_ga_benchmark_15_49_13/2026_08_24_evolution_ga_Amlodipine_MPO/generator_top_molecules.csv	generator-top	256	200	0	100	100
random-matrix	3	15	Sitagliptin_MPO	/ibex/scratch/colleoe/spectralMol/guacamol_frequency_ablation_merged_20260824_150715/random-matrix/seed_3/task_15_Sitagliptin_MPO/compare_GuacaMol_20260824_154907/runs/spectralmol/seed_3/case_GuacaMol_20260824_154908/benchmark_runs/2026_08_24_evolution_ga_benchmark_15_49_10/2026_08_24_evolution_ga_Sitagliptin_MPO/generator_top_molecules.csv	generator-top	256	188	12	100	100
random-matrix	3	16	Zaleplon_MPO	/ibex/scratch/colleoe/spectralMol/guacamol_frequency_ablation_merged_20260824_150715/random-matrix/seed_3/task_16_Zaleplon_MPO/compare_GuacaMol_20260824_154915/runs/spectralmol/seed_3/case_GuacaMol_20260824_154917/benchmark_runs/2026_08_24_evolution_ga_benchmark_15_49_27/2026_08_24_evolution_ga_Zaleplon_MPO/generator_top_molecules.csv	generator-top	256	163	37	100	100
random-matrix	3	17	Valsartan_smarts	/ibex/scratch/colleoe/spectralMol/guacamol_frequency_ablation_merged_20260824_150715/random-matrix/seed_3/task_17_Valsartan_smarts/compare_GuacaMol_20260824_154915/runs/spectralmol/seed_3/case_GuacaMol_20260824_154917/benchmark_runs/2026_08_24_evolution_ga_benchmark_15_49_27/2026_08_24_evolution_ga_Valsartan_smarts/generator_top_molecules.csv	generator-top	256	162	38	100	100
random-matrix	3	18	Deco_hop	/ibex/scratch/colleoe/spectralMol/guacamol_frequency_ablation_merged_20260824_150715/random-matrix/seed_3/task_18_Deco_hop/compare_GuacaMol_20260824_154921/runs/spectralmol/seed_3/case_GuacaMol_20260824_154923/benchmark_runs/2026_08_24_evolution_ga_benchmark_15_49_36/2026_08_24_evolution_ga_Deco_hop/generator_top_molecules.csv	generator-top	256	74	126	74	74
random-matrix	3	19	Scaffold_hop	/ibex/scratch/colleoe/spectralMol/guacamol_frequency_ablation_merged_20260824_150715/random-matrix/seed_3/task_19_Scaffold_hop/compare_GuacaMol_20260824_154916/runs/spectralmol/seed_3/case_GuacaMol_20260824_154917/benchmark_runs/2026_08_24_evolution_ga_benchmark_15_49_20/2026_08_24_evolution_ga_Scaffold_hop/generator_top_molecules.csv	generator-top	256	200	0	100	100
random-matrix	3	1	Troglitazone_rediscovery	/ibex/scratch/colleoe/spectralMol/guacamol_frequency_ablation_merged_20260824_150715/random-matrix/seed_3/task_1_Troglitazone_rediscovery/compare_GuacaMol_20260824_154756/runs/spectralmol/seed_3/case_GuacaMol_20260824_154758/benchmark_runs/2026_08_24_evolution_ga_benchmark_15_48_10/2026_08_24_evolution_ga_Troglitazone_rediscovery/generator_top_molecules.csv	generator-top	256	199	1	100	100
random-matrix	3	2	Thiothixene_rediscovery	/ibex/scratch/colleoe/spectralMol/guacamol_frequency_ablation_merged_20260824_150715/random-matrix/seed_3/task_2_Thiothixene_rediscovery/compare_GuacaMol_20260824_154754/runs/spectralmol/seed_3/case_GuacaMol_20260824_154755/benchmark_runs/2026_08_24_evolution_ga_benchmark_15_47_58/2026_08_24_evolution_ga_Thiothixene_rediscovery/generator_top_molecules.csv	generator-top	256	200	0	100	100
random-matrix	3	3	Aripiprazole_similarity	/ibex/scratch/colleoe/spectralMol/guacamol_frequency_ablation_merged_20260824_150715/random-matrix/seed_3/task_3_Aripiprazole_similarity/compare_GuacaMol_20260824_154759/runs/spectralmol/seed_3/case_GuacaMol_20260824_154800/benchmark_runs/2026_08_24_evolution_ga_benchmark_15_48_03/2026_08_24_evolution_ga_Aripiprazole_similarity/generator_top_molecules.csv	generator-top	256	200	0	100	100
random-matrix	3	4	Albuterol_similarity	/ibex/scratch/colleoe/spectralMol/guacamol_frequency_ablation_merged_20260824_150715/random-matrix/seed_3/task_4_Albuterol_similarity/compare_GuacaMol_20260824_154803/runs/spectralmol/seed_3/case_GuacaMol_20260824_154804/benchmark_runs/2026_08_24_evolution_ga_benchmark_15_48_10/2026_08_24_evolution_ga_Albuterol_similarity/generator_top_molecules.csv	generator-top	256	189	11	100	100
random-matrix	3	5	Mestranol_similarity	/ibex/scratch/colleoe/spectralMol/guacamol_frequency_ablation_merged_20260824_150715/random-matrix/seed_3/task_5_Mestranol_similarity/compare_GuacaMol_20260824_154810/runs/spectralmol/seed_3/case_GuacaMol_20260824_154812/benchmark_runs/2026_08_24_evolution_ga_benchmark_15_48_24/2026_08_24_evolution_ga_Mestranol_similarity/generator_top_molecules.csv	generator-top	256	200	0	100	100
random-matrix	3	6	C11H24	/ibex/scratch/colleoe/spectralMol/guacamol_frequency_ablation_merged_20260824_150715/random-matrix/seed_3/task_6_C11H24/compare_GuacaMol_20260824_154823/runs/spectralmol/seed_3/case_GuacaMol_20260824_154824/benchmark_runs/2026_08_24_evolution_ga_benchmark_15_48_27/2026_08_24_evolution_ga_C11H24/generator_top_molecules.csv	generator-top	256	200	0	100	100
random-matrix	3	7	C9H10N2O2PF2Cl	/ibex/scratch/colleoe/spectralMol/guacamol_frequency_ablation_merged_20260824_150715/random-matrix/seed_3/task_7_C9H10N2O2PF2Cl/compare_GuacaMol_20260824_154831/runs/spectralmol/seed_3/case_GuacaMol_20260824_154835/benchmark_runs/2026_08_24_evolution_ga_benchmark_15_48_52/2026_08_24_evolution_ga_C9H10N2O2PF2Cl/generator_top_molecules.csv	generator-top	256	200	0	100	100
random-matrix	3	8	Median_molecules_1	/ibex/scratch/colleoe/spectralMol/guacamol_frequency_ablation_merged_20260824_150715/random-matrix/seed_3/task_8_Median_molecules_1/compare_GuacaMol_20260824_154829/runs/spectralmol/seed_3/case_GuacaMol_20260824_154829/benchmark_runs/2026_08_24_evolution_ga_benchmark_15_48_32/2026_08_24_evolution_ga_Median_molecules_1/generator_top_molecules.csv	generator-top	256	200	0	100	100
random-matrix	3	9	Median_molecules_2	/ibex/scratch/colleoe/spectralMol/guacamol_frequency_ablation_merged_20260824_150715/random-matrix/seed_3/task_9_Median_molecules_2/compare_GuacaMol_20260824_154837/runs/spectralmol/seed_3/case_GuacaMol_20260824_154839/benchmark_runs/2026_08_24_evolution_ga_benchmark_15_48_50/2026_08_24_evolution_ga_Median_molecules_2/generator_top_molecules.csv	generator-top	256	92	108	92	92
random-matrix	4	0	Celecoxib_rediscovery	/ibex/scratch/colleoe/spectralMol/guacamol_frequency_ablation_merged_20260824_150715/random-matrix/seed_4/task_0_Celecoxib_rediscovery/compare_GuacaMol_20260824_154919/runs/spectralmol/seed_4/case_GuacaMol_20260824_154922/benchmark_runs/2026_08_24_evolution_ga_benchmark_15_49_33/2026_08_24_evolution_ga_Celecoxib_rediscovery/generator_top_molecules.csv	generator-top	256	200	0	100	100
random-matrix	4	10	Osimertinib_MPO	/ibex/scratch/colleoe/spectralMol/guacamol_frequency_ablation_merged_20260824_150715/random-matrix/seed_4/task_10_Osimertinib_MPO/compare_GuacaMol_20260824_155039/runs/spectralmol/seed_4/case_GuacaMol_20260824_155041/benchmark_runs/2026_08_24_evolution_ga_benchmark_15_50_54/2026_08_24_evolution_ga_Osimertinib_MPO/generator_top_molecules.csv	generator-top	256	84	116	84	84
random-matrix	4	11	Fexofenadine_MPO	/ibex/scratch/colleoe/spectralMol/guacamol_frequency_ablation_merged_20260824_150715/random-matrix/seed_4/task_11_Fexofenadine_MPO/compare_GuacaMol_20260824_155038/runs/spectralmol/seed_4/case_GuacaMol_20260824_155038/benchmark_runs/2026_08_24_evolution_ga_benchmark_15_50_41/2026_08_24_evolution_ga_Fexofenadine_MPO/generator_top_molecules.csv	generator-top	256	200	0	100	100
random-matrix	4	12	Ranolazine_MPO	/ibex/scratch/colleoe/spectralMol/guacamol_frequency_ablation_merged_20260824_150715/random-matrix/seed_4/task_12_Ranolazine_MPO/compare_GuacaMol_20260824_155039/runs/spectralmol/seed_4/case_GuacaMol_20260824_155040/benchmark_runs/2026_08_24_evolution_ga_benchmark_15_50_42/2026_08_24_evolution_ga_Ranolazine_MPO/generator_top_molecules.csv	generator-top	256	199	1	100	100
random-matrix	4	13	Perindopril_MPO	/ibex/scratch/colleoe/spectralMol/guacamol_frequency_ablation_merged_20260824_150715/random-matrix/seed_4/task_13_Perindopril_MPO/compare_GuacaMol_20260824_155044/runs/spectralmol/seed_4/case_GuacaMol_20260824_155046/benchmark_runs/2026_08_24_evolution_ga_benchmark_15_50_58/2026_08_24_evolution_ga_Perindopril_MPO/generator_top_molecules.csv	generator-top	256	41	159	41	41
random-matrix	4	14	Amlodipine_MPO	/ibex/scratch/colleoe/spectralMol/guacamol_frequency_ablation_merged_20260824_150715/random-matrix/seed_4/task_14_Amlodipine_MPO/compare_GuacaMol_20260824_155058/runs/spectralmol/seed_4/case_GuacaMol_20260824_155101/benchmark_runs/2026_08_24_evolution_ga_benchmark_15_51_14/2026_08_24_evolution_ga_Amlodipine_MPO/generator_top_molecules.csv	generator-top	256	162	38	100	100
random-matrix	4	15	Sitagliptin_MPO	/ibex/scratch/colleoe/spectralMol/guacamol_frequency_ablation_merged_20260824_150715/random-matrix/seed_4/task_15_Sitagliptin_MPO/compare_GuacaMol_20260824_155054/runs/spectralmol/seed_4/case_GuacaMol_20260824_155054/benchmark_runs/2026_08_24_evolution_ga_benchmark_15_50_57/2026_08_24_evolution_ga_Sitagliptin_MPO/generator_top_molecules.csv	generator-top	256	141	59	100	100
random-matrix	4	16	Zaleplon_MPO	/ibex/scratch/colleoe/spectralMol/guacamol_frequency_ablation_merged_20260824_150715/random-matrix/seed_4/task_16_Zaleplon_MPO/compare_GuacaMol_20260824_155101/runs/spectralmol/seed_4/case_GuacaMol_20260824_155102/benchmark_runs/2026_08_24_evolution_ga_benchmark_15_51_04/2026_08_24_evolution_ga_Zaleplon_MPO/generator_top_molecules.csv	generator-top	256	191	9	100	100
random-matrix	4	17	Valsartan_smarts	/ibex/scratch/colleoe/spectralMol/guacamol_frequency_ablation_merged_20260824_150715/random-matrix/seed_4/task_17_Valsartan_smarts/compare_GuacaMol_20260824_155109/runs/spectralmol/seed_4/case_GuacaMol_20260824_155110/benchmark_runs/2026_08_24_evolution_ga_benchmark_15_51_12/2026_08_24_evolution_ga_Valsartan_smarts/generator_top_molecules.csv	generator-top	256	158	42	100	100
random-matrix	4	18	Deco_hop	/ibex/scratch/colleoe/spectralMol/guacamol_frequency_ablation_merged_20260824_150715/random-matrix/seed_4/task_18_Deco_hop/compare_GuacaMol_20260824_155120/runs/spectralmol/seed_4/case_GuacaMol_20260824_155122/benchmark_runs/2026_08_24_evolution_ga_benchmark_15_51_33/2026_08_24_evolution_ga_Deco_hop/generator_top_molecules.csv	generator-top	256	157	43	100	100
random-matrix	4	19	Scaffold_hop	/ibex/scratch/colleoe/spectralMol/guacamol_frequency_ablation_merged_20260824_150715/random-matrix/seed_4/task_19_Scaffold_hop/compare_GuacaMol_20260824_155120/runs/spectralmol/seed_4/case_GuacaMol_20260824_155122/benchmark_runs/2026_08_24_evolution_ga_benchmark_15_51_34/2026_08_24_evolution_ga_Scaffold_hop/generator_top_molecules.csv	generator-top	256	152	48	100	100
random-matrix	4	1	Troglitazone_rediscovery	/ibex/scratch/colleoe/spectralMol/guacamol_frequency_ablation_merged_20260824_150715/random-matrix/seed_4/task_1_Troglitazone_rediscovery/compare_GuacaMol_20260824_154917/runs/spectralmol/seed_4/case_GuacaMol_20260824_154917/benchmark_runs/2026_08_24_evolution_ga_benchmark_15_49_20/2026_08_24_evolution_ga_Troglitazone_rediscovery/generator_top_molecules.csv	generator-top	256	200	0	100	100
random-matrix	4	2	Thiothixene_rediscovery	/ibex/scratch/colleoe/spectralMol/guacamol_frequency_ablation_merged_20260824_150715/random-matrix/seed_4/task_2_Thiothixene_rediscovery/compare_GuacaMol_20260824_154922/runs/spectralmol/seed_4/case_GuacaMol_20260824_154924/benchmark_runs/2026_08_24_evolution_ga_benchmark_15_49_34/2026_08_24_evolution_ga_Thiothixene_rediscovery/generator_top_molecules.csv	generator-top	256	200	0	100	100
random-matrix	4	3	Aripiprazole_similarity	/ibex/scratch/colleoe/spectralMol/guacamol_frequency_ablation_merged_20260824_150715/random-matrix/seed_4/task_3_Aripiprazole_similarity/compare_GuacaMol_20260824_154930/runs/spectralmol/seed_4/case_GuacaMol_20260824_154931/benchmark_runs/2026_08_24_evolution_ga_benchmark_15_49_33/2026_08_24_evolution_ga_Aripiprazole_similarity/generator_top_molecules.csv	generator-top	256	200	0	100	100
random-matrix	4	4	Albuterol_similarity	/ibex/scratch/colleoe/spectralMol/guacamol_frequency_ablation_merged_20260824_150715/random-matrix/seed_4/task_4_Albuterol_similarity/compare_GuacaMol_20260824_154935/runs/spectralmol/seed_4/case_GuacaMol_20260824_154937/benchmark_runs/2026_08_24_evolution_ga_benchmark_15_49_48/2026_08_24_evolution_ga_Albuterol_similarity/generator_top_molecules.csv	generator-top	256	199	1	100	100
random-matrix	4	5	Mestranol_similarity	/ibex/scratch/colleoe/spectralMol/guacamol_frequency_ablation_merged_20260824_150715/random-matrix/seed_4/task_5_Mestranol_similarity/compare_GuacaMol_20260824_154945/runs/spectralmol/seed_4/case_GuacaMol_20260824_154947/benchmark_runs/2026_08_24_evolution_ga_benchmark_15_49_59/2026_08_24_evolution_ga_Mestranol_similarity/generator_top_molecules.csv	generator-top	256	200	0	100	100
random-matrix	4	6	C11H24	/ibex/scratch/colleoe/spectralMol/guacamol_frequency_ablation_merged_20260824_150715/random-matrix/seed_4/task_6_C11H24/compare_GuacaMol_20260824_154952/runs/spectralmol/seed_4/case_GuacaMol_20260824_154954/benchmark_runs/2026_08_24_evolution_ga_benchmark_15_50_07/2026_08_24_evolution_ga_C11H24/generator_top_molecules.csv	generator-top	256	200	0	100	100
random-matrix	4	7	C9H10N2O2PF2Cl	/ibex/scratch/colleoe/spectralMol/guacamol_frequency_ablation_merged_20260824_150715/random-matrix/seed_4/task_7_C9H10N2O2PF2Cl/compare_GuacaMol_20260824_154956/runs/spectralmol/seed_4/case_GuacaMol_20260824_154959/benchmark_runs/2026_08_24_evolution_ga_benchmark_15_50_11/2026_08_24_evolution_ga_C9H10N2O2PF2Cl/generator_top_molecules.csv	generator-top	256	196	4	100	100
random-matrix	4	8	Median_molecules_1	/ibex/scratch/colleoe/spectralMol/guacamol_frequency_ablation_merged_20260824_150715/random-matrix/seed_4/task_8_Median_molecules_1/compare_GuacaMol_20260824_154951/runs/spectralmol/seed_4/case_GuacaMol_20260824_154952/benchmark_runs/2026_08_24_evolution_ga_benchmark_15_49_55/2026_08_24_evolution_ga_Median_molecules_1/generator_top_molecules.csv	generator-top	256	200	0	100	100
random-matrix	4	9	Median_molecules_2	/ibex/scratch/colleoe/spectralMol/guacamol_frequency_ablation_merged_20260824_150715/random-matrix/seed_4/task_9_Median_molecules_2/compare_GuacaMol_20260824_154952/runs/spectralmol/seed_4/case_GuacaMol_20260824_154953/benchmark_runs/2026_08_24_evolution_ga_benchmark_15_49_58/2026_08_24_evolution_ga_Median_molecules_2/generator_top_molecules.csv	generator-top	256	150	50	100	100
random-matrix	5	0	Celecoxib_rediscovery	/ibex/scratch/colleoe/spectralMol/guacamol_frequency_ablation_merged_20260824_150715/random-matrix/seed_5/task_0_Celecoxib_rediscovery/compare_GuacaMol_20260824_155124/runs/spectralmol/seed_5/case_GuacaMol_20260824_155126/benchmark_runs/2026_08_24_evolution_ga_benchmark_15_51_38/2026_08_24_evolution_ga_Celecoxib_rediscovery/generator_top_molecules.csv	generator-top	256	200	0	100	100
random-matrix	5	10	Osimertinib_MPO	/ibex/scratch/colleoe/spectralMol/guacamol_frequency_ablation_merged_20260824_150715/random-matrix/seed_5/task_10_Osimertinib_MPO/compare_GuacaMol_20260824_155357/runs/spectralmol/seed_5/case_GuacaMol_20260824_155359/benchmark_runs/2026_08_24_evolution_ga_benchmark_15_54_12/2026_08_24_evolution_ga_Osimertinib_MPO/generator_top_molecules.csv	generator-top	256	97	103	97	97
random-matrix	5	11	Fexofenadine_MPO	/ibex/scratch/colleoe/spectralMol/guacamol_frequency_ablation_merged_20260824_150715/random-matrix/seed_5/task_11_Fexofenadine_MPO/compare_GuacaMol_20260824_155356/runs/spectralmol/seed_5/case_GuacaMol_20260824_155358/benchmark_runs/2026_08_24_evolution_ga_benchmark_15_54_08/2026_08_24_evolution_ga_Fexofenadine_MPO/generator_top_molecules.csv	generator-top	256	200	0	100	100
random-matrix	5	12	Ranolazine_MPO	/ibex/scratch/colleoe/spectralMol/guacamol_frequency_ablation_merged_20260824_150715/random-matrix/seed_5/task_12_Ranolazine_MPO/compare_GuacaMol_20260824_155356/runs/spectralmol/seed_5/case_GuacaMol_20260824_155358/benchmark_runs/2026_08_24_evolution_ga_benchmark_15_54_08/2026_08_24_evolution_ga_Ranolazine_MPO/generator_top_molecules.csv	generator-top	256	35	165	35	35
random-matrix	5	13	Perindopril_MPO	/ibex/scratch/colleoe/spectralMol/guacamol_frequency_ablation_merged_20260824_150715/random-matrix/seed_5/task_13_Perindopril_MPO/compare_GuacaMol_20260824_155358/runs/spectralmol/seed_5/case_GuacaMol_20260824_155402/benchmark_runs/2026_08_24_evolution_ga_benchmark_15_54_17/2026_08_24_evolution_ga_Perindopril_MPO/generator_top_molecules.csv	generator-top	256	123	77	100	100
random-matrix	5	14	Amlodipine_MPO	/ibex/scratch/colleoe/spectralMol/guacamol_frequency_ablation_merged_20260824_150715/random-matrix/seed_5/task_14_Amlodipine_MPO/compare_GuacaMol_20260824_155351/runs/spectralmol/seed_5/case_GuacaMol_20260824_155352/benchmark_runs/2026_08_24_evolution_ga_benchmark_15_53_55/2026_08_24_evolution_ga_Amlodipine_MPO/generator_top_molecules.csv	generator-top	256	119	81	100	100
random-matrix	5	15	Sitagliptin_MPO	/ibex/scratch/colleoe/spectralMol/guacamol_frequency_ablation_merged_20260824_150715/random-matrix/seed_5/task_15_Sitagliptin_MPO/compare_GuacaMol_20260824_155355/runs/spectralmol/seed_5/case_GuacaMol_20260824_155358/benchmark_runs/2026_08_24_evolution_ga_benchmark_15_54_09/2026_08_24_evolution_ga_Sitagliptin_MPO/generator_top_molecules.csv	generator-top	256	200	0	100	100
random-matrix	5	16	Zaleplon_MPO	/ibex/scratch/colleoe/spectralMol/guacamol_frequency_ablation_merged_20260824_150715/random-matrix/seed_5/task_16_Zaleplon_MPO/compare_GuacaMol_20260824_155356/runs/spectralmol/seed_5/case_GuacaMol_20260824_155358/benchmark_runs/2026_08_24_evolution_ga_benchmark_15_54_09/2026_08_24_evolution_ga_Zaleplon_MPO/generator_top_molecules.csv	generator-top	256	142	58	100	100
random-matrix	5	17	Valsartan_smarts	/ibex/scratch/colleoe/spectralMol/guacamol_frequency_ablation_merged_20260824_150715/random-matrix/seed_5/task_17_Valsartan_smarts/compare_GuacaMol_20260824_155356/runs/spectralmol/seed_5/case_GuacaMol_20260824_155358/benchmark_runs/2026_08_24_evolution_ga_benchmark_15_54_09/2026_08_24_evolution_ga_Valsartan_smarts/generator_top_molecules.csv	generator-top	256	146	54	100	100
random-matrix	5	18	Deco_hop	/ibex/scratch/colleoe/spectralMol/guacamol_frequency_ablation_merged_20260824_150715/random-matrix/seed_5/task_18_Deco_hop/compare_GuacaMol_20260824_155356/runs/spectralmol/seed_5/case_GuacaMol_20260824_155358/benchmark_runs/2026_08_24_evolution_ga_benchmark_15_54_09/2026_08_24_evolution_ga_Deco_hop/generator_top_molecules.csv	generator-top	256	57	143	57	57
random-matrix	5	19	Scaffold_hop	/ibex/scratch/colleoe/spectralMol/guacamol_frequency_ablation_merged_20260824_150715/random-matrix/seed_5/task_19_Scaffold_hop/compare_GuacaMol_20260824_155356/runs/spectralmol/seed_5/case_GuacaMol_20260824_155358/benchmark_runs/2026_08_24_evolution_ga_benchmark_15_54_09/2026_08_24_evolution_ga_Scaffold_hop/generator_top_molecules.csv	generator-top	256	161	39	100	100
random-matrix	5	1	Troglitazone_rediscovery	/ibex/scratch/colleoe/spectralMol/guacamol_frequency_ablation_merged_20260824_150715/random-matrix/seed_5/task_1_Troglitazone_rediscovery/compare_GuacaMol_20260824_155124/runs/spectralmol/seed_5/case_GuacaMol_20260824_155126/benchmark_runs/2026_08_24_evolution_ga_benchmark_15_51_38/2026_08_24_evolution_ga_Troglitazone_rediscovery/generator_top_molecules.csv	generator-top	256	200	0	100	100
random-matrix	5	2	Thiothixene_rediscovery	/ibex/scratch/colleoe/spectralMol/guacamol_frequency_ablation_merged_20260824_150715/random-matrix/seed_5/task_2_Thiothixene_rediscovery/compare_GuacaMol_20260824_155125/runs/spectralmol/seed_5/case_GuacaMol_20260824_155128/benchmark_runs/2026_08_24_evolution_ga_benchmark_15_51_40/2026_08_24_evolution_ga_Thiothixene_rediscovery/generator_top_molecules.csv	generator-top	256	130	70	100	100
random-matrix	5	3	Aripiprazole_similarity	/ibex/scratch/colleoe/spectralMol/guacamol_frequency_ablation_merged_20260824_150715/random-matrix/seed_5/task_3_Aripiprazole_similarity/compare_GuacaMol_20260824_155121/runs/spectralmol/seed_5/case_GuacaMol_20260824_155122/benchmark_runs/2026_08_24_evolution_ga_benchmark_15_51_24/2026_08_24_evolution_ga_Aripiprazole_similarity/generator_top_molecules.csv	generator-top	256	200	0	100	100
random-matrix	5	4	Albuterol_similarity	/ibex/scratch/colleoe/spectralMol/guacamol_frequency_ablation_merged_20260824_150715/random-matrix/seed_5/task_4_Albuterol_similarity/compare_GuacaMol_20260824_155132/runs/spectralmol/seed_5/case_GuacaMol_20260824_155134/benchmark_runs/2026_08_24_evolution_ga_benchmark_15_51_46/2026_08_24_evolution_ga_Albuterol_similarity/generator_top_molecules.csv	generator-top	256	180	20	100	100
random-matrix	5	5	Mestranol_similarity	/ibex/scratch/colleoe/spectralMol/guacamol_frequency_ablation_merged_20260824_150715/random-matrix/seed_5/task_5_Mestranol_similarity/compare_GuacaMol_20260824_155136/runs/spectralmol/seed_5/case_GuacaMol_20260824_155138/benchmark_runs/2026_08_24_evolution_ga_benchmark_15_51_50/2026_08_24_evolution_ga_Mestranol_similarity/generator_top_molecules.csv	generator-top	256	200	0	100	100
random-matrix	5	6	C11H24	/ibex/scratch/colleoe/spectralMol/guacamol_frequency_ablation_merged_20260824_150715/random-matrix/seed_5/task_6_C11H24/compare_GuacaMol_20260824_155134/runs/spectralmol/seed_5/case_GuacaMol_20260824_155135/benchmark_runs/2026_08_24_evolution_ga_benchmark_15_51_37/2026_08_24_evolution_ga_C11H24/generator_top_molecules.csv	generator-top	256	200	0	100	100
random-matrix	5	7	C9H10N2O2PF2Cl	/ibex/scratch/colleoe/spectralMol/guacamol_frequency_ablation_merged_20260824_150715/random-matrix/seed_5/task_7_C9H10N2O2PF2Cl/compare_GuacaMol_20260824_155140/runs/spectralmol/seed_5/case_GuacaMol_20260824_155142/benchmark_runs/2026_08_24_evolution_ga_benchmark_15_51_54/2026_08_24_evolution_ga_C9H10N2O2PF2Cl/generator_top_molecules.csv	generator-top	256	197	3	100	100
random-matrix	5	8	Median_molecules_1	/ibex/scratch/colleoe/spectralMol/guacamol_frequency_ablation_merged_20260824_150715/random-matrix/seed_5/task_8_Median_molecules_1/compare_GuacaMol_20260824_155144/runs/spectralmol/seed_5/case_GuacaMol_20260824_155146/benchmark_runs/2026_08_24_evolution_ga_benchmark_15_51_56/2026_08_24_evolution_ga_Median_molecules_1/generator_top_molecules.csv	generator-top	256	200	0	100	100
random-matrix	5	9	Median_molecules_2	/ibex/scratch/colleoe/spectralMol/guacamol_frequency_ablation_merged_20260824_150715/random-matrix/seed_5/task_9_Median_molecules_2/compare_GuacaMol_20260824_155153/runs/spectralmol/seed_5/case_GuacaMol_20260824_155155/benchmark_runs/2026_08_24_evolution_ga_benchmark_15_52_05/2026_08_24_evolution_ga_Median_molecules_2/generator_top_molecules.csv	generator-top	256	72	128	72	72
