seed	task_index	task	task_family	model	best_seed	best_seed_score	best_seed_avg_score	best_seed_n_scored	n_runs	score_column	scores_csv	source_file
10	0	Celecoxib_rediscovery	rediscovery	graphga	10	1.000000	0.7804770041660637	208685	1	single	PORTABLE_USER_ROOT/spectralMol/merged_fresh_repro_20260818_083101/guacamol_mpo_v3/seed_10/task_0_Celecoxib_rediscovery/compare_GuacaMol_20260818_091047/runs/graphga/seed_10/2026_08_18_graphGA_benchmark_10_00_53/2026_08_18_graphGA_Celecoxib_rediscovery/scores.csv	PORTABLE_USER_ROOT/spectralMol/merged_fresh_repro_20260818_083101/guacamol_mpo_v3/seed_10/task_0_Celecoxib_rediscovery/compare_GuacaMol_20260818_091047/comparison_task_best_seed_summary.tsv
10	0	Celecoxib_rediscovery	rediscovery	spectralmol	10	1.000000	0.04451540345047012	128256	1	single	PORTABLE_USER_ROOT/spectralMol/merged_fresh_repro_20260818_083101/guacamol_mpo_v3/seed_10/task_0_Celecoxib_rediscovery/compare_GuacaMol_20260818_091047/runs/spectralmol/seed_10/case_GuacaMol_20260818_091048/benchmark_runs/2026_08_18_evolution_ga_benchmark_09_10_54/2026_08_18_evolution_ga_Celecoxib_rediscovery/scores.csv	PORTABLE_USER_ROOT/spectralMol/merged_fresh_repro_20260818_083101/guacamol_mpo_v3/seed_10/task_0_Celecoxib_rediscovery/compare_GuacaMol_20260818_091047/comparison_task_best_seed_summary.tsv
10	10	Osimertinib_MPO	mpo	spectralmol	10	0.973344	0.0778078353401453	128256	1	gmean	PORTABLE_USER_ROOT/spectralMol/merged_fresh_repro_20260818_083101/guacamol_mpo_v3/seed_10/task_10_Osimertinib_MPO/compare_GuacaMol_20260824_100416/runs/spectralmol/seed_10/case_GuacaMol_20260824_100417/benchmark_runs/2026_08_24_evolution_ga_benchmark_10_04_24/2026_08_24_evolution_ga_Osimertinib_MPO/scores.csv	PORTABLE_USER_ROOT/spectralMol/merged_fresh_repro_20260818_083101/guacamol_mpo_v3/seed_10/task_10_Osimertinib_MPO/compare_GuacaMol_20260824_100416/comparison_task_best_seed_summary.tsv
10	10	Osimertinib_MPO	mpo	graphga	10	0.923498	0.7223780491416314	244572	1	gmean	PORTABLE_USER_ROOT/spectralMol/merged_fresh_repro_20260818_083101/guacamol_mpo_v3/seed_10/task_10_Osimertinib_MPO/compare_GuacaMol_20260824_100416/runs/graphga/seed_10/2026_08_24_graphGA_benchmark_10_19_43/2026_08_24_graphGA_Osimertinib_MPO/scores.csv	PORTABLE_USER_ROOT/spectralMol/merged_fresh_repro_20260818_083101/guacamol_mpo_v3/seed_10/task_10_Osimertinib_MPO/compare_GuacaMol_20260824_100416/comparison_task_best_seed_summary.tsv
10	11	Fexofenadine_MPO	mpo	spectralmol	10	1.000000	0.07816166868743468	128256	1	gmean	PORTABLE_USER_ROOT/spectralMol/merged_fresh_repro_20260818_083101/guacamol_mpo_v3/seed_10/task_11_Fexofenadine_MPO/compare_GuacaMol_20260824_100415/runs/spectralmol/seed_10/case_GuacaMol_20260824_100416/benchmark_runs/2026_08_24_evolution_ga_benchmark_10_04_23/2026_08_24_evolution_ga_Fexofenadine_MPO/scores.csv	PORTABLE_USER_ROOT/spectralMol/merged_fresh_repro_20260818_083101/guacamol_mpo_v3/seed_10/task_11_Fexofenadine_MPO/compare_GuacaMol_20260824_100415/comparison_task_best_seed_summary.tsv
10	11	Fexofenadine_MPO	mpo	graphga	10	0.912448	0.6582095896004063	232876	1	gmean	PORTABLE_USER_ROOT/spectralMol/merged_fresh_repro_20260818_083101/guacamol_mpo_v3/seed_10/task_11_Fexofenadine_MPO/compare_GuacaMol_20260824_100415/runs/graphga/seed_10/2026_08_24_graphGA_benchmark_10_25_31/2026_08_24_graphGA_Fexofenadine_MPO/scores.csv	PORTABLE_USER_ROOT/spectralMol/merged_fresh_repro_20260818_083101/guacamol_mpo_v3/seed_10/task_11_Fexofenadine_MPO/compare_GuacaMol_20260824_100415/comparison_task_best_seed_summary.tsv
10	12	Ranolazine_MPO	mpo	spectralmol	10	0.937298	0.22996854945740736	128256	1	gmean	PORTABLE_USER_ROOT/spectralMol/merged_fresh_repro_20260818_083101/guacamol_mpo_v3/seed_10/task_12_Ranolazine_MPO/compare_GuacaMol_20260818_091847/runs/spectralmol/seed_10/case_GuacaMol_20260818_091848/benchmark_runs/2026_08_18_evolution_ga_benchmark_09_18_53/2026_08_18_evolution_ga_Ranolazine_MPO/scores.csv	PORTABLE_USER_ROOT/spectralMol/merged_fresh_repro_20260818_083101/guacamol_mpo_v3/seed_10/task_12_Ranolazine_MPO/compare_GuacaMol_20260818_091847/comparison_task_best_seed_summary.tsv
10	12	Ranolazine_MPO	mpo	graphga	10	0.892762	0.6209994092597138	245867	1	gmean	PORTABLE_USER_ROOT/spectralMol/merged_fresh_repro_20260818_083101/guacamol_mpo_v3/seed_10/task_12_Ranolazine_MPO/compare_GuacaMol_20260818_091847/runs/graphga/seed_10/2026_08_18_graphGA_benchmark_09_40_01/2026_08_18_graphGA_Ranolazine_MPO/scores.csv	PORTABLE_USER_ROOT/spectralMol/merged_fresh_repro_20260818_083101/guacamol_mpo_v3/seed_10/task_12_Ranolazine_MPO/compare_GuacaMol_20260818_091847/comparison_task_best_seed_summary.tsv
10	13	Perindopril_MPO	mpo	graphga	10	0.697823	0.5296187267536213	225487	1	gmean	PORTABLE_USER_ROOT/spectralMol/merged_fresh_repro_20260818_083101/guacamol_mpo_v3/seed_10/task_13_Perindopril_MPO/compare_GuacaMol_20260824_100416/runs/graphga/seed_10/2026_08_24_graphGA_benchmark_10_22_51/2026_08_24_graphGA_Perindopril_MPO/scores.csv	PORTABLE_USER_ROOT/spectralMol/merged_fresh_repro_20260818_083101/guacamol_mpo_v3/seed_10/task_13_Perindopril_MPO/compare_GuacaMol_20260824_100416/comparison_task_best_seed_summary.tsv
10	13	Perindopril_MPO	mpo	spectralmol	10	0.420084	0.004550888791563903	128256	1	gmean	PORTABLE_USER_ROOT/spectralMol/merged_fresh_repro_20260818_083101/guacamol_mpo_v3/seed_10/task_13_Perindopril_MPO/compare_GuacaMol_20260824_100416/runs/spectralmol/seed_10/case_GuacaMol_20260824_100417/benchmark_runs/2026_08_24_evolution_ga_benchmark_10_04_24/2026_08_24_evolution_ga_Perindopril_MPO/scores.csv	PORTABLE_USER_ROOT/spectralMol/merged_fresh_repro_20260818_083101/guacamol_mpo_v3/seed_10/task_13_Perindopril_MPO/compare_GuacaMol_20260824_100416/comparison_task_best_seed_summary.tsv
10	14	Amlodipine_MPO	mpo	spectralmol	10	0.905663	0.041517859618106646	128256	1	gmean	PORTABLE_USER_ROOT/spectralMol/merged_fresh_repro_20260818_083101/guacamol_mpo_v3/seed_10/task_14_Amlodipine_MPO/compare_GuacaMol_20260818_091919/runs/spectralmol/seed_10/case_GuacaMol_20260818_091920/benchmark_runs/2026_08_18_evolution_ga_benchmark_09_19_24/2026_08_18_evolution_ga_Amlodipine_MPO/scores.csv	PORTABLE_USER_ROOT/spectralMol/merged_fresh_repro_20260818_083101/guacamol_mpo_v3/seed_10/task_14_Amlodipine_MPO/compare_GuacaMol_20260818_091919/comparison_task_best_seed_summary.tsv
10	14	Amlodipine_MPO	mpo	graphga	10	0.837931	0.6462305111608616	238230	1	gmean	PORTABLE_USER_ROOT/spectralMol/merged_fresh_repro_20260818_083101/guacamol_mpo_v3/seed_10/task_14_Amlodipine_MPO/compare_GuacaMol_20260818_091919/runs/graphga/seed_10/2026_08_18_graphGA_benchmark_09_40_25/2026_08_18_graphGA_Amlodipine_MPO/scores.csv	PORTABLE_USER_ROOT/spectralMol/merged_fresh_repro_20260818_083101/guacamol_mpo_v3/seed_10/task_14_Amlodipine_MPO/compare_GuacaMol_20260818_091919/comparison_task_best_seed_summary.tsv
10	15	Sitagliptin_MPO	mpo	spectralmol	10	0.837524	0.02387022326939082	128256	1	gmean	PORTABLE_USER_ROOT/spectralMol/merged_fresh_repro_20260818_083101/guacamol_mpo_v3/seed_10/task_15_Sitagliptin_MPO/compare_GuacaMol_20260818_092035/runs/spectralmol/seed_10/case_GuacaMol_20260818_092037/benchmark_runs/2026_08_18_evolution_ga_benchmark_09_20_47/2026_08_18_evolution_ga_Sitagliptin_MPO/scores.csv	PORTABLE_USER_ROOT/spectralMol/merged_fresh_repro_20260818_083101/guacamol_mpo_v3/seed_10/task_15_Sitagliptin_MPO/compare_GuacaMol_20260818_092035/comparison_task_best_seed_summary.tsv
10	15	Sitagliptin_MPO	mpo	graphga	10	0.721536	0.4375212233117276	226757	1	gmean	PORTABLE_USER_ROOT/spectralMol/merged_fresh_repro_20260818_083101/guacamol_mpo_v3/seed_10/task_15_Sitagliptin_MPO/compare_GuacaMol_20260818_092035/runs/graphga/seed_10/2026_08_18_graphGA_benchmark_10_04_24/2026_08_18_graphGA_Sitagliptin_MPO/scores.csv	PORTABLE_USER_ROOT/spectralMol/merged_fresh_repro_20260818_083101/guacamol_mpo_v3/seed_10/task_15_Sitagliptin_MPO/compare_GuacaMol_20260818_092035/comparison_task_best_seed_summary.tsv
10	16	Zaleplon_MPO	mpo	spectralmol	10	0.693637	0.010242772265606668	128256	1	gmean	PORTABLE_USER_ROOT/spectralMol/merged_fresh_repro_20260818_083101/guacamol_mpo_v3/seed_10/task_16_Zaleplon_MPO/compare_GuacaMol_20260818_092125/runs/spectralmol/seed_10/case_GuacaMol_20260818_092125/benchmark_runs/2026_08_18_evolution_ga_benchmark_09_21_30/2026_08_18_evolution_ga_Zaleplon_MPO/scores.csv	PORTABLE_USER_ROOT/spectralMol/merged_fresh_repro_20260818_083101/guacamol_mpo_v3/seed_10/task_16_Zaleplon_MPO/compare_GuacaMol_20260818_092125/comparison_task_best_seed_summary.tsv
10	16	Zaleplon_MPO	mpo	graphga	10	0.583095	0.3682216049535206	235685	1	gmean	PORTABLE_USER_ROOT/spectralMol/merged_fresh_repro_20260818_083101/guacamol_mpo_v3/seed_10/task_16_Zaleplon_MPO/compare_GuacaMol_20260818_092125/runs/graphga/seed_10/2026_08_18_graphGA_benchmark_09_39_26/2026_08_18_graphGA_Zaleplon_MPO/scores.csv	PORTABLE_USER_ROOT/spectralMol/merged_fresh_repro_20260818_083101/guacamol_mpo_v3/seed_10/task_16_Zaleplon_MPO/compare_GuacaMol_20260818_092125/comparison_task_best_seed_summary.tsv
10	17	Valsartan_smarts	smarts	graphga	10	0.031573	0.021249635684312963	202700	1	gmean	PORTABLE_USER_ROOT/spectralMol/merged_fresh_repro_20260818_083101/guacamol_mpo_v3/seed_10/task_17_Valsartan_smarts/compare_GuacaMol_20260818_092150/runs/graphga/seed_10/2026_08_18_graphGA_benchmark_10_01_01/2026_08_18_graphGA_Valsartan_smarts/scores.csv	PORTABLE_USER_ROOT/spectralMol/merged_fresh_repro_20260818_083101/guacamol_mpo_v3/seed_10/task_17_Valsartan_smarts/compare_GuacaMol_20260818_092150/comparison_task_best_seed_summary.tsv
10	17	Valsartan_smarts	smarts	spectralmol	10	0.031253	0.00015379494257797898	128256	1	gmean	PORTABLE_USER_ROOT/spectralMol/merged_fresh_repro_20260818_083101/guacamol_mpo_v3/seed_10/task_17_Valsartan_smarts/compare_GuacaMol_20260818_092150/runs/spectralmol/seed_10/case_GuacaMol_20260818_092152/benchmark_runs/2026_08_18_evolution_ga_benchmark_09_21_58/2026_08_18_evolution_ga_Valsartan_smarts/scores.csv	PORTABLE_USER_ROOT/spectralMol/merged_fresh_repro_20260818_083101/guacamol_mpo_v3/seed_10/task_17_Valsartan_smarts/compare_GuacaMol_20260818_092150/comparison_task_best_seed_summary.tsv
10	18	Deco_hop	hopping	graphga	10	0.750000	0.6855223940679834	248777	1	amean	PORTABLE_USER_ROOT/spectralMol/merged_fresh_repro_20260818_083101/guacamol_mpo_v3/seed_10/task_18_Deco_hop/compare_GuacaMol_20260824_100416/runs/graphga/seed_10/2026_08_24_graphGA_benchmark_10_22_46/2026_08_24_graphGA_Deco_hop/scores.csv	PORTABLE_USER_ROOT/spectralMol/merged_fresh_repro_20260818_083101/guacamol_mpo_v3/seed_10/task_18_Deco_hop/compare_GuacaMol_20260824_100416/comparison_task_best_seed_summary.tsv
10	18	Deco_hop	hopping	spectralmol	10	0.617955	0.5013590249515979	128256	1	amean	PORTABLE_USER_ROOT/spectralMol/merged_fresh_repro_20260818_083101/guacamol_mpo_v3/seed_10/task_18_Deco_hop/compare_GuacaMol_20260824_100416/runs/spectralmol/seed_10/case_GuacaMol_20260824_100417/benchmark_runs/2026_08_24_evolution_ga_benchmark_10_04_23/2026_08_24_evolution_ga_Deco_hop/scores.csv	PORTABLE_USER_ROOT/spectralMol/merged_fresh_repro_20260818_083101/guacamol_mpo_v3/seed_10/task_18_Deco_hop/compare_GuacaMol_20260824_100416/comparison_task_best_seed_summary.tsv
10	19	Scaffold_hop	hopping	graphga	10	0.666667	0.5786260716683321	247211	1	amean	PORTABLE_USER_ROOT/spectralMol/merged_fresh_repro_20260818_083101/guacamol_mpo_v3/seed_10/task_19_Scaffold_hop/compare_GuacaMol_20260818_092352/runs/graphga/seed_10/2026_08_18_graphGA_benchmark_09_42_53/2026_08_18_graphGA_Scaffold_hop/scores.csv	PORTABLE_USER_ROOT/spectralMol/merged_fresh_repro_20260818_083101/guacamol_mpo_v3/seed_10/task_19_Scaffold_hop/compare_GuacaMol_20260818_092352/comparison_task_best_seed_summary.tsv
10	19	Scaffold_hop	hopping	spectralmol	10	0.666667	0.34764356647498773	128256	1	amean	PORTABLE_USER_ROOT/spectralMol/merged_fresh_repro_20260818_083101/guacamol_mpo_v3/seed_10/task_19_Scaffold_hop/compare_GuacaMol_20260818_092352/runs/spectralmol/seed_10/case_GuacaMol_20260818_092353/benchmark_runs/2026_08_18_evolution_ga_benchmark_09_23_58/2026_08_18_evolution_ga_Scaffold_hop/scores.csv	PORTABLE_USER_ROOT/spectralMol/merged_fresh_repro_20260818_083101/guacamol_mpo_v3/seed_10/task_19_Scaffold_hop/compare_GuacaMol_20260818_092352/comparison_task_best_seed_summary.tsv
10	1	Troglitazone_rediscovery	rediscovery	spectralmol	10	1.000000	0.05040279546005206	128256	1	single	PORTABLE_USER_ROOT/spectralMol/merged_fresh_repro_20260818_083101/guacamol_mpo_v3/seed_10/task_1_Troglitazone_rediscovery/compare_GuacaMol_20260824_100417/runs/spectralmol/seed_10/case_GuacaMol_20260824_100418/benchmark_runs/2026_08_24_evolution_ga_benchmark_10_04_25/2026_08_24_evolution_ga_Troglitazone_rediscovery/scores.csv	PORTABLE_USER_ROOT/spectralMol/merged_fresh_repro_20260818_083101/guacamol_mpo_v3/seed_10/task_1_Troglitazone_rediscovery/compare_GuacaMol_20260824_100417/comparison_task_best_seed_summary.tsv
10	1	Troglitazone_rediscovery	rediscovery	graphga	10	0.508475	0.3960366708343657	220335	1	single	PORTABLE_USER_ROOT/spectralMol/merged_fresh_repro_20260818_083101/guacamol_mpo_v3/seed_10/task_1_Troglitazone_rediscovery/compare_GuacaMol_20260824_100417/runs/graphga/seed_10/2026_08_24_graphGA_benchmark_10_28_59/2026_08_24_graphGA_Troglitazone_rediscovery/scores.csv	PORTABLE_USER_ROOT/spectralMol/merged_fresh_repro_20260818_083101/guacamol_mpo_v3/seed_10/task_1_Troglitazone_rediscovery/compare_GuacaMol_20260824_100417/comparison_task_best_seed_summary.tsv
10	2	Thiothixene_rediscovery	rediscovery	spectralmol	10	1.000000	0.044284531507870664	128256	1	single	PORTABLE_USER_ROOT/spectralMol/merged_fresh_repro_20260818_083101/guacamol_mpo_v3/seed_10/task_2_Thiothixene_rediscovery/compare_GuacaMol_20260818_091132/runs/spectralmol/seed_10/case_GuacaMol_20260818_091133/benchmark_runs/2026_08_18_evolution_ga_benchmark_09_11_37/2026_08_18_evolution_ga_Thiothixene_rediscovery/scores.csv	PORTABLE_USER_ROOT/spectralMol/merged_fresh_repro_20260818_083101/guacamol_mpo_v3/seed_10/task_2_Thiothixene_rediscovery/compare_GuacaMol_20260818_091132/comparison_task_best_seed_summary.tsv
10	2	Thiothixene_rediscovery	rediscovery	graphga	10	0.663265	0.5285041347403543	211046	1	single	PORTABLE_USER_ROOT/spectralMol/merged_fresh_repro_20260818_083101/guacamol_mpo_v3/seed_10/task_2_Thiothixene_rediscovery/compare_GuacaMol_20260818_091132/runs/graphga/seed_10/2026_08_18_graphGA_benchmark_09_33_43/2026_08_18_graphGA_Thiothixene_rediscovery/scores.csv	PORTABLE_USER_ROOT/spectralMol/merged_fresh_repro_20260818_083101/guacamol_mpo_v3/seed_10/task_2_Thiothixene_rediscovery/compare_GuacaMol_20260818_091132/comparison_task_best_seed_summary.tsv
10	3	Aripiprazole_similarity	similarity	graphga	10	1.000000	0.7964425229020214	207706	1	single	PORTABLE_USER_ROOT/spectralMol/merged_fresh_repro_20260818_083101/guacamol_mpo_v3/seed_10/task_3_Aripiprazole_similarity/compare_GuacaMol_20260818_091158/runs/graphga/seed_10/2026_08_18_graphGA_benchmark_09_29_07/2026_08_18_graphGA_Aripiprazole_similarity/scores.csv	PORTABLE_USER_ROOT/spectralMol/merged_fresh_repro_20260818_083101/guacamol_mpo_v3/seed_10/task_3_Aripiprazole_similarity/compare_GuacaMol_20260818_091158/comparison_task_best_seed_summary.tsv
10	3	Aripiprazole_similarity	similarity	spectralmol	10	1.000000	0.07389989507354504	128256	1	single	PORTABLE_USER_ROOT/spectralMol/merged_fresh_repro_20260818_083101/guacamol_mpo_v3/seed_10/task_3_Aripiprazole_similarity/compare_GuacaMol_20260818_091158/runs/spectralmol/seed_10/case_GuacaMol_20260818_091159/benchmark_runs/2026_08_18_evolution_ga_benchmark_09_12_08/2026_08_18_evolution_ga_Aripiprazole_similarity/scores.csv	PORTABLE_USER_ROOT/spectralMol/merged_fresh_repro_20260818_083101/guacamol_mpo_v3/seed_10/task_3_Aripiprazole_similarity/compare_GuacaMol_20260818_091158/comparison_task_best_seed_summary.tsv
10	4	Albuterol_similarity	similarity	graphga	10	1.000000	0.7902790224199754	242630	1	single	PORTABLE_USER_ROOT/spectralMol/merged_fresh_repro_20260818_083101/guacamol_mpo_v3/seed_10/task_4_Albuterol_similarity/compare_GuacaMol_20260818_091253/runs/graphga/seed_10/2026_08_18_graphGA_benchmark_09_25_49/2026_08_18_graphGA_Albuterol_similarity/scores.csv	PORTABLE_USER_ROOT/spectralMol/merged_fresh_repro_20260818_083101/guacamol_mpo_v3/seed_10/task_4_Albuterol_similarity/compare_GuacaMol_20260818_091253/comparison_task_best_seed_summary.tsv
10	4	Albuterol_similarity	similarity	spectralmol	10	0.666667	0.17638358543331797	128256	1	single	PORTABLE_USER_ROOT/spectralMol/merged_fresh_repro_20260818_083101/guacamol_mpo_v3/seed_10/task_4_Albuterol_similarity/compare_GuacaMol_20260818_091253/runs/spectralmol/seed_10/case_GuacaMol_20260818_091254/benchmark_runs/2026_08_18_evolution_ga_benchmark_09_12_58/2026_08_18_evolution_ga_Albuterol_similarity/scores.csv	PORTABLE_USER_ROOT/spectralMol/merged_fresh_repro_20260818_083101/guacamol_mpo_v3/seed_10/task_4_Albuterol_similarity/compare_GuacaMol_20260818_091253/comparison_task_best_seed_summary.tsv
10	5	Mestranol_similarity	similarity	spectralmol	10	1.000000	0.1068812643188499	128256	1	single	PORTABLE_USER_ROOT/spectralMol/merged_fresh_repro_20260818_083101/guacamol_mpo_v3/seed_10/task_5_Mestranol_similarity/compare_GuacaMol_20260818_091332/runs/spectralmol/seed_10/case_GuacaMol_20260818_091333/benchmark_runs/2026_08_18_evolution_ga_benchmark_09_13_37/2026_08_18_evolution_ga_Mestranol_similarity/scores.csv	PORTABLE_USER_ROOT/spectralMol/merged_fresh_repro_20260818_083101/guacamol_mpo_v3/seed_10/task_5_Mestranol_similarity/compare_GuacaMol_20260818_091332/comparison_task_best_seed_summary.tsv
10	5	Mestranol_similarity	similarity	graphga	10	0.848087	0.6795217966711328	200143	1	single	PORTABLE_USER_ROOT/spectralMol/merged_fresh_repro_20260818_083101/guacamol_mpo_v3/seed_10/task_5_Mestranol_similarity/compare_GuacaMol_20260818_091332/runs/graphga/seed_10/2026_08_18_graphGA_benchmark_09_31_09/2026_08_18_graphGA_Mestranol_similarity/scores.csv	PORTABLE_USER_ROOT/spectralMol/merged_fresh_repro_20260818_083101/guacamol_mpo_v3/seed_10/task_5_Mestranol_similarity/compare_GuacaMol_20260818_091332/comparison_task_best_seed_summary.tsv
10	6	C11H24	isomer	graphga	10	1.000000	0.5923098707361801	211954	1	single	PORTABLE_USER_ROOT/spectralMol/merged_fresh_repro_20260818_083101/guacamol_mpo_v3/seed_10/task_6_C11H24/compare_GuacaMol_20260818_091426/runs/graphga/seed_10/2026_08_18_graphGA_benchmark_09_26_28/2026_08_18_graphGA_C11H24/scores.csv	PORTABLE_USER_ROOT/spectralMol/merged_fresh_repro_20260818_083101/guacamol_mpo_v3/seed_10/task_6_C11H24/compare_GuacaMol_20260818_091426/comparison_task_best_seed_summary.tsv
10	6	C11H24	isomer	spectralmol	10	1.000000	0.017077574009758036	128256	1	single	PORTABLE_USER_ROOT/spectralMol/merged_fresh_repro_20260818_083101/guacamol_mpo_v3/seed_10/task_6_C11H24/compare_GuacaMol_20260818_091426/runs/spectralmol/seed_10/case_GuacaMol_20260818_091427/benchmark_runs/2026_08_18_evolution_ga_benchmark_09_14_31/2026_08_18_evolution_ga_C11H24/scores.csv	PORTABLE_USER_ROOT/spectralMol/merged_fresh_repro_20260818_083101/guacamol_mpo_v3/seed_10/task_6_C11H24/compare_GuacaMol_20260818_091426/comparison_task_best_seed_summary.tsv
10	7	C9H10N2O2PF2Cl	isomer	graphga	10	1.000000	0.6865770505958056	248422	1	single	PORTABLE_USER_ROOT/spectralMol/merged_fresh_repro_20260818_083101/guacamol_mpo_v3/seed_10/task_7_C9H10N2O2PF2Cl/compare_GuacaMol_20260818_091435/runs/graphga/seed_10/2026_08_18_graphGA_benchmark_09_26_50/2026_08_18_graphGA_C9H10N2O2PF2Cl/scores.csv	PORTABLE_USER_ROOT/spectralMol/merged_fresh_repro_20260818_083101/guacamol_mpo_v3/seed_10/task_7_C9H10N2O2PF2Cl/compare_GuacaMol_20260818_091435/comparison_task_best_seed_summary.tsv
10	7	C9H10N2O2PF2Cl	isomer	spectralmol	10	0.924849	0.15508662886611166	128256	1	single	PORTABLE_USER_ROOT/spectralMol/merged_fresh_repro_20260818_083101/guacamol_mpo_v3/seed_10/task_7_C9H10N2O2PF2Cl/compare_GuacaMol_20260818_091435/runs/spectralmol/seed_10/case_GuacaMol_20260818_091435/benchmark_runs/2026_08_18_evolution_ga_benchmark_09_14_40/2026_08_18_evolution_ga_C9H10N2O2PF2Cl/scores.csv	PORTABLE_USER_ROOT/spectralMol/merged_fresh_repro_20260818_083101/guacamol_mpo_v3/seed_10/task_7_C9H10N2O2PF2Cl/compare_GuacaMol_20260818_091435/comparison_task_best_seed_summary.tsv
10	8	Median_molecules_1	median	spectralmol	10	0.406780	0.06194505302248232	128256	1	gmean	PORTABLE_USER_ROOT/spectralMol/merged_fresh_repro_20260818_083101/guacamol_mpo_v3/seed_10/task_8_Median_molecules_1/compare_GuacaMol_20260818_091521/runs/spectralmol/seed_10/case_GuacaMol_20260818_091522/benchmark_runs/2026_08_18_evolution_ga_benchmark_09_15_26/2026_08_18_evolution_ga_Median_molecules_1/scores.csv	PORTABLE_USER_ROOT/spectralMol/merged_fresh_repro_20260818_083101/guacamol_mpo_v3/seed_10/task_8_Median_molecules_1/compare_GuacaMol_20260818_091521/comparison_task_best_seed_summary.tsv
10	8	Median_molecules_1	median	graphga	10	0.324946	0.25733054607406713	219307	1	gmean	PORTABLE_USER_ROOT/spectralMol/merged_fresh_repro_20260818_083101/guacamol_mpo_v3/seed_10/task_8_Median_molecules_1/compare_GuacaMol_20260818_091521/runs/graphga/seed_10/2026_08_18_graphGA_benchmark_09_37_24/2026_08_18_graphGA_Median_molecules_1/scores.csv	PORTABLE_USER_ROOT/spectralMol/merged_fresh_repro_20260818_083101/guacamol_mpo_v3/seed_10/task_8_Median_molecules_1/compare_GuacaMol_20260818_091521/comparison_task_best_seed_summary.tsv
10	9	Median_molecules_2	median	spectralmol	10	0.402709	0.0519513128696694	128256	1	gmean	PORTABLE_USER_ROOT/spectralMol/merged_fresh_repro_20260818_083101/guacamol_mpo_v3/seed_10/task_9_Median_molecules_2/compare_GuacaMol_20260824_100416/runs/spectralmol/seed_10/case_GuacaMol_20260824_100417/benchmark_runs/2026_08_24_evolution_ga_benchmark_10_04_23/2026_08_24_evolution_ga_Median_molecules_2/scores.csv	PORTABLE_USER_ROOT/spectralMol/merged_fresh_repro_20260818_083101/guacamol_mpo_v3/seed_10/task_9_Median_molecules_2/compare_GuacaMol_20260824_100416/comparison_task_best_seed_summary.tsv
10	9	Median_molecules_2	median	graphga	10	0.342013	0.27368696308334356	209892	1	gmean	PORTABLE_USER_ROOT/spectralMol/merged_fresh_repro_20260818_083101/guacamol_mpo_v3/seed_10/task_9_Median_molecules_2/compare_GuacaMol_20260824_100416/runs/graphga/seed_10/2026_08_24_graphGA_benchmark_10_37_15/2026_08_24_graphGA_Median_molecules_2/scores.csv	PORTABLE_USER_ROOT/spectralMol/merged_fresh_repro_20260818_083101/guacamol_mpo_v3/seed_10/task_9_Median_molecules_2/compare_GuacaMol_20260824_100416/comparison_task_best_seed_summary.tsv
11	0	Celecoxib_rediscovery	rediscovery	spectralmol	11	1.000000	0.06826338519686305	128256	1	single	PORTABLE_USER_ROOT/spectralMol/merged_fresh_repro_20260818_083101/guacamol_mpo_v3/seed_11/task_0_Celecoxib_rediscovery/compare_GuacaMol_20260824_100417/runs/spectralmol/seed_11/case_GuacaMol_20260824_100418/benchmark_runs/2026_08_24_evolution_ga_benchmark_10_04_26/2026_08_24_evolution_ga_Celecoxib_rediscovery/scores.csv	PORTABLE_USER_ROOT/spectralMol/merged_fresh_repro_20260818_083101/guacamol_mpo_v3/seed_11/task_0_Celecoxib_rediscovery/compare_GuacaMol_20260824_100417/comparison_task_best_seed_summary.tsv
11	0	Celecoxib_rediscovery	rediscovery	graphga	11	0.647727	0.539818864867537	220254	1	single	PORTABLE_USER_ROOT/spectralMol/merged_fresh_repro_20260818_083101/guacamol_mpo_v3/seed_11/task_0_Celecoxib_rediscovery/compare_GuacaMol_20260824_100417/runs/graphga/seed_11/2026_08_24_graphGA_benchmark_10_31_54/2026_08_24_graphGA_Celecoxib_rediscovery/scores.csv	PORTABLE_USER_ROOT/spectralMol/merged_fresh_repro_20260818_083101/guacamol_mpo_v3/seed_11/task_0_Celecoxib_rediscovery/compare_GuacaMol_20260824_100417/comparison_task_best_seed_summary.tsv
11	10	Osimertinib_MPO	mpo	graphga	11	0.901176	0.7417110080217182	243732	1	gmean	PORTABLE_USER_ROOT/spectralMol/merged_fresh_repro_20260818_083101/guacamol_mpo_v3/seed_11/task_10_Osimertinib_MPO/compare_GuacaMol_20260824_100416/runs/graphga/seed_11/2026_08_24_graphGA_benchmark_10_18_07/2026_08_24_graphGA_Osimertinib_MPO/scores.csv	PORTABLE_USER_ROOT/spectralMol/merged_fresh_repro_20260818_083101/guacamol_mpo_v3/seed_11/task_10_Osimertinib_MPO/compare_GuacaMol_20260824_100416/comparison_task_best_seed_summary.tsv
11	10	Osimertinib_MPO	mpo	spectralmol	11	0.788118	0.052550347913082184	128256	1	gmean	PORTABLE_USER_ROOT/spectralMol/merged_fresh_repro_20260818_083101/guacamol_mpo_v3/seed_11/task_10_Osimertinib_MPO/compare_GuacaMol_20260824_100416/runs/spectralmol/seed_11/case_GuacaMol_20260824_100417/benchmark_runs/2026_08_24_evolution_ga_benchmark_10_04_23/2026_08_24_evolution_ga_Osimertinib_MPO/scores.csv	PORTABLE_USER_ROOT/spectralMol/merged_fresh_repro_20260818_083101/guacamol_mpo_v3/seed_11/task_10_Osimertinib_MPO/compare_GuacaMol_20260824_100416/comparison_task_best_seed_summary.tsv
11	11	Fexofenadine_MPO	mpo	spectralmol	11	1.000000	0.08527777600449572	128256	1	gmean	PORTABLE_USER_ROOT/spectralMol/merged_fresh_repro_20260818_083101/guacamol_mpo_v3/seed_11/task_11_Fexofenadine_MPO/compare_GuacaMol_20260818_093851/runs/spectralmol/seed_11/case_GuacaMol_20260818_093852/benchmark_runs/2026_08_18_evolution_ga_benchmark_09_38_57/2026_08_18_evolution_ga_Fexofenadine_MPO/scores.csv	PORTABLE_USER_ROOT/spectralMol/merged_fresh_repro_20260818_083101/guacamol_mpo_v3/seed_11/task_11_Fexofenadine_MPO/compare_GuacaMol_20260818_093851/comparison_task_best_seed_summary.tsv
11	11	Fexofenadine_MPO	mpo	graphga	11	0.864328	0.6332155904873761	225745	1	gmean	PORTABLE_USER_ROOT/spectralMol/merged_fresh_repro_20260818_083101/guacamol_mpo_v3/seed_11/task_11_Fexofenadine_MPO/compare_GuacaMol_20260818_093851/runs/graphga/seed_11/2026_08_18_graphGA_benchmark_10_21_04/2026_08_18_graphGA_Fexofenadine_MPO/scores.csv	PORTABLE_USER_ROOT/spectralMol/merged_fresh_repro_20260818_083101/guacamol_mpo_v3/seed_11/task_11_Fexofenadine_MPO/compare_GuacaMol_20260818_093851/comparison_task_best_seed_summary.tsv
11	12	Ranolazine_MPO	mpo	spectralmol	11	0.905868	0.19238452056616945	128256	1	gmean	PORTABLE_USER_ROOT/spectralMol/merged_fresh_repro_20260818_083101/guacamol_mpo_v3/seed_11/task_12_Ranolazine_MPO/compare_GuacaMol_20260824_100417/runs/spectralmol/seed_11/case_GuacaMol_20260824_100418/benchmark_runs/2026_08_24_evolution_ga_benchmark_10_04_24/2026_08_24_evolution_ga_Ranolazine_MPO/scores.csv	PORTABLE_USER_ROOT/spectralMol/merged_fresh_repro_20260818_083101/guacamol_mpo_v3/seed_11/task_12_Ranolazine_MPO/compare_GuacaMol_20260824_100417/comparison_task_best_seed_summary.tsv
11	12	Ranolazine_MPO	mpo	graphga	11	0.897700	0.634686987446386	247691	1	gmean	PORTABLE_USER_ROOT/spectralMol/merged_fresh_repro_20260818_083101/guacamol_mpo_v3/seed_11/task_12_Ranolazine_MPO/compare_GuacaMol_20260824_100417/runs/graphga/seed_11/2026_08_24_graphGA_benchmark_10_27_57/2026_08_24_graphGA_Ranolazine_MPO/scores.csv	PORTABLE_USER_ROOT/spectralMol/merged_fresh_repro_20260818_083101/guacamol_mpo_v3/seed_11/task_12_Ranolazine_MPO/compare_GuacaMol_20260824_100417/comparison_task_best_seed_summary.tsv
11	13	Perindopril_MPO	mpo	graphga	11	0.693889	0.5168793201633112	223322	1	gmean	PORTABLE_USER_ROOT/spectralMol/merged_fresh_repro_20260818_083101/guacamol_mpo_v3/seed_11/task_13_Perindopril_MPO/compare_GuacaMol_20260818_094145/runs/graphga/seed_11/2026_08_18_graphGA_benchmark_09_59_52/2026_08_18_graphGA_Perindopril_MPO/scores.csv	PORTABLE_USER_ROOT/spectralMol/merged_fresh_repro_20260818_083101/guacamol_mpo_v3/seed_11/task_13_Perindopril_MPO/compare_GuacaMol_20260818_094145/comparison_task_best_seed_summary.tsv
11	13	Perindopril_MPO	mpo	spectralmol	11	0.420084	0.004528690843538875	128256	1	gmean	PORTABLE_USER_ROOT/spectralMol/merged_fresh_repro_20260818_083101/guacamol_mpo_v3/seed_11/task_13_Perindopril_MPO/compare_GuacaMol_20260818_094145/runs/spectralmol/seed_11/case_GuacaMol_20260818_094145/benchmark_runs/2026_08_18_evolution_ga_benchmark_09_41_48/2026_08_18_evolution_ga_Perindopril_MPO/scores.csv	PORTABLE_USER_ROOT/spectralMol/merged_fresh_repro_20260818_083101/guacamol_mpo_v3/seed_11/task_13_Perindopril_MPO/compare_GuacaMol_20260818_094145/comparison_task_best_seed_summary.tsv
11	14	Amlodipine_MPO	mpo	spectralmol	11	0.905663	0.032320383289841145	128256	1	gmean	PORTABLE_USER_ROOT/spectralMol/merged_fresh_repro_20260818_083101/guacamol_mpo_v3/seed_11/task_14_Amlodipine_MPO/compare_GuacaMol_20260818_094212/runs/spectralmol/seed_11/case_GuacaMol_20260818_094213/benchmark_runs/2026_08_18_evolution_ga_benchmark_09_42_16/2026_08_18_evolution_ga_Amlodipine_MPO/scores.csv	PORTABLE_USER_ROOT/spectralMol/merged_fresh_repro_20260818_083101/guacamol_mpo_v3/seed_11/task_14_Amlodipine_MPO/compare_GuacaMol_20260818_094212/comparison_task_best_seed_summary.tsv
11	14	Amlodipine_MPO	mpo	graphga	11	0.848782	0.6509930771067486	235873	1	gmean	PORTABLE_USER_ROOT/spectralMol/merged_fresh_repro_20260818_083101/guacamol_mpo_v3/seed_11/task_14_Amlodipine_MPO/compare_GuacaMol_20260818_094212/runs/graphga/seed_11/2026_08_18_graphGA_benchmark_10_03_22/2026_08_18_graphGA_Amlodipine_MPO/scores.csv	PORTABLE_USER_ROOT/spectralMol/merged_fresh_repro_20260818_083101/guacamol_mpo_v3/seed_11/task_14_Amlodipine_MPO/compare_GuacaMol_20260818_094212/comparison_task_best_seed_summary.tsv
11	15	Sitagliptin_MPO	mpo	graphga	11	0.737363	0.4977865617338476	210483	1	gmean	PORTABLE_USER_ROOT/spectralMol/merged_fresh_repro_20260818_083101/guacamol_mpo_v3/seed_11/task_15_Sitagliptin_MPO/compare_GuacaMol_20260818_094643/runs/graphga/seed_11/2026_08_18_graphGA_benchmark_10_06_25/2026_08_18_graphGA_Sitagliptin_MPO/scores.csv	PORTABLE_USER_ROOT/spectralMol/merged_fresh_repro_20260818_083101/guacamol_mpo_v3/seed_11/task_15_Sitagliptin_MPO/compare_GuacaMol_20260818_094643/comparison_task_best_seed_summary.tsv
11	15	Sitagliptin_MPO	mpo	spectralmol	11	0.678040	0.016396242372159166	128256	1	gmean	PORTABLE_USER_ROOT/spectralMol/merged_fresh_repro_20260818_083101/guacamol_mpo_v3/seed_11/task_15_Sitagliptin_MPO/compare_GuacaMol_20260818_094643/runs/spectralmol/seed_11/case_GuacaMol_20260818_094644/benchmark_runs/2026_08_18_evolution_ga_benchmark_09_46_47/2026_08_18_evolution_ga_Sitagliptin_MPO/scores.csv	PORTABLE_USER_ROOT/spectralMol/merged_fresh_repro_20260818_083101/guacamol_mpo_v3/seed_11/task_15_Sitagliptin_MPO/compare_GuacaMol_20260818_094643/comparison_task_best_seed_summary.tsv
11	16	Zaleplon_MPO	mpo	spectralmol	11	0.698308	0.016764175267392562	128256	1	gmean	PORTABLE_USER_ROOT/spectralMol/merged_fresh_repro_20260818_083101/guacamol_mpo_v3/seed_11/task_16_Zaleplon_MPO/compare_GuacaMol_20260818_094735/runs/spectralmol/seed_11/case_GuacaMol_20260818_094736/benchmark_runs/2026_08_18_evolution_ga_benchmark_09_47_39/2026_08_18_evolution_ga_Zaleplon_MPO/scores.csv	PORTABLE_USER_ROOT/spectralMol/merged_fresh_repro_20260818_083101/guacamol_mpo_v3/seed_11/task_16_Zaleplon_MPO/compare_GuacaMol_20260818_094735/comparison_task_best_seed_summary.tsv
11	16	Zaleplon_MPO	mpo	graphga	11	0.594588	0.3730936128936981	231058	1	gmean	PORTABLE_USER_ROOT/spectralMol/merged_fresh_repro_20260818_083101/guacamol_mpo_v3/seed_11/task_16_Zaleplon_MPO/compare_GuacaMol_20260818_094735/runs/graphga/seed_11/2026_08_18_graphGA_benchmark_10_07_37/2026_08_18_graphGA_Zaleplon_MPO/scores.csv	PORTABLE_USER_ROOT/spectralMol/merged_fresh_repro_20260818_083101/guacamol_mpo_v3/seed_11/task_16_Zaleplon_MPO/compare_GuacaMol_20260818_094735/comparison_task_best_seed_summary.tsv
11	17	Valsartan_smarts	smarts	graphga	11	0.031459	0.021780781938756502	193267	1	gmean	PORTABLE_USER_ROOT/spectralMol/merged_fresh_repro_20260818_083101/guacamol_mpo_v3/seed_11/task_17_Valsartan_smarts/compare_GuacaMol_20260818_094820/runs/graphga/seed_11/2026_08_18_graphGA_benchmark_10_07_51/2026_08_18_graphGA_Valsartan_smarts/scores.csv	PORTABLE_USER_ROOT/spectralMol/merged_fresh_repro_20260818_083101/guacamol_mpo_v3/seed_11/task_17_Valsartan_smarts/compare_GuacaMol_20260818_094820/comparison_task_best_seed_summary.tsv
11	17	Valsartan_smarts	smarts	spectralmol	11	0.031282	0.00017220999164078987	128256	1	gmean	PORTABLE_USER_ROOT/spectralMol/merged_fresh_repro_20260818_083101/guacamol_mpo_v3/seed_11/task_17_Valsartan_smarts/compare_GuacaMol_20260818_094820/runs/spectralmol/seed_11/case_GuacaMol_20260818_094821/benchmark_runs/2026_08_18_evolution_ga_benchmark_09_48_24/2026_08_18_evolution_ga_Valsartan_smarts/scores.csv	PORTABLE_USER_ROOT/spectralMol/merged_fresh_repro_20260818_083101/guacamol_mpo_v3/seed_11/task_17_Valsartan_smarts/compare_GuacaMol_20260818_094820/comparison_task_best_seed_summary.tsv
11	18	Deco_hop	hopping	graphga	11	0.750000	0.6840944514096681	242212	1	amean	PORTABLE_USER_ROOT/spectralMol/merged_fresh_repro_20260818_083101/guacamol_mpo_v3/seed_11/task_18_Deco_hop/compare_GuacaMol_20260818_095027/runs/graphga/seed_11/2026_08_18_graphGA_benchmark_10_09_52/2026_08_18_graphGA_Deco_hop/scores.csv	PORTABLE_USER_ROOT/spectralMol/merged_fresh_repro_20260818_083101/guacamol_mpo_v3/seed_11/task_18_Deco_hop/compare_GuacaMol_20260818_095027/comparison_task_best_seed_summary.tsv
11	18	Deco_hop	hopping	spectralmol	11	0.622388	0.5020372456439577	128256	1	amean	PORTABLE_USER_ROOT/spectralMol/merged_fresh_repro_20260818_083101/guacamol_mpo_v3/seed_11/task_18_Deco_hop/compare_GuacaMol_20260818_095027/runs/spectralmol/seed_11/case_GuacaMol_20260818_095028/benchmark_runs/2026_08_18_evolution_ga_benchmark_09_50_31/2026_08_18_evolution_ga_Deco_hop/scores.csv	PORTABLE_USER_ROOT/spectralMol/merged_fresh_repro_20260818_083101/guacamol_mpo_v3/seed_11/task_18_Deco_hop/compare_GuacaMol_20260818_095027/comparison_task_best_seed_summary.tsv
11	19	Scaffold_hop	hopping	graphga	11	0.666667	0.5733192518307493	250418	1	amean	PORTABLE_USER_ROOT/spectralMol/merged_fresh_repro_20260818_083101/guacamol_mpo_v3/seed_11/task_19_Scaffold_hop/compare_GuacaMol_20260818_095125/runs/graphga/seed_11/2026_08_18_graphGA_benchmark_10_13_28/2026_08_18_graphGA_Scaffold_hop/scores.csv	PORTABLE_USER_ROOT/spectralMol/merged_fresh_repro_20260818_083101/guacamol_mpo_v3/seed_11/task_19_Scaffold_hop/compare_GuacaMol_20260818_095125/comparison_task_best_seed_summary.tsv
11	19	Scaffold_hop	hopping	spectralmol	11	0.666667	0.3489790355981655	128256	1	amean	PORTABLE_USER_ROOT/spectralMol/merged_fresh_repro_20260818_083101/guacamol_mpo_v3/seed_11/task_19_Scaffold_hop/compare_GuacaMol_20260818_095125/runs/spectralmol/seed_11/case_GuacaMol_20260818_095126/benchmark_runs/2026_08_18_evolution_ga_benchmark_09_51_31/2026_08_18_evolution_ga_Scaffold_hop/scores.csv	PORTABLE_USER_ROOT/spectralMol/merged_fresh_repro_20260818_083101/guacamol_mpo_v3/seed_11/task_19_Scaffold_hop/compare_GuacaMol_20260818_095125/comparison_task_best_seed_summary.tsv
11	1	Troglitazone_rediscovery	rediscovery	spectralmol	11	1.000000	0.06060417253954885	128256	1	single	PORTABLE_USER_ROOT/spectralMol/merged_fresh_repro_20260818_083101/guacamol_mpo_v3/seed_11/task_1_Troglitazone_rediscovery/compare_GuacaMol_20260824_100416/runs/spectralmol/seed_11/case_GuacaMol_20260824_100417/benchmark_runs/2026_08_24_evolution_ga_benchmark_10_04_24/2026_08_24_evolution_ga_Troglitazone_rediscovery/scores.csv	PORTABLE_USER_ROOT/spectralMol/merged_fresh_repro_20260818_083101/guacamol_mpo_v3/seed_11/task_1_Troglitazone_rediscovery/compare_GuacaMol_20260824_100416/comparison_task_best_seed_summary.tsv
11	1	Troglitazone_rediscovery	rediscovery	graphga	11	0.537736	0.4366026267238133	217232	1	single	PORTABLE_USER_ROOT/spectralMol/merged_fresh_repro_20260818_083101/guacamol_mpo_v3/seed_11/task_1_Troglitazone_rediscovery/compare_GuacaMol_20260824_100416/runs/graphga/seed_11/2026_08_24_graphGA_benchmark_10_21_16/2026_08_24_graphGA_Troglitazone_rediscovery/scores.csv	PORTABLE_USER_ROOT/spectralMol/merged_fresh_repro_20260818_083101/guacamol_mpo_v3/seed_11/task_1_Troglitazone_rediscovery/compare_GuacaMol_20260824_100416/comparison_task_best_seed_summary.tsv
11	2	Thiothixene_rediscovery	rediscovery	spectralmol	11	1.000000	0.08315895158071125	128256	1	single	PORTABLE_USER_ROOT/spectralMol/merged_fresh_repro_20260818_083101/guacamol_mpo_v3/seed_11/task_2_Thiothixene_rediscovery/compare_GuacaMol_20260818_092806/runs/spectralmol/seed_11/case_GuacaMol_20260818_092807/benchmark_runs/2026_08_18_evolution_ga_benchmark_09_28_11/2026_08_18_evolution_ga_Thiothixene_rediscovery/scores.csv	PORTABLE_USER_ROOT/spectralMol/merged_fresh_repro_20260818_083101/guacamol_mpo_v3/seed_11/task_2_Thiothixene_rediscovery/compare_GuacaMol_20260818_092806/comparison_task_best_seed_summary.tsv
11	2	Thiothixene_rediscovery	rediscovery	graphga	11	0.696078	0.5703803050828227	194614	1	single	PORTABLE_USER_ROOT/spectralMol/merged_fresh_repro_20260818_083101/guacamol_mpo_v3/seed_11/task_2_Thiothixene_rediscovery/compare_GuacaMol_20260818_092806/runs/graphga/seed_11/2026_08_18_graphGA_benchmark_09_52_04/2026_08_18_graphGA_Thiothixene_rediscovery/scores.csv	PORTABLE_USER_ROOT/spectralMol/merged_fresh_repro_20260818_083101/guacamol_mpo_v3/seed_11/task_2_Thiothixene_rediscovery/compare_GuacaMol_20260818_092806/comparison_task_best_seed_summary.tsv
11	3	Aripiprazole_similarity	similarity	spectralmol	11	1.000000	0.10176663861382143	128256	1	single	PORTABLE_USER_ROOT/spectralMol/merged_fresh_repro_20260818_083101/guacamol_mpo_v3/seed_11/task_3_Aripiprazole_similarity/compare_GuacaMol_20260824_100416/runs/spectralmol/seed_11/case_GuacaMol_20260824_100417/benchmark_runs/2026_08_24_evolution_ga_benchmark_10_04_23/2026_08_24_evolution_ga_Aripiprazole_similarity/scores.csv	PORTABLE_USER_ROOT/spectralMol/merged_fresh_repro_20260818_083101/guacamol_mpo_v3/seed_11/task_3_Aripiprazole_similarity/compare_GuacaMol_20260824_100416/comparison_task_best_seed_summary.tsv
11	3	Aripiprazole_similarity	similarity	graphga	11	0.920962	0.7382627379641347	224965	1	single	PORTABLE_USER_ROOT/spectralMol/merged_fresh_repro_20260818_083101/guacamol_mpo_v3/seed_11/task_3_Aripiprazole_similarity/compare_GuacaMol_20260824_100416/runs/graphga/seed_11/2026_08_24_graphGA_benchmark_10_29_49/2026_08_24_graphGA_Aripiprazole_similarity/scores.csv	PORTABLE_USER_ROOT/spectralMol/merged_fresh_repro_20260818_083101/guacamol_mpo_v3/seed_11/task_3_Aripiprazole_similarity/compare_GuacaMol_20260824_100416/comparison_task_best_seed_summary.tsv
11	4	Albuterol_similarity	similarity	graphga	11	1.000000	0.7930655942169993	240593	1	single	PORTABLE_USER_ROOT/spectralMol/merged_fresh_repro_20260818_083101/guacamol_mpo_v3/seed_11/task_4_Albuterol_similarity/compare_GuacaMol_20260818_093136/runs/graphga/seed_11/2026_08_18_graphGA_benchmark_09_46_11/2026_08_18_graphGA_Albuterol_similarity/scores.csv	PORTABLE_USER_ROOT/spectralMol/merged_fresh_repro_20260818_083101/guacamol_mpo_v3/seed_11/task_4_Albuterol_similarity/compare_GuacaMol_20260818_093136/comparison_task_best_seed_summary.tsv
11	4	Albuterol_similarity	similarity	spectralmol	11	1.000000	0.200225569617417	128256	1	single	PORTABLE_USER_ROOT/spectralMol/merged_fresh_repro_20260818_083101/guacamol_mpo_v3/seed_11/task_4_Albuterol_similarity/compare_GuacaMol_20260818_093136/runs/spectralmol/seed_11/case_GuacaMol_20260818_093137/benchmark_runs/2026_08_18_evolution_ga_benchmark_09_31_45/2026_08_18_evolution_ga_Albuterol_similarity/scores.csv	PORTABLE_USER_ROOT/spectralMol/merged_fresh_repro_20260818_083101/guacamol_mpo_v3/seed_11/task_4_Albuterol_similarity/compare_GuacaMol_20260818_093136/comparison_task_best_seed_summary.tsv
11	5	Mestranol_similarity	similarity	spectralmol	11	1.000000	0.11096412060370224	128256	1	single	PORTABLE_USER_ROOT/spectralMol/merged_fresh_repro_20260818_083101/guacamol_mpo_v3/seed_11/task_5_Mestranol_similarity/compare_GuacaMol_20260824_100416/runs/spectralmol/seed_11/case_GuacaMol_20260824_100417/benchmark_runs/2026_08_24_evolution_ga_benchmark_10_04_23/2026_08_24_evolution_ga_Mestranol_similarity/scores.csv	PORTABLE_USER_ROOT/spectralMol/merged_fresh_repro_20260818_083101/guacamol_mpo_v3/seed_11/task_5_Mestranol_similarity/compare_GuacaMol_20260824_100416/comparison_task_best_seed_summary.tsv
11	5	Mestranol_similarity	similarity	graphga	11	0.932933	0.7134160524501398	215959	1	single	PORTABLE_USER_ROOT/spectralMol/merged_fresh_repro_20260818_083101/guacamol_mpo_v3/seed_11/task_5_Mestranol_similarity/compare_GuacaMol_20260824_100416/runs/graphga/seed_11/2026_08_24_graphGA_benchmark_10_24_54/2026_08_24_graphGA_Mestranol_similarity/scores.csv	PORTABLE_USER_ROOT/spectralMol/merged_fresh_repro_20260818_083101/guacamol_mpo_v3/seed_11/task_5_Mestranol_similarity/compare_GuacaMol_20260824_100416/comparison_task_best_seed_summary.tsv
11	6	C11H24	isomer	graphga	11	1.000000	0.6339441335717696	197978	1	single	PORTABLE_USER_ROOT/spectralMol/merged_fresh_repro_20260818_083101/guacamol_mpo_v3/seed_11/task_6_C11H24/compare_GuacaMol_20260818_093702/runs/graphga/seed_11/2026_08_18_graphGA_benchmark_10_09_01/2026_08_18_graphGA_C11H24/scores.csv	PORTABLE_USER_ROOT/spectralMol/merged_fresh_repro_20260818_083101/guacamol_mpo_v3/seed_11/task_6_C11H24/compare_GuacaMol_20260818_093702/comparison_task_best_seed_summary.tsv
11	6	C11H24	isomer	spectralmol	11	1.000000	0.02000206156511481	128256	1	single	PORTABLE_USER_ROOT/spectralMol/merged_fresh_repro_20260818_083101/guacamol_mpo_v3/seed_11/task_6_C11H24/compare_GuacaMol_20260818_093702/runs/spectralmol/seed_11/case_GuacaMol_20260818_093703/benchmark_runs/2026_08_18_evolution_ga_benchmark_09_37_09/2026_08_18_evolution_ga_C11H24/scores.csv	PORTABLE_USER_ROOT/spectralMol/merged_fresh_repro_20260818_083101/guacamol_mpo_v3/seed_11/task_6_C11H24/compare_GuacaMol_20260818_093702/comparison_task_best_seed_summary.tsv
11	7	C9H10N2O2PF2Cl	isomer	graphga	11	1.000000	0.6644258365272627	243049	1	single	PORTABLE_USER_ROOT/spectralMol/merged_fresh_repro_20260818_083101/guacamol_mpo_v3/seed_11/task_7_C9H10N2O2PF2Cl/compare_GuacaMol_20260824_100417/runs/graphga/seed_11/2026_08_24_graphGA_benchmark_10_19_49/2026_08_24_graphGA_C9H10N2O2PF2Cl/scores.csv	PORTABLE_USER_ROOT/spectralMol/merged_fresh_repro_20260818_083101/guacamol_mpo_v3/seed_11/task_7_C9H10N2O2PF2Cl/compare_GuacaMol_20260824_100417/comparison_task_best_seed_summary.tsv
11	7	C9H10N2O2PF2Cl	isomer	spectralmol	11	1.000000	0.22020688805437014	128256	1	single	PORTABLE_USER_ROOT/spectralMol/merged_fresh_repro_20260818_083101/guacamol_mpo_v3/seed_11/task_7_C9H10N2O2PF2Cl/compare_GuacaMol_20260824_100417/runs/spectralmol/seed_11/case_GuacaMol_20260824_100418/benchmark_runs/2026_08_24_evolution_ga_benchmark_10_04_25/2026_08_24_evolution_ga_C9H10N2O2PF2Cl/scores.csv	PORTABLE_USER_ROOT/spectralMol/merged_fresh_repro_20260818_083101/guacamol_mpo_v3/seed_11/task_7_C9H10N2O2PF2Cl/compare_GuacaMol_20260824_100417/comparison_task_best_seed_summary.tsv
11	8	Median_molecules_1	median	spectralmol	11	0.406780	0.06626624256275104	128256	1	gmean	PORTABLE_USER_ROOT/spectralMol/merged_fresh_repro_20260818_083101/guacamol_mpo_v3/seed_11/task_8_Median_molecules_1/compare_GuacaMol_20260824_100416/runs/spectralmol/seed_11/case_GuacaMol_20260824_100417/benchmark_runs/2026_08_24_evolution_ga_benchmark_10_04_23/2026_08_24_evolution_ga_Median_molecules_1/scores.csv	PORTABLE_USER_ROOT/spectralMol/merged_fresh_repro_20260818_083101/guacamol_mpo_v3/seed_11/task_8_Median_molecules_1/compare_GuacaMol_20260824_100416/comparison_task_best_seed_summary.tsv
11	8	Median_molecules_1	median	graphga	11	0.323498	0.2520975933049793	238581	1	gmean	PORTABLE_USER_ROOT/spectralMol/merged_fresh_repro_20260818_083101/guacamol_mpo_v3/seed_11/task_8_Median_molecules_1/compare_GuacaMol_20260824_100416/runs/graphga/seed_11/2026_08_24_graphGA_benchmark_10_28_23/2026_08_24_graphGA_Median_molecules_1/scores.csv	PORTABLE_USER_ROOT/spectralMol/merged_fresh_repro_20260818_083101/guacamol_mpo_v3/seed_11/task_8_Median_molecules_1/compare_GuacaMol_20260824_100416/comparison_task_best_seed_summary.tsv
11	9	Median_molecules_2	median	spectralmol	11	0.362372	0.02861183786681325	128256	1	gmean	PORTABLE_USER_ROOT/spectralMol/merged_fresh_repro_20260818_083101/guacamol_mpo_v3/seed_11/task_9_Median_molecules_2/compare_GuacaMol_20260824_100417/runs/spectralmol/seed_11/case_GuacaMol_20260824_100418/benchmark_runs/2026_08_24_evolution_ga_benchmark_10_04_24/2026_08_24_evolution_ga_Median_molecules_2/scores.csv	PORTABLE_USER_ROOT/spectralMol/merged_fresh_repro_20260818_083101/guacamol_mpo_v3/seed_11/task_9_Median_molecules_2/compare_GuacaMol_20260824_100417/comparison_task_best_seed_summary.tsv
11	9	Median_molecules_2	median	graphga	11	0.322742	0.26469237555335473	193696	1	gmean	PORTABLE_USER_ROOT/spectralMol/merged_fresh_repro_20260818_083101/guacamol_mpo_v3/seed_11/task_9_Median_molecules_2/compare_GuacaMol_20260824_100417/runs/graphga/seed_11/2026_08_24_graphGA_benchmark_10_34_51/2026_08_24_graphGA_Median_molecules_2/scores.csv	PORTABLE_USER_ROOT/spectralMol/merged_fresh_repro_20260818_083101/guacamol_mpo_v3/seed_11/task_9_Median_molecules_2/compare_GuacaMol_20260824_100417/comparison_task_best_seed_summary.tsv
12	0	Celecoxib_rediscovery	rediscovery	spectralmol	12	1.000000	0.06765994234844037	128256	1	single	PORTABLE_USER_ROOT/spectralMol/merged_fresh_repro_20260818_083101/guacamol_mpo_v3/seed_12/task_0_Celecoxib_rediscovery/compare_GuacaMol_20260818_095220/runs/spectralmol/seed_12/case_GuacaMol_20260818_095221/benchmark_runs/2026_08_18_evolution_ga_benchmark_09_52_25/2026_08_18_evolution_ga_Celecoxib_rediscovery/scores.csv	PORTABLE_USER_ROOT/spectralMol/merged_fresh_repro_20260818_083101/guacamol_mpo_v3/seed_12/task_0_Celecoxib_rediscovery/compare_GuacaMol_20260818_095220/comparison_task_best_seed_summary.tsv
12	0	Celecoxib_rediscovery	rediscovery	graphga	12	0.868421	0.6921076117526033	216092	1	single	PORTABLE_USER_ROOT/spectralMol/merged_fresh_repro_20260818_083101/guacamol_mpo_v3/seed_12/task_0_Celecoxib_rediscovery/compare_GuacaMol_20260818_095220/runs/graphga/seed_12/2026_08_18_graphGA_benchmark_10_15_31/2026_08_18_graphGA_Celecoxib_rediscovery/scores.csv	PORTABLE_USER_ROOT/spectralMol/merged_fresh_repro_20260818_083101/guacamol_mpo_v3/seed_12/task_0_Celecoxib_rediscovery/compare_GuacaMol_20260818_095220/comparison_task_best_seed_summary.tsv
12	10	Osimertinib_MPO	mpo	graphga	12	0.933041	0.7066918132311645	244286	1	gmean	PORTABLE_USER_ROOT/spectralMol/merged_fresh_repro_20260818_083101/guacamol_mpo_v3/seed_12/task_10_Osimertinib_MPO/compare_GuacaMol_20260818_101545/runs/graphga/seed_12/2026_08_18_graphGA_benchmark_10_31_59/2026_08_18_graphGA_Osimertinib_MPO/scores.csv	PORTABLE_USER_ROOT/spectralMol/merged_fresh_repro_20260818_083101/guacamol_mpo_v3/seed_12/task_10_Osimertinib_MPO/compare_GuacaMol_20260818_101545/comparison_task_best_seed_summary.tsv
12	10	Osimertinib_MPO	mpo	spectralmol	12	0.788118	0.05337734193657725	128256	1	gmean	PORTABLE_USER_ROOT/spectralMol/merged_fresh_repro_20260818_083101/guacamol_mpo_v3/seed_12/task_10_Osimertinib_MPO/compare_GuacaMol_20260818_101545/runs/spectralmol/seed_12/case_GuacaMol_20260818_101546/benchmark_runs/2026_08_18_evolution_ga_benchmark_10_15_49/2026_08_18_evolution_ga_Osimertinib_MPO/scores.csv	PORTABLE_USER_ROOT/spectralMol/merged_fresh_repro_20260818_083101/guacamol_mpo_v3/seed_12/task_10_Osimertinib_MPO/compare_GuacaMol_20260818_101545/comparison_task_best_seed_summary.tsv
12	11	Fexofenadine_MPO	mpo	spectralmol	12	1.000000	0.08133424789920378	128256	1	gmean	PORTABLE_USER_ROOT/spectralMol/merged_fresh_repro_20260818_083101/guacamol_mpo_v3/seed_12/task_11_Fexofenadine_MPO/compare_GuacaMol_20260818_101832/runs/spectralmol/seed_12/case_GuacaMol_20260818_101833/benchmark_runs/2026_08_18_evolution_ga_benchmark_10_18_37/2026_08_18_evolution_ga_Fexofenadine_MPO/scores.csv	PORTABLE_USER_ROOT/spectralMol/merged_fresh_repro_20260818_083101/guacamol_mpo_v3/seed_12/task_11_Fexofenadine_MPO/compare_GuacaMol_20260818_101832/comparison_task_best_seed_summary.tsv
12	11	Fexofenadine_MPO	mpo	graphga	12	0.886378	0.6569482005481994	225962	1	gmean	PORTABLE_USER_ROOT/spectralMol/merged_fresh_repro_20260818_083101/guacamol_mpo_v3/seed_12/task_11_Fexofenadine_MPO/compare_GuacaMol_20260818_101832/runs/graphga/seed_12/2026_08_18_graphGA_benchmark_11_03_37/2026_08_18_graphGA_Fexofenadine_MPO/scores.csv	PORTABLE_USER_ROOT/spectralMol/merged_fresh_repro_20260818_083101/guacamol_mpo_v3/seed_12/task_11_Fexofenadine_MPO/compare_GuacaMol_20260818_101832/comparison_task_best_seed_summary.tsv
12	12	Ranolazine_MPO	mpo	graphga	12	0.896828	0.6477684436720464	246108	1	gmean	PORTABLE_USER_ROOT/spectralMol/merged_fresh_repro_20260818_083101/guacamol_mpo_v3/seed_12/task_12_Ranolazine_MPO/compare_GuacaMol_20260818_102403/runs/graphga/seed_12/2026_08_18_graphGA_benchmark_10_41_09/2026_08_18_graphGA_Ranolazine_MPO/scores.csv	PORTABLE_USER_ROOT/spectralMol/merged_fresh_repro_20260818_083101/guacamol_mpo_v3/seed_12/task_12_Ranolazine_MPO/compare_GuacaMol_20260818_102403/comparison_task_best_seed_summary.tsv
12	12	Ranolazine_MPO	mpo	spectralmol	12	0.810396	0.07030342800136244	128256	1	gmean	PORTABLE_USER_ROOT/spectralMol/merged_fresh_repro_20260818_083101/guacamol_mpo_v3/seed_12/task_12_Ranolazine_MPO/compare_GuacaMol_20260818_102403/runs/spectralmol/seed_12/case_GuacaMol_20260818_102404/benchmark_runs/2026_08_18_evolution_ga_benchmark_10_24_07/2026_08_18_evolution_ga_Ranolazine_MPO/scores.csv	PORTABLE_USER_ROOT/spectralMol/merged_fresh_repro_20260818_083101/guacamol_mpo_v3/seed_12/task_12_Ranolazine_MPO/compare_GuacaMol_20260818_102403/comparison_task_best_seed_summary.tsv
12	13	Perindopril_MPO	mpo	graphga	12	0.646058	0.4971261707919148	235861	1	gmean	PORTABLE_USER_ROOT/spectralMol/merged_fresh_repro_20260818_083101/guacamol_mpo_v3/seed_12/task_13_Perindopril_MPO/compare_GuacaMol_20260818_102409/runs/graphga/seed_12/2026_08_18_graphGA_benchmark_10_42_37/2026_08_18_graphGA_Perindopril_MPO/scores.csv	PORTABLE_USER_ROOT/spectralMol/merged_fresh_repro_20260818_083101/guacamol_mpo_v3/seed_12/task_13_Perindopril_MPO/compare_GuacaMol_20260818_102409/comparison_task_best_seed_summary.tsv
12	13	Perindopril_MPO	mpo	spectralmol	12	0.420084	0.004534368593500126	128256	1	gmean	PORTABLE_USER_ROOT/spectralMol/merged_fresh_repro_20260818_083101/guacamol_mpo_v3/seed_12/task_13_Perindopril_MPO/compare_GuacaMol_20260818_102409/runs/spectralmol/seed_12/case_GuacaMol_20260818_102410/benchmark_runs/2026_08_18_evolution_ga_benchmark_10_24_13/2026_08_18_evolution_ga_Perindopril_MPO/scores.csv	PORTABLE_USER_ROOT/spectralMol/merged_fresh_repro_20260818_083101/guacamol_mpo_v3/seed_12/task_13_Perindopril_MPO/compare_GuacaMol_20260818_102409/comparison_task_best_seed_summary.tsv
12	14	Amlodipine_MPO	mpo	spectralmol	12	0.905663	0.0472254202158362	128256	1	gmean	PORTABLE_USER_ROOT/spectralMol/merged_fresh_repro_20260818_083101/guacamol_mpo_v3/seed_12/task_14_Amlodipine_MPO/compare_GuacaMol_20260818_102650/runs/spectralmol/seed_12/case_GuacaMol_20260818_102651/benchmark_runs/2026_08_18_evolution_ga_benchmark_10_26_54/2026_08_18_evolution_ga_Amlodipine_MPO/scores.csv	PORTABLE_USER_ROOT/spectralMol/merged_fresh_repro_20260818_083101/guacamol_mpo_v3/seed_12/task_14_Amlodipine_MPO/compare_GuacaMol_20260818_102650/comparison_task_best_seed_summary.tsv
12	14	Amlodipine_MPO	mpo	graphga	12	0.829156	0.658959924859026	243881	1	gmean	PORTABLE_USER_ROOT/spectralMol/merged_fresh_repro_20260818_083101/guacamol_mpo_v3/seed_12/task_14_Amlodipine_MPO/compare_GuacaMol_20260818_102650/runs/graphga/seed_12/2026_08_18_graphGA_benchmark_10_47_06/2026_08_18_graphGA_Amlodipine_MPO/scores.csv	PORTABLE_USER_ROOT/spectralMol/merged_fresh_repro_20260818_083101/guacamol_mpo_v3/seed_12/task_14_Amlodipine_MPO/compare_GuacaMol_20260818_102650/comparison_task_best_seed_summary.tsv
12	15	Sitagliptin_MPO	mpo	graphga	12	0.804203	0.4468650051548409	246295	1	gmean	PORTABLE_USER_ROOT/spectralMol/merged_fresh_repro_20260818_083101/guacamol_mpo_v3/seed_12/task_15_Sitagliptin_MPO/compare_GuacaMol_20260818_103009/runs/graphga/seed_12/2026_08_18_graphGA_benchmark_11_07_36/2026_08_18_graphGA_Sitagliptin_MPO/scores.csv	PORTABLE_USER_ROOT/spectralMol/merged_fresh_repro_20260818_083101/guacamol_mpo_v3/seed_12/task_15_Sitagliptin_MPO/compare_GuacaMol_20260818_103009/comparison_task_best_seed_summary.tsv
12	15	Sitagliptin_MPO	mpo	spectralmol	12	0.735452	0.010411466153199345	128256	1	gmean	PORTABLE_USER_ROOT/spectralMol/merged_fresh_repro_20260818_083101/guacamol_mpo_v3/seed_12/task_15_Sitagliptin_MPO/compare_GuacaMol_20260818_103009/runs/spectralmol/seed_12/case_GuacaMol_20260818_103009/benchmark_runs/2026_08_18_evolution_ga_benchmark_10_30_14/2026_08_18_evolution_ga_Sitagliptin_MPO/scores.csv	PORTABLE_USER_ROOT/spectralMol/merged_fresh_repro_20260818_083101/guacamol_mpo_v3/seed_12/task_15_Sitagliptin_MPO/compare_GuacaMol_20260818_103009/comparison_task_best_seed_summary.tsv
12	16	Zaleplon_MPO	mpo	spectralmol	12	0.628180	0.006373826557113503	128256	1	gmean	PORTABLE_USER_ROOT/spectralMol/merged_fresh_repro_20260818_083101/guacamol_mpo_v3/seed_12/task_16_Zaleplon_MPO/compare_GuacaMol_20260818_103008/runs/spectralmol/seed_12/case_GuacaMol_20260818_103009/benchmark_runs/2026_08_18_evolution_ga_benchmark_10_30_12/2026_08_18_evolution_ga_Zaleplon_MPO/scores.csv	PORTABLE_USER_ROOT/spectralMol/merged_fresh_repro_20260818_083101/guacamol_mpo_v3/seed_12/task_16_Zaleplon_MPO/compare_GuacaMol_20260818_103008/comparison_task_best_seed_summary.tsv
12	16	Zaleplon_MPO	mpo	graphga	12	0.560112	0.3573301956010697	230361	1	gmean	PORTABLE_USER_ROOT/spectralMol/merged_fresh_repro_20260818_083101/guacamol_mpo_v3/seed_12/task_16_Zaleplon_MPO/compare_GuacaMol_20260818_103008/runs/graphga/seed_12/2026_08_18_graphGA_benchmark_10_48_44/2026_08_18_graphGA_Zaleplon_MPO/scores.csv	PORTABLE_USER_ROOT/spectralMol/merged_fresh_repro_20260818_083101/guacamol_mpo_v3/seed_12/task_16_Zaleplon_MPO/compare_GuacaMol_20260818_103008/comparison_task_best_seed_summary.tsv
12	17	Valsartan_smarts	smarts	graphga	12	0.031567	0.02162759442691627	207516	1	gmean	PORTABLE_USER_ROOT/spectralMol/merged_fresh_repro_20260818_083101/guacamol_mpo_v3/seed_12/task_17_Valsartan_smarts/compare_GuacaMol_20260818_103154/runs/graphga/seed_12/2026_08_18_graphGA_benchmark_10_51_03/2026_08_18_graphGA_Valsartan_smarts/scores.csv	PORTABLE_USER_ROOT/spectralMol/merged_fresh_repro_20260818_083101/guacamol_mpo_v3/seed_12/task_17_Valsartan_smarts/compare_GuacaMol_20260818_103154/comparison_task_best_seed_summary.tsv
12	17	Valsartan_smarts	smarts	spectralmol	12	0.030686	0.0001381149528101739	128256	1	gmean	PORTABLE_USER_ROOT/spectralMol/merged_fresh_repro_20260818_083101/guacamol_mpo_v3/seed_12/task_17_Valsartan_smarts/compare_GuacaMol_20260818_103154/runs/spectralmol/seed_12/case_GuacaMol_20260818_103155/benchmark_runs/2026_08_18_evolution_ga_benchmark_10_31_58/2026_08_18_evolution_ga_Valsartan_smarts/scores.csv	PORTABLE_USER_ROOT/spectralMol/merged_fresh_repro_20260818_083101/guacamol_mpo_v3/seed_12/task_17_Valsartan_smarts/compare_GuacaMol_20260818_103154/comparison_task_best_seed_summary.tsv
12	18	Deco_hop	hopping	graphga	12	0.750000	0.6785978198153869	247651	1	amean	PORTABLE_USER_ROOT/spectralMol/merged_fresh_repro_20260818_083101/guacamol_mpo_v3/seed_12/task_18_Deco_hop/compare_GuacaMol_20260818_103445/runs/graphga/seed_12/2026_08_18_graphGA_benchmark_10_52_36/2026_08_18_graphGA_Deco_hop/scores.csv	PORTABLE_USER_ROOT/spectralMol/merged_fresh_repro_20260818_083101/guacamol_mpo_v3/seed_12/task_18_Deco_hop/compare_GuacaMol_20260818_103445/comparison_task_best_seed_summary.tsv
12	18	Deco_hop	hopping	spectralmol	12	0.617955	0.5012497880053349	128256	1	amean	PORTABLE_USER_ROOT/spectralMol/merged_fresh_repro_20260818_083101/guacamol_mpo_v3/seed_12/task_18_Deco_hop/compare_GuacaMol_20260818_103445/runs/spectralmol/seed_12/case_GuacaMol_20260818_103446/benchmark_runs/2026_08_18_evolution_ga_benchmark_10_34_49/2026_08_18_evolution_ga_Deco_hop/scores.csv	PORTABLE_USER_ROOT/spectralMol/merged_fresh_repro_20260818_083101/guacamol_mpo_v3/seed_12/task_18_Deco_hop/compare_GuacaMol_20260818_103445/comparison_task_best_seed_summary.tsv
12	19	Scaffold_hop	hopping	graphga	12	0.666667	0.5833664461523559	248556	1	amean	PORTABLE_USER_ROOT/spectralMol/merged_fresh_repro_20260818_083101/guacamol_mpo_v3/seed_12/task_19_Scaffold_hop/compare_GuacaMol_20260818_103528/runs/graphga/seed_12/2026_08_18_graphGA_benchmark_10_55_10/2026_08_18_graphGA_Scaffold_hop/scores.csv	PORTABLE_USER_ROOT/spectralMol/merged_fresh_repro_20260818_083101/guacamol_mpo_v3/seed_12/task_19_Scaffold_hop/compare_GuacaMol_20260818_103528/comparison_task_best_seed_summary.tsv
12	19	Scaffold_hop	hopping	spectralmol	12	0.666667	0.3435747847254622	128256	1	amean	PORTABLE_USER_ROOT/spectralMol/merged_fresh_repro_20260818_083101/guacamol_mpo_v3/seed_12/task_19_Scaffold_hop/compare_GuacaMol_20260818_103528/runs/spectralmol/seed_12/case_GuacaMol_20260818_103529/benchmark_runs/2026_08_18_evolution_ga_benchmark_10_35_32/2026_08_18_evolution_ga_Scaffold_hop/scores.csv	PORTABLE_USER_ROOT/spectralMol/merged_fresh_repro_20260818_083101/guacamol_mpo_v3/seed_12/task_19_Scaffold_hop/compare_GuacaMol_20260818_103528/comparison_task_best_seed_summary.tsv
12	1	Troglitazone_rediscovery	rediscovery	spectralmol	12	1.000000	0.07097330510801853	128256	1	single	PORTABLE_USER_ROOT/spectralMol/merged_fresh_repro_20260818_083101/guacamol_mpo_v3/seed_12/task_1_Troglitazone_rediscovery/compare_GuacaMol_20260818_095336/runs/spectralmol/seed_12/case_GuacaMol_20260818_095336/benchmark_runs/2026_08_18_evolution_ga_benchmark_09_53_41/2026_08_18_evolution_ga_Troglitazone_rediscovery/scores.csv	PORTABLE_USER_ROOT/spectralMol/merged_fresh_repro_20260818_083101/guacamol_mpo_v3/seed_12/task_1_Troglitazone_rediscovery/compare_GuacaMol_20260818_095336/comparison_task_best_seed_summary.tsv
12	1	Troglitazone_rediscovery	rediscovery	graphga	12	0.550459	0.44057866468543083	218197	1	single	PORTABLE_USER_ROOT/spectralMol/merged_fresh_repro_20260818_083101/guacamol_mpo_v3/seed_12/task_1_Troglitazone_rediscovery/compare_GuacaMol_20260818_095336/runs/graphga/seed_12/2026_08_18_graphGA_benchmark_10_16_34/2026_08_18_graphGA_Troglitazone_rediscovery/scores.csv	PORTABLE_USER_ROOT/spectralMol/merged_fresh_repro_20260818_083101/guacamol_mpo_v3/seed_12/task_1_Troglitazone_rediscovery/compare_GuacaMol_20260818_095336/comparison_task_best_seed_summary.tsv
12	2	Thiothixene_rediscovery	rediscovery	spectralmol	12	1.000000	0.06202262095089571	128256	1	single	PORTABLE_USER_ROOT/spectralMol/merged_fresh_repro_20260818_083101/guacamol_mpo_v3/seed_12/task_2_Thiothixene_rediscovery/compare_GuacaMol_20260818_095529/runs/spectralmol/seed_12/case_GuacaMol_20260818_095530/benchmark_runs/2026_08_18_evolution_ga_benchmark_09_55_34/2026_08_18_evolution_ga_Thiothixene_rediscovery/scores.csv	PORTABLE_USER_ROOT/spectralMol/merged_fresh_repro_20260818_083101/guacamol_mpo_v3/seed_12/task_2_Thiothixene_rediscovery/compare_GuacaMol_20260818_095529/comparison_task_best_seed_summary.tsv
12	2	Thiothixene_rediscovery	rediscovery	graphga	12	0.686869	0.5647288288937773	191168	1	single	PORTABLE_USER_ROOT/spectralMol/merged_fresh_repro_20260818_083101/guacamol_mpo_v3/seed_12/task_2_Thiothixene_rediscovery/compare_GuacaMol_20260818_095529/runs/graphga/seed_12/2026_08_18_graphGA_benchmark_10_20_52/2026_08_18_graphGA_Thiothixene_rediscovery/scores.csv	PORTABLE_USER_ROOT/spectralMol/merged_fresh_repro_20260818_083101/guacamol_mpo_v3/seed_12/task_2_Thiothixene_rediscovery/compare_GuacaMol_20260818_095529/comparison_task_best_seed_summary.tsv
12	3	Aripiprazole_similarity	similarity	spectralmol	12	1.000000	0.08556727725315941	128256	1	single	PORTABLE_USER_ROOT/spectralMol/merged_fresh_repro_20260818_083101/guacamol_mpo_v3/seed_12/task_3_Aripiprazole_similarity/compare_GuacaMol_20260818_095819/runs/spectralmol/seed_12/case_GuacaMol_20260818_095820/benchmark_runs/2026_08_18_evolution_ga_benchmark_09_58_26/2026_08_18_evolution_ga_Aripiprazole_similarity/scores.csv	PORTABLE_USER_ROOT/spectralMol/merged_fresh_repro_20260818_083101/guacamol_mpo_v3/seed_12/task_3_Aripiprazole_similarity/compare_GuacaMol_20260818_095819/comparison_task_best_seed_summary.tsv
12	3	Aripiprazole_similarity	similarity	graphga	12	0.920962	0.7342763642089623	224175	1	single	PORTABLE_USER_ROOT/spectralMol/merged_fresh_repro_20260818_083101/guacamol_mpo_v3/seed_12/task_3_Aripiprazole_similarity/compare_GuacaMol_20260818_095819/runs/graphga/seed_12/2026_08_18_graphGA_benchmark_10_21_45/2026_08_18_graphGA_Aripiprazole_similarity/scores.csv	PORTABLE_USER_ROOT/spectralMol/merged_fresh_repro_20260818_083101/guacamol_mpo_v3/seed_12/task_3_Aripiprazole_similarity/compare_GuacaMol_20260818_095819/comparison_task_best_seed_summary.tsv
12	4	Albuterol_similarity	similarity	graphga	12	1.000000	0.7902606589319828	244670	1	single	PORTABLE_USER_ROOT/spectralMol/merged_fresh_repro_20260818_083101/guacamol_mpo_v3/seed_12/task_4_Albuterol_similarity/compare_GuacaMol_20260818_100000/runs/graphga/seed_12/2026_08_18_graphGA_benchmark_11_22_32/2026_08_18_graphGA_Albuterol_similarity/scores.csv	PORTABLE_USER_ROOT/spectralMol/merged_fresh_repro_20260818_083101/guacamol_mpo_v3/seed_12/task_4_Albuterol_similarity/compare_GuacaMol_20260818_100000/comparison_task_best_seed_summary.tsv
12	4	Albuterol_similarity	similarity	spectralmol	12	0.740741	0.18420238942630054	128256	1	single	PORTABLE_USER_ROOT/spectralMol/merged_fresh_repro_20260818_083101/guacamol_mpo_v3/seed_12/task_4_Albuterol_similarity/compare_GuacaMol_20260818_100000/runs/spectralmol/seed_12/case_GuacaMol_20260818_100001/benchmark_runs/2026_08_18_evolution_ga_benchmark_10_00_06/2026_08_18_evolution_ga_Albuterol_similarity/scores.csv	PORTABLE_USER_ROOT/spectralMol/merged_fresh_repro_20260818_083101/guacamol_mpo_v3/seed_12/task_4_Albuterol_similarity/compare_GuacaMol_20260818_100000/comparison_task_best_seed_summary.tsv
12	5	Mestranol_similarity	similarity	spectralmol	12	1.000000	0.07484104323536561	128256	1	single	PORTABLE_USER_ROOT/spectralMol/merged_fresh_repro_20260818_083101/guacamol_mpo_v3/seed_12/task_5_Mestranol_similarity/compare_GuacaMol_20260818_100847/runs/spectralmol/seed_12/case_GuacaMol_20260818_100848/benchmark_runs/2026_08_18_evolution_ga_benchmark_10_08_52/2026_08_18_evolution_ga_Mestranol_similarity/scores.csv	PORTABLE_USER_ROOT/spectralMol/merged_fresh_repro_20260818_083101/guacamol_mpo_v3/seed_12/task_5_Mestranol_similarity/compare_GuacaMol_20260818_100847/comparison_task_best_seed_summary.tsv
12	5	Mestranol_similarity	similarity	graphga	12	0.874172	0.6175985123382489	222059	1	single	PORTABLE_USER_ROOT/spectralMol/merged_fresh_repro_20260818_083101/guacamol_mpo_v3/seed_12/task_5_Mestranol_similarity/compare_GuacaMol_20260818_100847/runs/graphga/seed_12/2026_08_18_graphGA_benchmark_10_25_37/2026_08_18_graphGA_Mestranol_similarity/scores.csv	PORTABLE_USER_ROOT/spectralMol/merged_fresh_repro_20260818_083101/guacamol_mpo_v3/seed_12/task_5_Mestranol_similarity/compare_GuacaMol_20260818_100847/comparison_task_best_seed_summary.tsv
12	6	C11H24	isomer	graphga	12	1.000000	0.6578956274907845	178949	1	single	PORTABLE_USER_ROOT/spectralMol/merged_fresh_repro_20260818_083101/guacamol_mpo_v3/seed_12/task_6_C11H24/compare_GuacaMol_20260818_101039/runs/graphga/seed_12/2026_08_18_graphGA_benchmark_10_52_49/2026_08_18_graphGA_C11H24/scores.csv	PORTABLE_USER_ROOT/spectralMol/merged_fresh_repro_20260818_083101/guacamol_mpo_v3/seed_12/task_6_C11H24/compare_GuacaMol_20260818_101039/comparison_task_best_seed_summary.tsv
12	6	C11H24	isomer	spectralmol	12	1.000000	0.021786570526132493	128256	1	single	PORTABLE_USER_ROOT/spectralMol/merged_fresh_repro_20260818_083101/guacamol_mpo_v3/seed_12/task_6_C11H24/compare_GuacaMol_20260818_101039/runs/spectralmol/seed_12/case_GuacaMol_20260818_101040/benchmark_runs/2026_08_18_evolution_ga_benchmark_10_10_44/2026_08_18_evolution_ga_C11H24/scores.csv	PORTABLE_USER_ROOT/spectralMol/merged_fresh_repro_20260818_083101/guacamol_mpo_v3/seed_12/task_6_C11H24/compare_GuacaMol_20260818_101039/comparison_task_best_seed_summary.tsv
12	7	C9H10N2O2PF2Cl	isomer	spectralmol	12	1.000000	0.16637770340427516	128256	1	single	PORTABLE_USER_ROOT/spectralMol/merged_fresh_repro_20260818_083101/guacamol_mpo_v3/seed_12/task_7_C9H10N2O2PF2Cl/compare_GuacaMol_20260818_101051/runs/spectralmol/seed_12/case_GuacaMol_20260818_101052/benchmark_runs/2026_08_18_evolution_ga_benchmark_10_10_56/2026_08_18_evolution_ga_C9H10N2O2PF2Cl/scores.csv	PORTABLE_USER_ROOT/spectralMol/merged_fresh_repro_20260818_083101/guacamol_mpo_v3/seed_12/task_7_C9H10N2O2PF2Cl/compare_GuacaMol_20260818_101051/comparison_task_best_seed_summary.tsv
12	7	C9H10N2O2PF2Cl	isomer	graphga	12	0.924849	0.5790964044451672	252764	1	single	PORTABLE_USER_ROOT/spectralMol/merged_fresh_repro_20260818_083101/guacamol_mpo_v3/seed_12/task_7_C9H10N2O2PF2Cl/compare_GuacaMol_20260818_101051/runs/graphga/seed_12/2026_08_18_graphGA_benchmark_10_25_16/2026_08_18_graphGA_C9H10N2O2PF2Cl/scores.csv	PORTABLE_USER_ROOT/spectralMol/merged_fresh_repro_20260818_083101/guacamol_mpo_v3/seed_12/task_7_C9H10N2O2PF2Cl/compare_GuacaMol_20260818_101051/comparison_task_best_seed_summary.tsv
12	8	Median_molecules_1	median	spectralmol	12	0.406780	0.06648025949190733	128256	1	gmean	PORTABLE_USER_ROOT/spectralMol/merged_fresh_repro_20260818_083101/guacamol_mpo_v3/seed_12/task_8_Median_molecules_1/compare_GuacaMol_20260818_101249/runs/spectralmol/seed_12/case_GuacaMol_20260818_101250/benchmark_runs/2026_08_18_evolution_ga_benchmark_10_12_55/2026_08_18_evolution_ga_Median_molecules_1/scores.csv	PORTABLE_USER_ROOT/spectralMol/merged_fresh_repro_20260818_083101/guacamol_mpo_v3/seed_12/task_8_Median_molecules_1/compare_GuacaMol_20260818_101249/comparison_task_best_seed_summary.tsv
12	8	Median_molecules_1	median	graphga	12	0.361332	0.28409217714244556	210769	1	gmean	PORTABLE_USER_ROOT/spectralMol/merged_fresh_repro_20260818_083101/guacamol_mpo_v3/seed_12/task_8_Median_molecules_1/compare_GuacaMol_20260818_101249/runs/graphga/seed_12/2026_08_18_graphGA_benchmark_11_16_01/2026_08_18_graphGA_Median_molecules_1/scores.csv	PORTABLE_USER_ROOT/spectralMol/merged_fresh_repro_20260818_083101/guacamol_mpo_v3/seed_12/task_8_Median_molecules_1/compare_GuacaMol_20260818_101249/comparison_task_best_seed_summary.tsv
12	9	Median_molecules_2	median	spectralmol	12	0.378154	0.03704463001288708	128256	1	gmean	PORTABLE_USER_ROOT/spectralMol/merged_fresh_repro_20260818_083101/guacamol_mpo_v3/seed_12/task_9_Median_molecules_2/compare_GuacaMol_20260818_101523/runs/spectralmol/seed_12/case_GuacaMol_20260818_101524/benchmark_runs/2026_08_18_evolution_ga_benchmark_10_15_28/2026_08_18_evolution_ga_Median_molecules_2/scores.csv	PORTABLE_USER_ROOT/spectralMol/merged_fresh_repro_20260818_083101/guacamol_mpo_v3/seed_12/task_9_Median_molecules_2/compare_GuacaMol_20260818_101523/comparison_task_best_seed_summary.tsv
12	9	Median_molecules_2	median	graphga	12	0.298832	0.2472402575138882	214151	1	gmean	PORTABLE_USER_ROOT/spectralMol/merged_fresh_repro_20260818_083101/guacamol_mpo_v3/seed_12/task_9_Median_molecules_2/compare_GuacaMol_20260818_101523/runs/graphga/seed_12/2026_08_18_graphGA_benchmark_11_17_48/2026_08_18_graphGA_Median_molecules_2/scores.csv	PORTABLE_USER_ROOT/spectralMol/merged_fresh_repro_20260818_083101/guacamol_mpo_v3/seed_12/task_9_Median_molecules_2/compare_GuacaMol_20260818_101523/comparison_task_best_seed_summary.tsv
13	0	Celecoxib_rediscovery	rediscovery	graphga	13	1.000000	0.7838386569888695	208088	1	single	PORTABLE_USER_ROOT/spectralMol/merged_fresh_repro_20260818_083101/guacamol_mpo_v3/seed_13/task_0_Celecoxib_rediscovery/compare_GuacaMol_20260818_103558/runs/graphga/seed_13/2026_08_18_graphGA_benchmark_11_24_10/2026_08_18_graphGA_Celecoxib_rediscovery/scores.csv	PORTABLE_USER_ROOT/spectralMol/merged_fresh_repro_20260818_083101/guacamol_mpo_v3/seed_13/task_0_Celecoxib_rediscovery/compare_GuacaMol_20260818_103558/comparison_task_best_seed_summary.tsv
13	0	Celecoxib_rediscovery	rediscovery	spectralmol	13	1.000000	0.06388802712822832	128256	1	single	PORTABLE_USER_ROOT/spectralMol/merged_fresh_repro_20260818_083101/guacamol_mpo_v3/seed_13/task_0_Celecoxib_rediscovery/compare_GuacaMol_20260818_103558/runs/spectralmol/seed_13/case_GuacaMol_20260818_103559/benchmark_runs/2026_08_18_evolution_ga_benchmark_10_36_04/2026_08_18_evolution_ga_Celecoxib_rediscovery/scores.csv	PORTABLE_USER_ROOT/spectralMol/merged_fresh_repro_20260818_083101/guacamol_mpo_v3/seed_13/task_0_Celecoxib_rediscovery/compare_GuacaMol_20260818_103558/comparison_task_best_seed_summary.tsv
13	10	Osimertinib_MPO	mpo	graphga	13	0.958274	0.752045863765855	239781	1	gmean	PORTABLE_USER_ROOT/spectralMol/merged_fresh_repro_20260818_083101/guacamol_mpo_v3/seed_13/task_10_Osimertinib_MPO/compare_GuacaMol_20260818_110047/runs/graphga/seed_13/2026_08_18_graphGA_benchmark_11_35_07/2026_08_18_graphGA_Osimertinib_MPO/scores.csv	PORTABLE_USER_ROOT/spectralMol/merged_fresh_repro_20260818_083101/guacamol_mpo_v3/seed_13/task_10_Osimertinib_MPO/compare_GuacaMol_20260818_110047/comparison_task_best_seed_summary.tsv
13	10	Osimertinib_MPO	mpo	spectralmol	13	0.788118	0.050073765076302006	128256	1	gmean	PORTABLE_USER_ROOT/spectralMol/merged_fresh_repro_20260818_083101/guacamol_mpo_v3/seed_13/task_10_Osimertinib_MPO/compare_GuacaMol_20260818_110047/runs/spectralmol/seed_13/case_GuacaMol_20260818_110048/benchmark_runs/2026_08_18_evolution_ga_benchmark_11_00_52/2026_08_18_evolution_ga_Osimertinib_MPO/scores.csv	PORTABLE_USER_ROOT/spectralMol/merged_fresh_repro_20260818_083101/guacamol_mpo_v3/seed_13/task_10_Osimertinib_MPO/compare_GuacaMol_20260818_110047/comparison_task_best_seed_summary.tsv
13	11	Fexofenadine_MPO	mpo	spectralmol	13	1.000000	0.1339317151545848	128256	1	gmean	PORTABLE_USER_ROOT/spectralMol/merged_fresh_repro_20260818_083101/guacamol_mpo_v3/seed_13/task_11_Fexofenadine_MPO/compare_GuacaMol_20260818_110327/runs/spectralmol/seed_13/case_GuacaMol_20260818_110328/benchmark_runs/2026_08_18_evolution_ga_benchmark_11_03_31/2026_08_18_evolution_ga_Fexofenadine_MPO/scores.csv	PORTABLE_USER_ROOT/spectralMol/merged_fresh_repro_20260818_083101/guacamol_mpo_v3/seed_13/task_11_Fexofenadine_MPO/compare_GuacaMol_20260818_110327/comparison_task_best_seed_summary.tsv
13	11	Fexofenadine_MPO	mpo	graphga	13	0.887685	0.6386534348026189	233095	1	gmean	PORTABLE_USER_ROOT/spectralMol/merged_fresh_repro_20260818_083101/guacamol_mpo_v3/seed_13/task_11_Fexofenadine_MPO/compare_GuacaMol_20260818_110327/runs/graphga/seed_13/2026_08_18_graphGA_benchmark_11_23_46/2026_08_18_graphGA_Fexofenadine_MPO/scores.csv	PORTABLE_USER_ROOT/spectralMol/merged_fresh_repro_20260818_083101/guacamol_mpo_v3/seed_13/task_11_Fexofenadine_MPO/compare_GuacaMol_20260818_110327/comparison_task_best_seed_summary.tsv
13	12	Ranolazine_MPO	mpo	graphga	13	0.885512	0.6840037079334094	227141	1	gmean	PORTABLE_USER_ROOT/spectralMol/merged_fresh_repro_20260818_083101/guacamol_mpo_v3/seed_13/task_12_Ranolazine_MPO/compare_GuacaMol_20260818_110421/runs/graphga/seed_13/2026_08_18_graphGA_benchmark_11_22_29/2026_08_18_graphGA_Ranolazine_MPO/scores.csv	PORTABLE_USER_ROOT/spectralMol/merged_fresh_repro_20260818_083101/guacamol_mpo_v3/seed_13/task_12_Ranolazine_MPO/compare_GuacaMol_20260818_110421/comparison_task_best_seed_summary.tsv
13	12	Ranolazine_MPO	mpo	spectralmol	13	0.749098	0.05452729947452466	128256	1	gmean	PORTABLE_USER_ROOT/spectralMol/merged_fresh_repro_20260818_083101/guacamol_mpo_v3/seed_13/task_12_Ranolazine_MPO/compare_GuacaMol_20260818_110421/runs/spectralmol/seed_13/case_GuacaMol_20260818_110422/benchmark_runs/2026_08_18_evolution_ga_benchmark_11_04_25/2026_08_18_evolution_ga_Ranolazine_MPO/scores.csv	PORTABLE_USER_ROOT/spectralMol/merged_fresh_repro_20260818_083101/guacamol_mpo_v3/seed_13/task_12_Ranolazine_MPO/compare_GuacaMol_20260818_110421/comparison_task_best_seed_summary.tsv
13	13	Perindopril_MPO	mpo	graphga	13	0.683586	0.516986998029232	225463	1	gmean	PORTABLE_USER_ROOT/spectralMol/merged_fresh_repro_20260818_083101/guacamol_mpo_v3/seed_13/task_13_Perindopril_MPO/compare_GuacaMol_20260818_110813/runs/graphga/seed_13/2026_08_18_graphGA_benchmark_11_26_45/2026_08_18_graphGA_Perindopril_MPO/scores.csv	PORTABLE_USER_ROOT/spectralMol/merged_fresh_repro_20260818_083101/guacamol_mpo_v3/seed_13/task_13_Perindopril_MPO/compare_GuacaMol_20260818_110813/comparison_task_best_seed_summary.tsv
13	13	Perindopril_MPO	mpo	spectralmol	13	0.420084	0.004549891251137071	128256	1	gmean	PORTABLE_USER_ROOT/spectralMol/merged_fresh_repro_20260818_083101/guacamol_mpo_v3/seed_13/task_13_Perindopril_MPO/compare_GuacaMol_20260818_110813/runs/spectralmol/seed_13/case_GuacaMol_20260818_110814/benchmark_runs/2026_08_18_evolution_ga_benchmark_11_08_17/2026_08_18_evolution_ga_Perindopril_MPO/scores.csv	PORTABLE_USER_ROOT/spectralMol/merged_fresh_repro_20260818_083101/guacamol_mpo_v3/seed_13/task_13_Perindopril_MPO/compare_GuacaMol_20260818_110813/comparison_task_best_seed_summary.tsv
13	14	Amlodipine_MPO	mpo	spectralmol	13	0.890774	0.022109609430558674	128256	1	gmean	PORTABLE_USER_ROOT/spectralMol/merged_fresh_repro_20260818_083101/guacamol_mpo_v3/seed_13/task_14_Amlodipine_MPO/compare_GuacaMol_20260818_111146/runs/spectralmol/seed_13/case_GuacaMol_20260818_111147/benchmark_runs/2026_08_18_evolution_ga_benchmark_11_11_50/2026_08_18_evolution_ga_Amlodipine_MPO/scores.csv	PORTABLE_USER_ROOT/spectralMol/merged_fresh_repro_20260818_083101/guacamol_mpo_v3/seed_13/task_14_Amlodipine_MPO/compare_GuacaMol_20260818_111146/comparison_task_best_seed_summary.tsv
13	14	Amlodipine_MPO	mpo	graphga	13	0.839799	0.6453233585735951	240869	1	gmean	PORTABLE_USER_ROOT/spectralMol/merged_fresh_repro_20260818_083101/guacamol_mpo_v3/seed_13/task_14_Amlodipine_MPO/compare_GuacaMol_20260818_111146/runs/graphga/seed_13/2026_08_18_graphGA_benchmark_11_30_51/2026_08_18_graphGA_Amlodipine_MPO/scores.csv	PORTABLE_USER_ROOT/spectralMol/merged_fresh_repro_20260818_083101/guacamol_mpo_v3/seed_13/task_14_Amlodipine_MPO/compare_GuacaMol_20260818_111146/comparison_task_best_seed_summary.tsv
13	15	Sitagliptin_MPO	mpo	spectralmol	13	0.801887	0.027556069853447614	128256	1	gmean	PORTABLE_USER_ROOT/spectralMol/merged_fresh_repro_20260818_083101/guacamol_mpo_v3/seed_13/task_15_Sitagliptin_MPO/compare_GuacaMol_20260818_111349/runs/spectralmol/seed_13/case_GuacaMol_20260818_111350/benchmark_runs/2026_08_18_evolution_ga_benchmark_11_13_53/2026_08_18_evolution_ga_Sitagliptin_MPO/scores.csv	PORTABLE_USER_ROOT/spectralMol/merged_fresh_repro_20260818_083101/guacamol_mpo_v3/seed_13/task_15_Sitagliptin_MPO/compare_GuacaMol_20260818_111349/comparison_task_best_seed_summary.tsv
13	15	Sitagliptin_MPO	mpo	graphga	13	0.715431	0.417028764600414	221810	1	gmean	PORTABLE_USER_ROOT/spectralMol/merged_fresh_repro_20260818_083101/guacamol_mpo_v3/seed_13/task_15_Sitagliptin_MPO/compare_GuacaMol_20260818_111349/runs/graphga/seed_13/2026_08_18_graphGA_benchmark_11_31_15/2026_08_18_graphGA_Sitagliptin_MPO/scores.csv	PORTABLE_USER_ROOT/spectralMol/merged_fresh_repro_20260818_083101/guacamol_mpo_v3/seed_13/task_15_Sitagliptin_MPO/compare_GuacaMol_20260818_111349/comparison_task_best_seed_summary.tsv
13	16	Zaleplon_MPO	mpo	spectralmol	13	0.698308	0.014682372690947151	128256	1	gmean	PORTABLE_USER_ROOT/spectralMol/merged_fresh_repro_20260818_083101/guacamol_mpo_v3/seed_13/task_16_Zaleplon_MPO/compare_GuacaMol_20260818_111819/runs/spectralmol/seed_13/case_GuacaMol_20260818_111820/benchmark_runs/2026_08_18_evolution_ga_benchmark_11_18_23/2026_08_18_evolution_ga_Zaleplon_MPO/scores.csv	PORTABLE_USER_ROOT/spectralMol/merged_fresh_repro_20260818_083101/guacamol_mpo_v3/seed_13/task_16_Zaleplon_MPO/compare_GuacaMol_20260818_111819/comparison_task_best_seed_summary.tsv
13	16	Zaleplon_MPO	mpo	graphga	13	0.556051	0.3643948742633059	232477	1	gmean	PORTABLE_USER_ROOT/spectralMol/merged_fresh_repro_20260818_083101/guacamol_mpo_v3/seed_13/task_16_Zaleplon_MPO/compare_GuacaMol_20260818_111819/runs/graphga/seed_13/2026_08_18_graphGA_benchmark_11_46_28/2026_08_18_graphGA_Zaleplon_MPO/scores.csv	PORTABLE_USER_ROOT/spectralMol/merged_fresh_repro_20260818_083101/guacamol_mpo_v3/seed_13/task_16_Zaleplon_MPO/compare_GuacaMol_20260818_111819/comparison_task_best_seed_summary.tsv
13	17	Valsartan_smarts	smarts	graphga	13	0.031115	0.01907373085966308	221934	1	gmean	PORTABLE_USER_ROOT/spectralMol/merged_fresh_repro_20260818_083101/guacamol_mpo_v3/seed_13/task_17_Valsartan_smarts/compare_GuacaMol_20260818_111901/runs/graphga/seed_13/2026_08_18_graphGA_benchmark_11_37_52/2026_08_18_graphGA_Valsartan_smarts/scores.csv	PORTABLE_USER_ROOT/spectralMol/merged_fresh_repro_20260818_083101/guacamol_mpo_v3/seed_13/task_17_Valsartan_smarts/compare_GuacaMol_20260818_111901/comparison_task_best_seed_summary.tsv
13	17	Valsartan_smarts	smarts	spectralmol	13	0.031111	0.00012054786273897523	128256	1	gmean	PORTABLE_USER_ROOT/spectralMol/merged_fresh_repro_20260818_083101/guacamol_mpo_v3/seed_13/task_17_Valsartan_smarts/compare_GuacaMol_20260818_111901/runs/spectralmol/seed_13/case_GuacaMol_20260818_111902/benchmark_runs/2026_08_18_evolution_ga_benchmark_11_19_05/2026_08_18_evolution_ga_Valsartan_smarts/scores.csv	PORTABLE_USER_ROOT/spectralMol/merged_fresh_repro_20260818_083101/guacamol_mpo_v3/seed_13/task_17_Valsartan_smarts/compare_GuacaMol_20260818_111901/comparison_task_best_seed_summary.tsv
13	18	Deco_hop	hopping	graphga	13	0.746696	0.6758230763208593	244811	1	amean	PORTABLE_USER_ROOT/spectralMol/merged_fresh_repro_20260818_083101/guacamol_mpo_v3/seed_13/task_18_Deco_hop/compare_GuacaMol_20260818_112105/runs/graphga/seed_13/2026_08_18_graphGA_benchmark_11_38_55/2026_08_18_graphGA_Deco_hop/scores.csv	PORTABLE_USER_ROOT/spectralMol/merged_fresh_repro_20260818_083101/guacamol_mpo_v3/seed_13/task_18_Deco_hop/compare_GuacaMol_20260818_112105/comparison_task_best_seed_summary.tsv
13	18	Deco_hop	hopping	spectralmol	13	0.617955	0.5013359106359776	128256	1	amean	PORTABLE_USER_ROOT/spectralMol/merged_fresh_repro_20260818_083101/guacamol_mpo_v3/seed_13/task_18_Deco_hop/compare_GuacaMol_20260818_112105/runs/spectralmol/seed_13/case_GuacaMol_20260818_112106/benchmark_runs/2026_08_18_evolution_ga_benchmark_11_21_11/2026_08_18_evolution_ga_Deco_hop/scores.csv	PORTABLE_USER_ROOT/spectralMol/merged_fresh_repro_20260818_083101/guacamol_mpo_v3/seed_13/task_18_Deco_hop/compare_GuacaMol_20260818_112105/comparison_task_best_seed_summary.tsv
13	19	Scaffold_hop	hopping	graphga	13	0.666667	0.5771561653016449	249893	1	amean	PORTABLE_USER_ROOT/spectralMol/merged_fresh_repro_20260818_083101/guacamol_mpo_v3/seed_13/task_19_Scaffold_hop/compare_GuacaMol_20260818_112612/runs/graphga/seed_13/2026_08_18_graphGA_benchmark_11_47_33/2026_08_18_graphGA_Scaffold_hop/scores.csv	PORTABLE_USER_ROOT/spectralMol/merged_fresh_repro_20260818_083101/guacamol_mpo_v3/seed_13/task_19_Scaffold_hop/compare_GuacaMol_20260818_112612/comparison_task_best_seed_summary.tsv
13	19	Scaffold_hop	hopping	spectralmol	13	0.666667	0.3474362383761143	128256	1	amean	PORTABLE_USER_ROOT/spectralMol/merged_fresh_repro_20260818_083101/guacamol_mpo_v3/seed_13/task_19_Scaffold_hop/compare_GuacaMol_20260818_112612/runs/spectralmol/seed_13/case_GuacaMol_20260818_112613/benchmark_runs/2026_08_18_evolution_ga_benchmark_11_26_16/2026_08_18_evolution_ga_Scaffold_hop/scores.csv	PORTABLE_USER_ROOT/spectralMol/merged_fresh_repro_20260818_083101/guacamol_mpo_v3/seed_13/task_19_Scaffold_hop/compare_GuacaMol_20260818_112612/comparison_task_best_seed_summary.tsv
13	1	Troglitazone_rediscovery	rediscovery	spectralmol	13	1.000000	0.056797559672486266	128256	1	single	PORTABLE_USER_ROOT/spectralMol/merged_fresh_repro_20260818_083101/guacamol_mpo_v3/seed_13/task_1_Troglitazone_rediscovery/compare_GuacaMol_20260818_103755/runs/spectralmol/seed_13/case_GuacaMol_20260818_103756/benchmark_runs/2026_08_18_evolution_ga_benchmark_10_37_59/2026_08_18_evolution_ga_Troglitazone_rediscovery/scores.csv	PORTABLE_USER_ROOT/spectralMol/merged_fresh_repro_20260818_083101/guacamol_mpo_v3/seed_13/task_1_Troglitazone_rediscovery/compare_GuacaMol_20260818_103755/comparison_task_best_seed_summary.tsv
13	1	Troglitazone_rediscovery	rediscovery	graphga	13	0.509259	0.4209131507784992	225069	1	single	PORTABLE_USER_ROOT/spectralMol/merged_fresh_repro_20260818_083101/guacamol_mpo_v3/seed_13/task_1_Troglitazone_rediscovery/compare_GuacaMol_20260818_103755/runs/graphga/seed_13/2026_08_18_graphGA_benchmark_10_58_12/2026_08_18_graphGA_Troglitazone_rediscovery/scores.csv	PORTABLE_USER_ROOT/spectralMol/merged_fresh_repro_20260818_083101/guacamol_mpo_v3/seed_13/task_1_Troglitazone_rediscovery/compare_GuacaMol_20260818_103755/comparison_task_best_seed_summary.tsv
13	2	Thiothixene_rediscovery	rediscovery	spectralmol	13	1.000000	0.06657916182456242	128256	1	single	PORTABLE_USER_ROOT/spectralMol/merged_fresh_repro_20260818_083101/guacamol_mpo_v3/seed_13/task_2_Thiothixene_rediscovery/compare_GuacaMol_20260818_103903/runs/spectralmol/seed_13/case_GuacaMol_20260818_103904/benchmark_runs/2026_08_18_evolution_ga_benchmark_10_39_07/2026_08_18_evolution_ga_Thiothixene_rediscovery/scores.csv	PORTABLE_USER_ROOT/spectralMol/merged_fresh_repro_20260818_083101/guacamol_mpo_v3/seed_13/task_2_Thiothixene_rediscovery/compare_GuacaMol_20260818_103903/comparison_task_best_seed_summary.tsv
13	2	Thiothixene_rediscovery	rediscovery	graphga	13	0.663265	0.5359772855475939	214071	1	single	PORTABLE_USER_ROOT/spectralMol/merged_fresh_repro_20260818_083101/guacamol_mpo_v3/seed_13/task_2_Thiothixene_rediscovery/compare_GuacaMol_20260818_103903/runs/graphga/seed_13/2026_08_18_graphGA_benchmark_11_02_44/2026_08_18_graphGA_Thiothixene_rediscovery/scores.csv	PORTABLE_USER_ROOT/spectralMol/merged_fresh_repro_20260818_083101/guacamol_mpo_v3/seed_13/task_2_Thiothixene_rediscovery/compare_GuacaMol_20260818_103903/comparison_task_best_seed_summary.tsv
13	3	Aripiprazole_similarity	similarity	spectralmol	13	1.000000	0.09254340896568612	128256	1	single	PORTABLE_USER_ROOT/spectralMol/merged_fresh_repro_20260818_083101/guacamol_mpo_v3/seed_13/task_3_Aripiprazole_similarity/compare_GuacaMol_20260818_104200/runs/spectralmol/seed_13/case_GuacaMol_20260818_104201/benchmark_runs/2026_08_18_evolution_ga_benchmark_10_42_04/2026_08_18_evolution_ga_Aripiprazole_similarity/scores.csv	PORTABLE_USER_ROOT/spectralMol/merged_fresh_repro_20260818_083101/guacamol_mpo_v3/seed_13/task_3_Aripiprazole_similarity/compare_GuacaMol_20260818_104200/comparison_task_best_seed_summary.tsv
13	3	Aripiprazole_similarity	similarity	graphga	13	0.920962	0.7454001021481672	222817	1	single	PORTABLE_USER_ROOT/spectralMol/merged_fresh_repro_20260818_083101/guacamol_mpo_v3/seed_13/task_3_Aripiprazole_similarity/compare_GuacaMol_20260818_104200/runs/graphga/seed_13/2026_08_18_graphGA_benchmark_11_01_19/2026_08_18_graphGA_Aripiprazole_similarity/scores.csv	PORTABLE_USER_ROOT/spectralMol/merged_fresh_repro_20260818_083101/guacamol_mpo_v3/seed_13/task_3_Aripiprazole_similarity/compare_GuacaMol_20260818_104200/comparison_task_best_seed_summary.tsv
13	4	Albuterol_similarity	similarity	graphga	13	1.000000	0.7908009133833781	238471	1	single	PORTABLE_USER_ROOT/spectralMol/merged_fresh_repro_20260818_083101/guacamol_mpo_v3/seed_13/task_4_Albuterol_similarity/compare_GuacaMol_20260818_104306/runs/graphga/seed_13/2026_08_18_graphGA_benchmark_11_18_09/2026_08_18_graphGA_Albuterol_similarity/scores.csv	PORTABLE_USER_ROOT/spectralMol/merged_fresh_repro_20260818_083101/guacamol_mpo_v3/seed_13/task_4_Albuterol_similarity/compare_GuacaMol_20260818_104306/comparison_task_best_seed_summary.tsv
13	4	Albuterol_similarity	similarity	spectralmol	13	0.533333	0.1612431018569565	128256	1	single	PORTABLE_USER_ROOT/spectralMol/merged_fresh_repro_20260818_083101/guacamol_mpo_v3/seed_13/task_4_Albuterol_similarity/compare_GuacaMol_20260818_104306/runs/spectralmol/seed_13/case_GuacaMol_20260818_104308/benchmark_runs/2026_08_18_evolution_ga_benchmark_10_43_17/2026_08_18_evolution_ga_Albuterol_similarity/scores.csv	PORTABLE_USER_ROOT/spectralMol/merged_fresh_repro_20260818_083101/guacamol_mpo_v3/seed_13/task_4_Albuterol_similarity/compare_GuacaMol_20260818_104306/comparison_task_best_seed_summary.tsv
13	5	Mestranol_similarity	similarity	spectralmol	13	1.000000	0.10592778507521285	128256	1	single	PORTABLE_USER_ROOT/spectralMol/merged_fresh_repro_20260818_083101/guacamol_mpo_v3/seed_13/task_5_Mestranol_similarity/compare_GuacaMol_20260818_104520/runs/spectralmol/seed_13/case_GuacaMol_20260818_104521/benchmark_runs/2026_08_18_evolution_ga_benchmark_10_45_25/2026_08_18_evolution_ga_Mestranol_similarity/scores.csv	PORTABLE_USER_ROOT/spectralMol/merged_fresh_repro_20260818_083101/guacamol_mpo_v3/seed_13/task_5_Mestranol_similarity/compare_GuacaMol_20260818_104520/comparison_task_best_seed_summary.tsv
13	5	Mestranol_similarity	similarity	graphga	13	0.762963	0.6277324670167078	197590	1	single	PORTABLE_USER_ROOT/spectralMol/merged_fresh_repro_20260818_083101/guacamol_mpo_v3/seed_13/task_5_Mestranol_similarity/compare_GuacaMol_20260818_104520/runs/graphga/seed_13/2026_08_18_graphGA_benchmark_11_09_02/2026_08_18_graphGA_Mestranol_similarity/scores.csv	PORTABLE_USER_ROOT/spectralMol/merged_fresh_repro_20260818_083101/guacamol_mpo_v3/seed_13/task_5_Mestranol_similarity/compare_GuacaMol_20260818_104520/comparison_task_best_seed_summary.tsv
13	6	C11H24	isomer	graphga	13	1.000000	0.5812624640665011	214130	1	single	PORTABLE_USER_ROOT/spectralMol/merged_fresh_repro_20260818_083101/guacamol_mpo_v3/seed_13/task_6_C11H24/compare_GuacaMol_20260818_105352/runs/graphga/seed_13/2026_08_18_graphGA_benchmark_11_32_00/2026_08_18_graphGA_C11H24/scores.csv	PORTABLE_USER_ROOT/spectralMol/merged_fresh_repro_20260818_083101/guacamol_mpo_v3/seed_13/task_6_C11H24/compare_GuacaMol_20260818_105352/comparison_task_best_seed_summary.tsv
13	6	C11H24	isomer	spectralmol	13	1.000000	0.009360294513044166	128256	1	single	PORTABLE_USER_ROOT/spectralMol/merged_fresh_repro_20260818_083101/guacamol_mpo_v3/seed_13/task_6_C11H24/compare_GuacaMol_20260818_105352/runs/spectralmol/seed_13/case_GuacaMol_20260818_105353/benchmark_runs/2026_08_18_evolution_ga_benchmark_10_53_56/2026_08_18_evolution_ga_C11H24/scores.csv	PORTABLE_USER_ROOT/spectralMol/merged_fresh_repro_20260818_083101/guacamol_mpo_v3/seed_13/task_6_C11H24/compare_GuacaMol_20260818_105352/comparison_task_best_seed_summary.tsv
13	7	C9H10N2O2PF2Cl	isomer	graphga	13	0.924849	0.5905362364354203	239740	1	single	PORTABLE_USER_ROOT/spectralMol/merged_fresh_repro_20260818_083101/guacamol_mpo_v3/seed_13/task_7_C9H10N2O2PF2Cl/compare_GuacaMol_20260818_105604/runs/graphga/seed_13/2026_08_18_graphGA_benchmark_11_10_44/2026_08_18_graphGA_C9H10N2O2PF2Cl/scores.csv	PORTABLE_USER_ROOT/spectralMol/merged_fresh_repro_20260818_083101/guacamol_mpo_v3/seed_13/task_7_C9H10N2O2PF2Cl/compare_GuacaMol_20260818_105604/comparison_task_best_seed_summary.tsv
13	7	C9H10N2O2PF2Cl	isomer	spectralmol	13	0.924849	0.16621695424025185	128256	1	single	PORTABLE_USER_ROOT/spectralMol/merged_fresh_repro_20260818_083101/guacamol_mpo_v3/seed_13/task_7_C9H10N2O2PF2Cl/compare_GuacaMol_20260818_105604/runs/spectralmol/seed_13/case_GuacaMol_20260818_105605/benchmark_runs/2026_08_18_evolution_ga_benchmark_10_56_09/2026_08_18_evolution_ga_C9H10N2O2PF2Cl/scores.csv	PORTABLE_USER_ROOT/spectralMol/merged_fresh_repro_20260818_083101/guacamol_mpo_v3/seed_13/task_7_C9H10N2O2PF2Cl/compare_GuacaMol_20260818_105604/comparison_task_best_seed_summary.tsv
13	8	Median_molecules_1	median	spectralmol	13	0.400000	0.059504956571647734	128256	1	gmean	PORTABLE_USER_ROOT/spectralMol/merged_fresh_repro_20260818_083101/guacamol_mpo_v3/seed_13/task_8_Median_molecules_1/compare_GuacaMol_20260818_105944/runs/spectralmol/seed_13/case_GuacaMol_20260818_105945/benchmark_runs/2026_08_18_evolution_ga_benchmark_10_59_48/2026_08_18_evolution_ga_Median_molecules_1/scores.csv	PORTABLE_USER_ROOT/spectralMol/merged_fresh_repro_20260818_083101/guacamol_mpo_v3/seed_13/task_8_Median_molecules_1/compare_GuacaMol_20260818_105944/comparison_task_best_seed_summary.tsv
13	8	Median_molecules_1	median	graphga	13	0.322540	0.25724335816939226	220210	1	gmean	PORTABLE_USER_ROOT/spectralMol/merged_fresh_repro_20260818_083101/guacamol_mpo_v3/seed_13/task_8_Median_molecules_1/compare_GuacaMol_20260818_105944/runs/graphga/seed_13/2026_08_18_graphGA_benchmark_11_25_26/2026_08_18_graphGA_Median_molecules_1/scores.csv	PORTABLE_USER_ROOT/spectralMol/merged_fresh_repro_20260818_083101/guacamol_mpo_v3/seed_13/task_8_Median_molecules_1/compare_GuacaMol_20260818_105944/comparison_task_best_seed_summary.tsv
13	9	Median_molecules_2	median	spectralmol	13	0.362372	0.023778383978453686	128256	1	gmean	PORTABLE_USER_ROOT/spectralMol/merged_fresh_repro_20260818_083101/guacamol_mpo_v3/seed_13/task_9_Median_molecules_2/compare_GuacaMol_20260818_110001/runs/spectralmol/seed_13/case_GuacaMol_20260818_110002/benchmark_runs/2026_08_18_evolution_ga_benchmark_11_00_06/2026_08_18_evolution_ga_Median_molecules_2/scores.csv	PORTABLE_USER_ROOT/spectralMol/merged_fresh_repro_20260818_083101/guacamol_mpo_v3/seed_13/task_9_Median_molecules_2/compare_GuacaMol_20260818_110001/comparison_task_best_seed_summary.tsv
13	9	Median_molecules_2	median	graphga	13	0.347100	0.2735981358358279	214471	1	gmean	PORTABLE_USER_ROOT/spectralMol/merged_fresh_repro_20260818_083101/guacamol_mpo_v3/seed_13/task_9_Median_molecules_2/compare_GuacaMol_20260818_110001/runs/graphga/seed_13/2026_08_18_graphGA_benchmark_11_55_17/2026_08_18_graphGA_Median_molecules_2/scores.csv	PORTABLE_USER_ROOT/spectralMol/merged_fresh_repro_20260818_083101/guacamol_mpo_v3/seed_13/task_9_Median_molecules_2/compare_GuacaMol_20260818_110001/comparison_task_best_seed_summary.tsv
14	0	Celecoxib_rediscovery	rediscovery	graphga	14	1.000000	0.7843242087078779	208524	1	single	PORTABLE_USER_ROOT/spectralMol/merged_fresh_repro_20260818_083101/guacamol_mpo_v3/seed_14/task_0_Celecoxib_rediscovery/compare_GuacaMol_20260818_112735/runs/graphga/seed_14/2026_08_18_graphGA_benchmark_11_52_10/2026_08_18_graphGA_Celecoxib_rediscovery/scores.csv	PORTABLE_USER_ROOT/spectralMol/merged_fresh_repro_20260818_083101/guacamol_mpo_v3/seed_14/task_0_Celecoxib_rediscovery/compare_GuacaMol_20260818_112735/comparison_task_best_seed_summary.tsv
14	0	Celecoxib_rediscovery	rediscovery	spectralmol	14	1.000000	0.06891639205467234	128256	1	single	PORTABLE_USER_ROOT/spectralMol/merged_fresh_repro_20260818_083101/guacamol_mpo_v3/seed_14/task_0_Celecoxib_rediscovery/compare_GuacaMol_20260818_112735/runs/spectralmol/seed_14/case_GuacaMol_20260818_112736/benchmark_runs/2026_08_18_evolution_ga_benchmark_11_27_39/2026_08_18_evolution_ga_Celecoxib_rediscovery/scores.csv	PORTABLE_USER_ROOT/spectralMol/merged_fresh_repro_20260818_083101/guacamol_mpo_v3/seed_14/task_0_Celecoxib_rediscovery/compare_GuacaMol_20260818_112735/comparison_task_best_seed_summary.tsv
14	10	Osimertinib_MPO	mpo	spectralmol	14	0.999666	0.15808613628212667	128256	1	gmean	PORTABLE_USER_ROOT/spectralMol/merged_fresh_repro_20260818_083101/guacamol_mpo_v3/seed_14/task_10_Osimertinib_MPO/compare_GuacaMol_20260818_115427/runs/spectralmol/seed_14/case_GuacaMol_20260818_115428/benchmark_runs/2026_08_18_evolution_ga_benchmark_11_54_31/2026_08_18_evolution_ga_Osimertinib_MPO/scores.csv	PORTABLE_USER_ROOT/spectralMol/merged_fresh_repro_20260818_083101/guacamol_mpo_v3/seed_14/task_10_Osimertinib_MPO/compare_GuacaMol_20260818_115427/comparison_task_best_seed_summary.tsv
14	10	Osimertinib_MPO	mpo	graphga	14	0.927896	0.7307744474439454	244372	1	gmean	PORTABLE_USER_ROOT/spectralMol/merged_fresh_repro_20260818_083101/guacamol_mpo_v3/seed_14/task_10_Osimertinib_MPO/compare_GuacaMol_20260818_115427/runs/graphga/seed_14/2026_08_18_graphGA_benchmark_12_15_50/2026_08_18_graphGA_Osimertinib_MPO/scores.csv	PORTABLE_USER_ROOT/spectralMol/merged_fresh_repro_20260818_083101/guacamol_mpo_v3/seed_14/task_10_Osimertinib_MPO/compare_GuacaMol_20260818_115427/comparison_task_best_seed_summary.tsv
14	11	Fexofenadine_MPO	mpo	spectralmol	14	1.000000	0.10054852371412525	128256	1	gmean	PORTABLE_USER_ROOT/spectralMol/merged_fresh_repro_20260818_083101/guacamol_mpo_v3/seed_14/task_11_Fexofenadine_MPO/compare_GuacaMol_20260818_115437/runs/spectralmol/seed_14/case_GuacaMol_20260818_115438/benchmark_runs/2026_08_18_evolution_ga_benchmark_11_54_42/2026_08_18_evolution_ga_Fexofenadine_MPO/scores.csv	PORTABLE_USER_ROOT/spectralMol/merged_fresh_repro_20260818_083101/guacamol_mpo_v3/seed_14/task_11_Fexofenadine_MPO/compare_GuacaMol_20260818_115437/comparison_task_best_seed_summary.tsv
14	11	Fexofenadine_MPO	mpo	graphga	14	0.912814	0.6349011769161347	234053	1	gmean	PORTABLE_USER_ROOT/spectralMol/merged_fresh_repro_20260818_083101/guacamol_mpo_v3/seed_14/task_11_Fexofenadine_MPO/compare_GuacaMol_20260818_115437/runs/graphga/seed_14/2026_08_18_graphGA_benchmark_12_33_52/2026_08_18_graphGA_Fexofenadine_MPO/scores.csv	PORTABLE_USER_ROOT/spectralMol/merged_fresh_repro_20260818_083101/guacamol_mpo_v3/seed_14/task_11_Fexofenadine_MPO/compare_GuacaMol_20260818_115437/comparison_task_best_seed_summary.tsv
14	12	Ranolazine_MPO	mpo	graphga	14	0.882531	0.654731270859441	246332	1	gmean	PORTABLE_USER_ROOT/spectralMol/merged_fresh_repro_20260818_083101/guacamol_mpo_v3/seed_14/task_12_Ranolazine_MPO/compare_GuacaMol_20260818_115602/runs/graphga/seed_14/2026_08_18_graphGA_benchmark_12_09_55/2026_08_18_graphGA_Ranolazine_MPO/scores.csv	PORTABLE_USER_ROOT/spectralMol/merged_fresh_repro_20260818_083101/guacamol_mpo_v3/seed_14/task_12_Ranolazine_MPO/compare_GuacaMol_20260818_115602/comparison_task_best_seed_summary.tsv
14	12	Ranolazine_MPO	mpo	spectralmol	14	0.720458	0.031709965568212754	128256	1	gmean	PORTABLE_USER_ROOT/spectralMol/merged_fresh_repro_20260818_083101/guacamol_mpo_v3/seed_14/task_12_Ranolazine_MPO/compare_GuacaMol_20260818_115602/runs/spectralmol/seed_14/case_GuacaMol_20260818_115603/benchmark_runs/2026_08_18_evolution_ga_benchmark_11_56_05/2026_08_18_evolution_ga_Ranolazine_MPO/scores.csv	PORTABLE_USER_ROOT/spectralMol/merged_fresh_repro_20260818_083101/guacamol_mpo_v3/seed_14/task_12_Ranolazine_MPO/compare_GuacaMol_20260818_115602/comparison_task_best_seed_summary.tsv
14	13	Perindopril_MPO	mpo	graphga	14	0.726135	0.5172008134350642	236059	1	gmean	PORTABLE_USER_ROOT/spectralMol/merged_fresh_repro_20260818_083101/guacamol_mpo_v3/seed_14/task_13_Perindopril_MPO/compare_GuacaMol_20260818_115807/runs/graphga/seed_14/2026_08_18_graphGA_benchmark_12_17_29/2026_08_18_graphGA_Perindopril_MPO/scores.csv	PORTABLE_USER_ROOT/spectralMol/merged_fresh_repro_20260818_083101/guacamol_mpo_v3/seed_14/task_13_Perindopril_MPO/compare_GuacaMol_20260818_115807/comparison_task_best_seed_summary.tsv
14	13	Perindopril_MPO	mpo	spectralmol	14	0.420084	0.004544327955655038	128256	1	gmean	PORTABLE_USER_ROOT/spectralMol/merged_fresh_repro_20260818_083101/guacamol_mpo_v3/seed_14/task_13_Perindopril_MPO/compare_GuacaMol_20260818_115807/runs/spectralmol/seed_14/case_GuacaMol_20260818_115808/benchmark_runs/2026_08_18_evolution_ga_benchmark_11_58_11/2026_08_18_evolution_ga_Perindopril_MPO/scores.csv	PORTABLE_USER_ROOT/spectralMol/merged_fresh_repro_20260818_083101/guacamol_mpo_v3/seed_14/task_13_Perindopril_MPO/compare_GuacaMol_20260818_115807/comparison_task_best_seed_summary.tsv
14	14	Amlodipine_MPO	mpo	spectralmol	14	0.905663	0.02716545038338492	128256	1	gmean	PORTABLE_USER_ROOT/spectralMol/merged_fresh_repro_20260818_083101/guacamol_mpo_v3/seed_14/task_14_Amlodipine_MPO/compare_GuacaMol_20260818_115925/runs/spectralmol/seed_14/case_GuacaMol_20260818_115926/benchmark_runs/2026_08_18_evolution_ga_benchmark_11_59_30/2026_08_18_evolution_ga_Amlodipine_MPO/scores.csv	PORTABLE_USER_ROOT/spectralMol/merged_fresh_repro_20260818_083101/guacamol_mpo_v3/seed_14/task_14_Amlodipine_MPO/compare_GuacaMol_20260818_115925/comparison_task_best_seed_summary.tsv
14	14	Amlodipine_MPO	mpo	graphga	14	0.851170	0.6277228504332208	243161	1	gmean	PORTABLE_USER_ROOT/spectralMol/merged_fresh_repro_20260818_083101/guacamol_mpo_v3/seed_14/task_14_Amlodipine_MPO/compare_GuacaMol_20260818_115925/runs/graphga/seed_14/2026_08_18_graphGA_benchmark_12_41_51/2026_08_18_graphGA_Amlodipine_MPO/scores.csv	PORTABLE_USER_ROOT/spectralMol/merged_fresh_repro_20260818_083101/guacamol_mpo_v3/seed_14/task_14_Amlodipine_MPO/compare_GuacaMol_20260818_115925/comparison_task_best_seed_summary.tsv
14	15	Sitagliptin_MPO	mpo	graphga	14	0.796133	0.4377072477001358	239098	1	gmean	PORTABLE_USER_ROOT/spectralMol/merged_fresh_repro_20260818_083101/guacamol_mpo_v3/seed_14/task_15_Sitagliptin_MPO/compare_GuacaMol_20260818_120056/runs/graphga/seed_14/2026_08_18_graphGA_benchmark_12_41_35/2026_08_18_graphGA_Sitagliptin_MPO/scores.csv	PORTABLE_USER_ROOT/spectralMol/merged_fresh_repro_20260818_083101/guacamol_mpo_v3/seed_14/task_15_Sitagliptin_MPO/compare_GuacaMol_20260818_120056/comparison_task_best_seed_summary.tsv
14	15	Sitagliptin_MPO	mpo	spectralmol	14	0.775089	0.026862316222857372	128256	1	gmean	PORTABLE_USER_ROOT/spectralMol/merged_fresh_repro_20260818_083101/guacamol_mpo_v3/seed_14/task_15_Sitagliptin_MPO/compare_GuacaMol_20260818_120056/runs/spectralmol/seed_14/case_GuacaMol_20260818_120057/benchmark_runs/2026_08_18_evolution_ga_benchmark_12_01_01/2026_08_18_evolution_ga_Sitagliptin_MPO/scores.csv	PORTABLE_USER_ROOT/spectralMol/merged_fresh_repro_20260818_083101/guacamol_mpo_v3/seed_14/task_15_Sitagliptin_MPO/compare_GuacaMol_20260818_120056/comparison_task_best_seed_summary.tsv
14	16	Zaleplon_MPO	mpo	spectralmol	14	0.693637	0.006220768142952693	128256	1	gmean	PORTABLE_USER_ROOT/spectralMol/merged_fresh_repro_20260818_083101/guacamol_mpo_v3/seed_14/task_16_Zaleplon_MPO/compare_GuacaMol_20260818_120255/runs/spectralmol/seed_14/case_GuacaMol_20260818_120256/benchmark_runs/2026_08_18_evolution_ga_benchmark_12_02_59/2026_08_18_evolution_ga_Zaleplon_MPO/scores.csv	PORTABLE_USER_ROOT/spectralMol/merged_fresh_repro_20260818_083101/guacamol_mpo_v3/seed_14/task_16_Zaleplon_MPO/compare_GuacaMol_20260818_120255/comparison_task_best_seed_summary.tsv
14	16	Zaleplon_MPO	mpo	graphga	14	0.560112	0.3552992056370353	230085	1	gmean	PORTABLE_USER_ROOT/spectralMol/merged_fresh_repro_20260818_083101/guacamol_mpo_v3/seed_14/task_16_Zaleplon_MPO/compare_GuacaMol_20260818_120255/runs/graphga/seed_14/2026_08_18_graphGA_benchmark_12_22_15/2026_08_18_graphGA_Zaleplon_MPO/scores.csv	PORTABLE_USER_ROOT/spectralMol/merged_fresh_repro_20260818_083101/guacamol_mpo_v3/seed_14/task_16_Zaleplon_MPO/compare_GuacaMol_20260818_120255/comparison_task_best_seed_summary.tsv
14	17	Valsartan_smarts	smarts	graphga	14	0.031591	0.018823607048650836	228098	1	gmean	PORTABLE_USER_ROOT/spectralMol/merged_fresh_repro_20260818_083101/guacamol_mpo_v3/seed_14/task_17_Valsartan_smarts/compare_GuacaMol_20260818_120259/runs/graphga/seed_14/2026_08_18_graphGA_benchmark_12_23_27/2026_08_18_graphGA_Valsartan_smarts/scores.csv	PORTABLE_USER_ROOT/spectralMol/merged_fresh_repro_20260818_083101/guacamol_mpo_v3/seed_14/task_17_Valsartan_smarts/compare_GuacaMol_20260818_120259/comparison_task_best_seed_summary.tsv
14	17	Valsartan_smarts	smarts	spectralmol	14	0.031444	0.00021543692403709755	128256	1	gmean	PORTABLE_USER_ROOT/spectralMol/merged_fresh_repro_20260818_083101/guacamol_mpo_v3/seed_14/task_17_Valsartan_smarts/compare_GuacaMol_20260818_120259/runs/spectralmol/seed_14/case_GuacaMol_20260818_120300/benchmark_runs/2026_08_18_evolution_ga_benchmark_12_03_02/2026_08_18_evolution_ga_Valsartan_smarts/scores.csv	PORTABLE_USER_ROOT/spectralMol/merged_fresh_repro_20260818_083101/guacamol_mpo_v3/seed_14/task_17_Valsartan_smarts/compare_GuacaMol_20260818_120259/comparison_task_best_seed_summary.tsv
14	18	Deco_hop	hopping	graphga	14	0.750000	0.6846310908350429	242524	1	amean	PORTABLE_USER_ROOT/spectralMol/merged_fresh_repro_20260818_083101/guacamol_mpo_v3/seed_14/task_18_Deco_hop/compare_GuacaMol_20260818_120513/runs/graphga/seed_14/2026_08_18_graphGA_benchmark_12_23_23/2026_08_18_graphGA_Deco_hop/scores.csv	PORTABLE_USER_ROOT/spectralMol/merged_fresh_repro_20260818_083101/guacamol_mpo_v3/seed_14/task_18_Deco_hop/compare_GuacaMol_20260818_120513/comparison_task_best_seed_summary.tsv
14	18	Deco_hop	hopping	spectralmol	14	0.617955	0.5012097598283128	128256	1	amean	PORTABLE_USER_ROOT/spectralMol/merged_fresh_repro_20260818_083101/guacamol_mpo_v3/seed_14/task_18_Deco_hop/compare_GuacaMol_20260818_120513/runs/spectralmol/seed_14/case_GuacaMol_20260818_120514/benchmark_runs/2026_08_18_evolution_ga_benchmark_12_05_17/2026_08_18_evolution_ga_Deco_hop/scores.csv	PORTABLE_USER_ROOT/spectralMol/merged_fresh_repro_20260818_083101/guacamol_mpo_v3/seed_14/task_18_Deco_hop/compare_GuacaMol_20260818_120513/comparison_task_best_seed_summary.tsv
14	19	Scaffold_hop	hopping	spectralmol	14	0.666667	0.34325574802528047	128256	1	amean	PORTABLE_USER_ROOT/spectralMol/merged_fresh_repro_20260818_083101/guacamol_mpo_v3/seed_14/task_19_Scaffold_hop/compare_GuacaMol_20260818_120713/runs/spectralmol/seed_14/case_GuacaMol_20260818_120714/benchmark_runs/2026_08_18_evolution_ga_benchmark_12_07_17/2026_08_18_evolution_ga_Scaffold_hop/scores.csv	PORTABLE_USER_ROOT/spectralMol/merged_fresh_repro_20260818_083101/guacamol_mpo_v3/seed_14/task_19_Scaffold_hop/compare_GuacaMol_20260818_120713/comparison_task_best_seed_summary.tsv
14	19	Scaffold_hop	hopping	graphga	14	0.648094	0.5629313253443611	249454	1	amean	PORTABLE_USER_ROOT/spectralMol/merged_fresh_repro_20260818_083101/guacamol_mpo_v3/seed_14/task_19_Scaffold_hop/compare_GuacaMol_20260818_120713/runs/graphga/seed_14/2026_08_18_graphGA_benchmark_12_28_30/2026_08_18_graphGA_Scaffold_hop/scores.csv	PORTABLE_USER_ROOT/spectralMol/merged_fresh_repro_20260818_083101/guacamol_mpo_v3/seed_14/task_19_Scaffold_hop/compare_GuacaMol_20260818_120713/comparison_task_best_seed_summary.tsv
14	1	Troglitazone_rediscovery	rediscovery	spectralmol	14	1.000000	0.0723191434431669	128256	1	single	PORTABLE_USER_ROOT/spectralMol/merged_fresh_repro_20260818_083101/guacamol_mpo_v3/seed_14/task_1_Troglitazone_rediscovery/compare_GuacaMol_20260818_113257/runs/spectralmol/seed_14/case_GuacaMol_20260818_113258/benchmark_runs/2026_08_18_evolution_ga_benchmark_11_33_02/2026_08_18_evolution_ga_Troglitazone_rediscovery/scores.csv	PORTABLE_USER_ROOT/spectralMol/merged_fresh_repro_20260818_083101/guacamol_mpo_v3/seed_14/task_1_Troglitazone_rediscovery/compare_GuacaMol_20260818_113257/comparison_task_best_seed_summary.tsv
14	1	Troglitazone_rediscovery	rediscovery	graphga	14	0.513761	0.4009833574042499	222698	1	single	PORTABLE_USER_ROOT/spectralMol/merged_fresh_repro_20260818_083101/guacamol_mpo_v3/seed_14/task_1_Troglitazone_rediscovery/compare_GuacaMol_20260818_113257/runs/graphga/seed_14/2026_08_18_graphGA_benchmark_12_17_00/2026_08_18_graphGA_Troglitazone_rediscovery/scores.csv	PORTABLE_USER_ROOT/spectralMol/merged_fresh_repro_20260818_083101/guacamol_mpo_v3/seed_14/task_1_Troglitazone_rediscovery/compare_GuacaMol_20260818_113257/comparison_task_best_seed_summary.tsv
14	2	Thiothixene_rediscovery	rediscovery	spectralmol	14	1.000000	0.06270558261471967	128256	1	single	PORTABLE_USER_ROOT/spectralMol/merged_fresh_repro_20260818_083101/guacamol_mpo_v3/seed_14/task_2_Thiothixene_rediscovery/compare_GuacaMol_20260818_113354/runs/spectralmol/seed_14/case_GuacaMol_20260818_113355/benchmark_runs/2026_08_18_evolution_ga_benchmark_11_33_58/2026_08_18_evolution_ga_Thiothixene_rediscovery/scores.csv	PORTABLE_USER_ROOT/spectralMol/merged_fresh_repro_20260818_083101/guacamol_mpo_v3/seed_14/task_2_Thiothixene_rediscovery/compare_GuacaMol_20260818_113354/comparison_task_best_seed_summary.tsv
14	2	Thiothixene_rediscovery	rediscovery	graphga	14	0.686869	0.5686118149216292	189343	1	single	PORTABLE_USER_ROOT/spectralMol/merged_fresh_repro_20260818_083101/guacamol_mpo_v3/seed_14/task_2_Thiothixene_rediscovery/compare_GuacaMol_20260818_113354/runs/graphga/seed_14/2026_08_18_graphGA_benchmark_11_57_26/2026_08_18_graphGA_Thiothixene_rediscovery/scores.csv	PORTABLE_USER_ROOT/spectralMol/merged_fresh_repro_20260818_083101/guacamol_mpo_v3/seed_14/task_2_Thiothixene_rediscovery/compare_GuacaMol_20260818_113354/comparison_task_best_seed_summary.tsv
14	3	Aripiprazole_similarity	similarity	spectralmol	14	1.000000	0.09910255066935628	128256	1	single	PORTABLE_USER_ROOT/spectralMol/merged_fresh_repro_20260818_083101/guacamol_mpo_v3/seed_14/task_3_Aripiprazole_similarity/compare_GuacaMol_20260818_113642/runs/spectralmol/seed_14/case_GuacaMol_20260818_113643/benchmark_runs/2026_08_18_evolution_ga_benchmark_11_36_46/2026_08_18_evolution_ga_Aripiprazole_similarity/scores.csv	PORTABLE_USER_ROOT/spectralMol/merged_fresh_repro_20260818_083101/guacamol_mpo_v3/seed_14/task_3_Aripiprazole_similarity/compare_GuacaMol_20260818_113642/comparison_task_best_seed_summary.tsv
14	3	Aripiprazole_similarity	similarity	graphga	14	0.920962	0.7409268320035641	215130	1	single	PORTABLE_USER_ROOT/spectralMol/merged_fresh_repro_20260818_083101/guacamol_mpo_v3/seed_14/task_3_Aripiprazole_similarity/compare_GuacaMol_20260818_113642/runs/graphga/seed_14/2026_08_18_graphGA_benchmark_12_00_11/2026_08_18_graphGA_Aripiprazole_similarity/scores.csv	PORTABLE_USER_ROOT/spectralMol/merged_fresh_repro_20260818_083101/guacamol_mpo_v3/seed_14/task_3_Aripiprazole_similarity/compare_GuacaMol_20260818_113642/comparison_task_best_seed_summary.tsv
14	4	Albuterol_similarity	similarity	graphga	14	1.000000	0.790898581819292	242138	1	single	PORTABLE_USER_ROOT/spectralMol/merged_fresh_repro_20260818_083101/guacamol_mpo_v3/seed_14/task_4_Albuterol_similarity/compare_GuacaMol_20260818_113703/runs/graphga/seed_14/2026_08_18_graphGA_benchmark_11_53_58/2026_08_18_graphGA_Albuterol_similarity/scores.csv	PORTABLE_USER_ROOT/spectralMol/merged_fresh_repro_20260818_083101/guacamol_mpo_v3/seed_14/task_4_Albuterol_similarity/compare_GuacaMol_20260818_113703/comparison_task_best_seed_summary.tsv
14	4	Albuterol_similarity	similarity	spectralmol	14	0.568306	0.1750214886699272	128256	1	single	PORTABLE_USER_ROOT/spectralMol/merged_fresh_repro_20260818_083101/guacamol_mpo_v3/seed_14/task_4_Albuterol_similarity/compare_GuacaMol_20260818_113703/runs/spectralmol/seed_14/case_GuacaMol_20260818_113704/benchmark_runs/2026_08_18_evolution_ga_benchmark_11_37_07/2026_08_18_evolution_ga_Albuterol_similarity/scores.csv	PORTABLE_USER_ROOT/spectralMol/merged_fresh_repro_20260818_083101/guacamol_mpo_v3/seed_14/task_4_Albuterol_similarity/compare_GuacaMol_20260818_113703/comparison_task_best_seed_summary.tsv
14	5	Mestranol_similarity	similarity	spectralmol	14	1.000000	0.06315358715077284	128256	1	single	PORTABLE_USER_ROOT/spectralMol/merged_fresh_repro_20260818_083101/guacamol_mpo_v3/seed_14/task_5_Mestranol_similarity/compare_GuacaMol_20260818_113905/runs/spectralmol/seed_14/case_GuacaMol_20260818_113906/benchmark_runs/2026_08_18_evolution_ga_benchmark_11_39_09/2026_08_18_evolution_ga_Mestranol_similarity/scores.csv	PORTABLE_USER_ROOT/spectralMol/merged_fresh_repro_20260818_083101/guacamol_mpo_v3/seed_14/task_5_Mestranol_similarity/compare_GuacaMol_20260818_113905/comparison_task_best_seed_summary.tsv
14	5	Mestranol_similarity	similarity	graphga	14	0.756447	0.5909222957483292	220112	1	single	PORTABLE_USER_ROOT/spectralMol/merged_fresh_repro_20260818_083101/guacamol_mpo_v3/seed_14/task_5_Mestranol_similarity/compare_GuacaMol_20260818_113905/runs/graphga/seed_14/2026_08_18_graphGA_benchmark_11_56_31/2026_08_18_graphGA_Mestranol_similarity/scores.csv	PORTABLE_USER_ROOT/spectralMol/merged_fresh_repro_20260818_083101/guacamol_mpo_v3/seed_14/task_5_Mestranol_similarity/compare_GuacaMol_20260818_113905/comparison_task_best_seed_summary.tsv
14	6	C11H24	isomer	graphga	14	1.000000	0.6781619115816956	179068	1	single	PORTABLE_USER_ROOT/spectralMol/merged_fresh_repro_20260818_083101/guacamol_mpo_v3/seed_14/task_6_C11H24/compare_GuacaMol_20260818_114143/runs/graphga/seed_14/2026_08_18_graphGA_benchmark_12_01_38/2026_08_18_graphGA_C11H24/scores.csv	PORTABLE_USER_ROOT/spectralMol/merged_fresh_repro_20260818_083101/guacamol_mpo_v3/seed_14/task_6_C11H24/compare_GuacaMol_20260818_114143/comparison_task_best_seed_summary.tsv
14	6	C11H24	isomer	spectralmol	14	1.000000	0.0589393491875228	128256	1	single	PORTABLE_USER_ROOT/spectralMol/merged_fresh_repro_20260818_083101/guacamol_mpo_v3/seed_14/task_6_C11H24/compare_GuacaMol_20260818_114143/runs/spectralmol/seed_14/case_GuacaMol_20260818_114144/benchmark_runs/2026_08_18_evolution_ga_benchmark_11_41_47/2026_08_18_evolution_ga_C11H24/scores.csv	PORTABLE_USER_ROOT/spectralMol/merged_fresh_repro_20260818_083101/guacamol_mpo_v3/seed_14/task_6_C11H24/compare_GuacaMol_20260818_114143/comparison_task_best_seed_summary.tsv
14	7	C9H10N2O2PF2Cl	isomer	graphga	14	0.924849	0.600690596500021	241518	1	single	PORTABLE_USER_ROOT/spectralMol/merged_fresh_repro_20260818_083101/guacamol_mpo_v3/seed_14/task_7_C9H10N2O2PF2Cl/compare_GuacaMol_20260818_114711/runs/graphga/seed_14/2026_08_18_graphGA_benchmark_12_00_44/2026_08_18_graphGA_C9H10N2O2PF2Cl/scores.csv	PORTABLE_USER_ROOT/spectralMol/merged_fresh_repro_20260818_083101/guacamol_mpo_v3/seed_14/task_7_C9H10N2O2PF2Cl/compare_GuacaMol_20260818_114711/comparison_task_best_seed_summary.tsv
14	7	C9H10N2O2PF2Cl	isomer	spectralmol	14	0.894839	0.11243609671827047	128256	1	single	PORTABLE_USER_ROOT/spectralMol/merged_fresh_repro_20260818_083101/guacamol_mpo_v3/seed_14/task_7_C9H10N2O2PF2Cl/compare_GuacaMol_20260818_114711/runs/spectralmol/seed_14/case_GuacaMol_20260818_114712/benchmark_runs/2026_08_18_evolution_ga_benchmark_11_47_15/2026_08_18_evolution_ga_C9H10N2O2PF2Cl/scores.csv	PORTABLE_USER_ROOT/spectralMol/merged_fresh_repro_20260818_083101/guacamol_mpo_v3/seed_14/task_7_C9H10N2O2PF2Cl/compare_GuacaMol_20260818_114711/comparison_task_best_seed_summary.tsv
14	8	Median_molecules_1	median	spectralmol	14	0.406780	0.06028563770275179	128256	1	gmean	PORTABLE_USER_ROOT/spectralMol/merged_fresh_repro_20260818_083101/guacamol_mpo_v3/seed_14/task_8_Median_molecules_1/compare_GuacaMol_20260818_114814/runs/spectralmol/seed_14/case_GuacaMol_20260818_114816/benchmark_runs/2026_08_18_evolution_ga_benchmark_11_48_24/2026_08_18_evolution_ga_Median_molecules_1/scores.csv	PORTABLE_USER_ROOT/spectralMol/merged_fresh_repro_20260818_083101/guacamol_mpo_v3/seed_14/task_8_Median_molecules_1/compare_GuacaMol_20260818_114814/comparison_task_best_seed_summary.tsv
14	8	Median_molecules_1	median	graphga	14	0.400000	0.2706752040409119	229114	1	gmean	PORTABLE_USER_ROOT/spectralMol/merged_fresh_repro_20260818_083101/guacamol_mpo_v3/seed_14/task_8_Median_molecules_1/compare_GuacaMol_20260818_114814/runs/graphga/seed_14/2026_08_18_graphGA_benchmark_12_50_27/2026_08_18_graphGA_Median_molecules_1/scores.csv	PORTABLE_USER_ROOT/spectralMol/merged_fresh_repro_20260818_083101/guacamol_mpo_v3/seed_14/task_8_Median_molecules_1/compare_GuacaMol_20260818_114814/comparison_task_best_seed_summary.tsv
14	9	Median_molecules_2	median	spectralmol	14	0.402709	0.03609843620253272	128256	1	gmean	PORTABLE_USER_ROOT/spectralMol/merged_fresh_repro_20260818_083101/guacamol_mpo_v3/seed_14/task_9_Median_molecules_2/compare_GuacaMol_20260818_115011/runs/spectralmol/seed_14/case_GuacaMol_20260818_115012/benchmark_runs/2026_08_18_evolution_ga_benchmark_11_50_16/2026_08_18_evolution_ga_Median_molecules_2/scores.csv	PORTABLE_USER_ROOT/spectralMol/merged_fresh_repro_20260818_083101/guacamol_mpo_v3/seed_14/task_9_Median_molecules_2/compare_GuacaMol_20260818_115011/comparison_task_best_seed_summary.tsv
14	9	Median_molecules_2	median	graphga	14	0.352222	0.28578888782045564	211242	1	gmean	PORTABLE_USER_ROOT/spectralMol/merged_fresh_repro_20260818_083101/guacamol_mpo_v3/seed_14/task_9_Median_molecules_2/compare_GuacaMol_20260818_115011/runs/graphga/seed_14/2026_08_18_graphGA_benchmark_13_13_57/2026_08_18_graphGA_Median_molecules_2/scores.csv	PORTABLE_USER_ROOT/spectralMol/merged_fresh_repro_20260818_083101/guacamol_mpo_v3/seed_14/task_9_Median_molecules_2/compare_GuacaMol_20260818_115011/comparison_task_best_seed_summary.tsv
15	0	Celecoxib_rediscovery	rediscovery	graphga	15	1.000000	0.740210940335881	212859	1	single	PORTABLE_USER_ROOT/spectralMol/merged_fresh_repro_20260818_083101/guacamol_mpo_v3/seed_15/task_0_Celecoxib_rediscovery/compare_GuacaMol_20260818_120716/runs/graphga/seed_15/2026_08_18_graphGA_benchmark_12_31_25/2026_08_18_graphGA_Celecoxib_rediscovery/scores.csv	PORTABLE_USER_ROOT/spectralMol/merged_fresh_repro_20260818_083101/guacamol_mpo_v3/seed_15/task_0_Celecoxib_rediscovery/compare_GuacaMol_20260818_120716/comparison_task_best_seed_summary.tsv
15	0	Celecoxib_rediscovery	rediscovery	spectralmol	15	1.000000	0.05664753832127231	128256	1	single	PORTABLE_USER_ROOT/spectralMol/merged_fresh_repro_20260818_083101/guacamol_mpo_v3/seed_15/task_0_Celecoxib_rediscovery/compare_GuacaMol_20260818_120716/runs/spectralmol/seed_15/case_GuacaMol_20260818_120717/benchmark_runs/2026_08_18_evolution_ga_benchmark_12_07_20/2026_08_18_evolution_ga_Celecoxib_rediscovery/scores.csv	PORTABLE_USER_ROOT/spectralMol/merged_fresh_repro_20260818_083101/guacamol_mpo_v3/seed_15/task_0_Celecoxib_rediscovery/compare_GuacaMol_20260818_120716/comparison_task_best_seed_summary.tsv
15	10	Osimertinib_MPO	mpo	spectralmol	15	0.989039	0.1286302576032699	128256	1	gmean	PORTABLE_USER_ROOT/spectralMol/merged_fresh_repro_20260818_083101/guacamol_mpo_v3/seed_15/task_10_Osimertinib_MPO/compare_GuacaMol_20260818_123641/runs/spectralmol/seed_15/case_GuacaMol_20260818_123642/benchmark_runs/2026_08_18_evolution_ga_benchmark_12_36_45/2026_08_18_evolution_ga_Osimertinib_MPO/scores.csv	PORTABLE_USER_ROOT/spectralMol/merged_fresh_repro_20260818_083101/guacamol_mpo_v3/seed_15/task_10_Osimertinib_MPO/compare_GuacaMol_20260818_123641/comparison_task_best_seed_summary.tsv
15	10	Osimertinib_MPO	mpo	graphga	15	0.926723	0.7142499283640183	238030	1	gmean	PORTABLE_USER_ROOT/spectralMol/merged_fresh_repro_20260818_083101/guacamol_mpo_v3/seed_15/task_10_Osimertinib_MPO/compare_GuacaMol_20260818_123641/runs/graphga/seed_15/2026_08_18_graphGA_benchmark_12_54_28/2026_08_18_graphGA_Osimertinib_MPO/scores.csv	PORTABLE_USER_ROOT/spectralMol/merged_fresh_repro_20260818_083101/guacamol_mpo_v3/seed_15/task_10_Osimertinib_MPO/compare_GuacaMol_20260818_123641/comparison_task_best_seed_summary.tsv
15	11	Fexofenadine_MPO	mpo	spectralmol	15	1.000000	0.1719190660307986	128256	1	gmean	PORTABLE_USER_ROOT/spectralMol/merged_fresh_repro_20260818_083101/guacamol_mpo_v3/seed_15/task_11_Fexofenadine_MPO/compare_GuacaMol_20260818_123652/runs/spectralmol/seed_15/case_GuacaMol_20260818_123653/benchmark_runs/2026_08_18_evolution_ga_benchmark_12_36_56/2026_08_18_evolution_ga_Fexofenadine_MPO/scores.csv	PORTABLE_USER_ROOT/spectralMol/merged_fresh_repro_20260818_083101/guacamol_mpo_v3/seed_15/task_11_Fexofenadine_MPO/compare_GuacaMol_20260818_123652/comparison_task_best_seed_summary.tsv
15	11	Fexofenadine_MPO	mpo	graphga	15	0.881290	0.675544752265661	216716	1	gmean	PORTABLE_USER_ROOT/spectralMol/merged_fresh_repro_20260818_083101/guacamol_mpo_v3/seed_15/task_11_Fexofenadine_MPO/compare_GuacaMol_20260818_123652/runs/graphga/seed_15/2026_08_18_graphGA_benchmark_12_57_09/2026_08_18_graphGA_Fexofenadine_MPO/scores.csv	PORTABLE_USER_ROOT/spectralMol/merged_fresh_repro_20260818_083101/guacamol_mpo_v3/seed_15/task_11_Fexofenadine_MPO/compare_GuacaMol_20260818_123652/comparison_task_best_seed_summary.tsv
15	12	Ranolazine_MPO	mpo	graphga	15	0.884040	0.62220587215757	244388	1	gmean	PORTABLE_USER_ROOT/spectralMol/merged_fresh_repro_20260818_083101/guacamol_mpo_v3/seed_15/task_12_Ranolazine_MPO/compare_GuacaMol_20260818_124023/runs/graphga/seed_15/2026_08_18_graphGA_benchmark_12_57_03/2026_08_18_graphGA_Ranolazine_MPO/scores.csv	PORTABLE_USER_ROOT/spectralMol/merged_fresh_repro_20260818_083101/guacamol_mpo_v3/seed_15/task_12_Ranolazine_MPO/compare_GuacaMol_20260818_124023/comparison_task_best_seed_summary.tsv
15	12	Ranolazine_MPO	mpo	spectralmol	15	0.800139	0.0698516745358938	128256	1	gmean	PORTABLE_USER_ROOT/spectralMol/merged_fresh_repro_20260818_083101/guacamol_mpo_v3/seed_15/task_12_Ranolazine_MPO/compare_GuacaMol_20260818_124023/runs/spectralmol/seed_15/case_GuacaMol_20260818_124024/benchmark_runs/2026_08_18_evolution_ga_benchmark_12_40_27/2026_08_18_evolution_ga_Ranolazine_MPO/scores.csv	PORTABLE_USER_ROOT/spectralMol/merged_fresh_repro_20260818_083101/guacamol_mpo_v3/seed_15/task_12_Ranolazine_MPO/compare_GuacaMol_20260818_124023/comparison_task_best_seed_summary.tsv
15	13	Perindopril_MPO	mpo	graphga	15	0.723143	0.5297199974867411	229480	1	gmean	PORTABLE_USER_ROOT/spectralMol/merged_fresh_repro_20260818_083101/guacamol_mpo_v3/seed_15/task_13_Perindopril_MPO/compare_GuacaMol_20260818_124545/runs/graphga/seed_15/2026_08_18_graphGA_benchmark_13_23_51/2026_08_18_graphGA_Perindopril_MPO/scores.csv	PORTABLE_USER_ROOT/spectralMol/merged_fresh_repro_20260818_083101/guacamol_mpo_v3/seed_15/task_13_Perindopril_MPO/compare_GuacaMol_20260818_124545/comparison_task_best_seed_summary.tsv
15	13	Perindopril_MPO	mpo	spectralmol	15	0.420084	0.00465451725690276	128256	1	gmean	PORTABLE_USER_ROOT/spectralMol/merged_fresh_repro_20260818_083101/guacamol_mpo_v3/seed_15/task_13_Perindopril_MPO/compare_GuacaMol_20260818_124545/runs/spectralmol/seed_15/case_GuacaMol_20260818_124545/benchmark_runs/2026_08_18_evolution_ga_benchmark_12_45_50/2026_08_18_evolution_ga_Perindopril_MPO/scores.csv	PORTABLE_USER_ROOT/spectralMol/merged_fresh_repro_20260818_083101/guacamol_mpo_v3/seed_15/task_13_Perindopril_MPO/compare_GuacaMol_20260818_124545/comparison_task_best_seed_summary.tsv
15	14	Amlodipine_MPO	mpo	spectralmol	15	0.904534	0.021538351059001256	128256	1	gmean	PORTABLE_USER_ROOT/spectralMol/merged_fresh_repro_20260818_083101/guacamol_mpo_v3/seed_15/task_14_Amlodipine_MPO/compare_GuacaMol_20260818_124631/runs/spectralmol/seed_15/case_GuacaMol_20260818_124632/benchmark_runs/2026_08_18_evolution_ga_benchmark_12_46_38/2026_08_18_evolution_ga_Amlodipine_MPO/scores.csv	PORTABLE_USER_ROOT/spectralMol/merged_fresh_repro_20260818_083101/guacamol_mpo_v3/seed_15/task_14_Amlodipine_MPO/compare_GuacaMol_20260818_124631/comparison_task_best_seed_summary.tsv
15	14	Amlodipine_MPO	mpo	graphga	15	0.837931	0.6450220300449415	241348	1	gmean	PORTABLE_USER_ROOT/spectralMol/merged_fresh_repro_20260818_083101/guacamol_mpo_v3/seed_15/task_14_Amlodipine_MPO/compare_GuacaMol_20260818_124631/runs/graphga/seed_15/2026_08_18_graphGA_benchmark_13_06_30/2026_08_18_graphGA_Amlodipine_MPO/scores.csv	PORTABLE_USER_ROOT/spectralMol/merged_fresh_repro_20260818_083101/guacamol_mpo_v3/seed_15/task_14_Amlodipine_MPO/compare_GuacaMol_20260818_124631/comparison_task_best_seed_summary.tsv
15	15	Sitagliptin_MPO	mpo	graphga	15	0.744101	0.48420194084904616	201556	1	gmean	PORTABLE_USER_ROOT/spectralMol/merged_fresh_repro_20260818_083101/guacamol_mpo_v3/seed_15/task_15_Sitagliptin_MPO/compare_GuacaMol_20260818_124705/runs/graphga/seed_15/2026_08_18_graphGA_benchmark_13_05_58/2026_08_18_graphGA_Sitagliptin_MPO/scores.csv	PORTABLE_USER_ROOT/spectralMol/merged_fresh_repro_20260818_083101/guacamol_mpo_v3/seed_15/task_15_Sitagliptin_MPO/compare_GuacaMol_20260818_124705/comparison_task_best_seed_summary.tsv
15	15	Sitagliptin_MPO	mpo	spectralmol	15	0.742877	0.013478555141538971	128256	1	gmean	PORTABLE_USER_ROOT/spectralMol/merged_fresh_repro_20260818_083101/guacamol_mpo_v3/seed_15/task_15_Sitagliptin_MPO/compare_GuacaMol_20260818_124705/runs/spectralmol/seed_15/case_GuacaMol_20260818_124706/benchmark_runs/2026_08_18_evolution_ga_benchmark_12_47_09/2026_08_18_evolution_ga_Sitagliptin_MPO/scores.csv	PORTABLE_USER_ROOT/spectralMol/merged_fresh_repro_20260818_083101/guacamol_mpo_v3/seed_15/task_15_Sitagliptin_MPO/compare_GuacaMol_20260818_124705/comparison_task_best_seed_summary.tsv
15	16	Zaleplon_MPO	mpo	spectralmol	15	0.698308	0.01457511611657239	128256	1	gmean	PORTABLE_USER_ROOT/spectralMol/merged_fresh_repro_20260818_083101/guacamol_mpo_v3/seed_15/task_16_Zaleplon_MPO/compare_GuacaMol_20260818_124748/runs/spectralmol/seed_15/case_GuacaMol_20260818_124749/benchmark_runs/2026_08_18_evolution_ga_benchmark_12_47_52/2026_08_18_evolution_ga_Zaleplon_MPO/scores.csv	PORTABLE_USER_ROOT/spectralMol/merged_fresh_repro_20260818_083101/guacamol_mpo_v3/seed_15/task_16_Zaleplon_MPO/compare_GuacaMol_20260818_124748/comparison_task_best_seed_summary.tsv
15	16	Zaleplon_MPO	mpo	graphga	15	0.551291	0.3458045635074627	235814	1	gmean	PORTABLE_USER_ROOT/spectralMol/merged_fresh_repro_20260818_083101/guacamol_mpo_v3/seed_15/task_16_Zaleplon_MPO/compare_GuacaMol_20260818_124748/runs/graphga/seed_15/2026_08_18_graphGA_benchmark_13_14_20/2026_08_18_graphGA_Zaleplon_MPO/scores.csv	PORTABLE_USER_ROOT/spectralMol/merged_fresh_repro_20260818_083101/guacamol_mpo_v3/seed_15/task_16_Zaleplon_MPO/compare_GuacaMol_20260818_124748/comparison_task_best_seed_summary.tsv
15	17	Valsartan_smarts	smarts	graphga	15	0.031538	0.020373563362232124	210360	1	gmean	PORTABLE_USER_ROOT/spectralMol/merged_fresh_repro_20260818_083101/guacamol_mpo_v3/seed_15/task_17_Valsartan_smarts/compare_GuacaMol_20260818_125001/runs/graphga/seed_15/2026_08_18_graphGA_benchmark_13_05_50/2026_08_18_graphGA_Valsartan_smarts/scores.csv	PORTABLE_USER_ROOT/spectralMol/merged_fresh_repro_20260818_083101/guacamol_mpo_v3/seed_15/task_17_Valsartan_smarts/compare_GuacaMol_20260818_125001/comparison_task_best_seed_summary.tsv
15	17	Valsartan_smarts	smarts	spectralmol	15	0.031263	0.00014365551122528137	128256	1	gmean	PORTABLE_USER_ROOT/spectralMol/merged_fresh_repro_20260818_083101/guacamol_mpo_v3/seed_15/task_17_Valsartan_smarts/compare_GuacaMol_20260818_125001/runs/spectralmol/seed_15/case_GuacaMol_20260818_125002/benchmark_runs/2026_08_18_evolution_ga_benchmark_12_50_04/2026_08_18_evolution_ga_Valsartan_smarts/scores.csv	PORTABLE_USER_ROOT/spectralMol/merged_fresh_repro_20260818_083101/guacamol_mpo_v3/seed_15/task_17_Valsartan_smarts/compare_GuacaMol_20260818_125001/comparison_task_best_seed_summary.tsv
15	18	Deco_hop	hopping	graphga	15	0.743270	0.6817138817724195	244641	1	amean	PORTABLE_USER_ROOT/spectralMol/merged_fresh_repro_20260818_083101/guacamol_mpo_v3/seed_15/task_18_Deco_hop/compare_GuacaMol_20260818_125125/runs/graphga/seed_15/2026_08_18_graphGA_benchmark_13_09_02/2026_08_18_graphGA_Deco_hop/scores.csv	PORTABLE_USER_ROOT/spectralMol/merged_fresh_repro_20260818_083101/guacamol_mpo_v3/seed_15/task_18_Deco_hop/compare_GuacaMol_20260818_125125/comparison_task_best_seed_summary.tsv
15	18	Deco_hop	hopping	spectralmol	15	0.617955	0.5012635867340087	128256	1	amean	PORTABLE_USER_ROOT/spectralMol/merged_fresh_repro_20260818_083101/guacamol_mpo_v3/seed_15/task_18_Deco_hop/compare_GuacaMol_20260818_125125/runs/spectralmol/seed_15/case_GuacaMol_20260818_125126/benchmark_runs/2026_08_18_evolution_ga_benchmark_12_51_29/2026_08_18_evolution_ga_Deco_hop/scores.csv	PORTABLE_USER_ROOT/spectralMol/merged_fresh_repro_20260818_083101/guacamol_mpo_v3/seed_15/task_18_Deco_hop/compare_GuacaMol_20260818_125125/comparison_task_best_seed_summary.tsv
15	19	Scaffold_hop	hopping	spectralmol	15	0.666667	0.3539551028172874	128256	1	amean	PORTABLE_USER_ROOT/spectralMol/merged_fresh_repro_20260818_083101/guacamol_mpo_v3/seed_15/task_19_Scaffold_hop/compare_GuacaMol_20260818_125241/runs/spectralmol/seed_15/case_GuacaMol_20260818_125242/benchmark_runs/2026_08_18_evolution_ga_benchmark_12_52_45/2026_08_18_evolution_ga_Scaffold_hop/scores.csv	PORTABLE_USER_ROOT/spectralMol/merged_fresh_repro_20260818_083101/guacamol_mpo_v3/seed_15/task_19_Scaffold_hop/compare_GuacaMol_20260818_125241/comparison_task_best_seed_summary.tsv
15	19	Scaffold_hop	hopping	graphga	15	0.662262	0.5672411994594954	246086	1	amean	PORTABLE_USER_ROOT/spectralMol/merged_fresh_repro_20260818_083101/guacamol_mpo_v3/seed_15/task_19_Scaffold_hop/compare_GuacaMol_20260818_125241/runs/graphga/seed_15/2026_08_18_graphGA_benchmark_13_11_17/2026_08_18_graphGA_Scaffold_hop/scores.csv	PORTABLE_USER_ROOT/spectralMol/merged_fresh_repro_20260818_083101/guacamol_mpo_v3/seed_15/task_19_Scaffold_hop/compare_GuacaMol_20260818_125241/comparison_task_best_seed_summary.tsv
15	1	Troglitazone_rediscovery	rediscovery	spectralmol	15	1.000000	0.04440118061770712	128256	1	single	PORTABLE_USER_ROOT/spectralMol/merged_fresh_repro_20260818_083101/guacamol_mpo_v3/seed_15/task_1_Troglitazone_rediscovery/compare_GuacaMol_20260818_120904/runs/spectralmol/seed_15/case_GuacaMol_20260818_120905/benchmark_runs/2026_08_18_evolution_ga_benchmark_12_09_08/2026_08_18_evolution_ga_Troglitazone_rediscovery/scores.csv	PORTABLE_USER_ROOT/spectralMol/merged_fresh_repro_20260818_083101/guacamol_mpo_v3/seed_15/task_1_Troglitazone_rediscovery/compare_GuacaMol_20260818_120904/comparison_task_best_seed_summary.tsv
15	1	Troglitazone_rediscovery	rediscovery	graphga	15	0.537736	0.44132871681559993	215059	1	single	PORTABLE_USER_ROOT/spectralMol/merged_fresh_repro_20260818_083101/guacamol_mpo_v3/seed_15/task_1_Troglitazone_rediscovery/compare_GuacaMol_20260818_120904/runs/graphga/seed_15/2026_08_18_graphGA_benchmark_12_34_04/2026_08_18_graphGA_Troglitazone_rediscovery/scores.csv	PORTABLE_USER_ROOT/spectralMol/merged_fresh_repro_20260818_083101/guacamol_mpo_v3/seed_15/task_1_Troglitazone_rediscovery/compare_GuacaMol_20260818_120904/comparison_task_best_seed_summary.tsv
15	2	Thiothixene_rediscovery	rediscovery	graphga	15	1.000000	0.5710804021858591	198338	1	single	PORTABLE_USER_ROOT/spectralMol/merged_fresh_repro_20260818_083101/guacamol_mpo_v3/seed_15/task_2_Thiothixene_rediscovery/compare_GuacaMol_20260818_121105/runs/graphga/seed_15/2026_08_18_graphGA_benchmark_12_35_13/2026_08_18_graphGA_Thiothixene_rediscovery/scores.csv	PORTABLE_USER_ROOT/spectralMol/merged_fresh_repro_20260818_083101/guacamol_mpo_v3/seed_15/task_2_Thiothixene_rediscovery/compare_GuacaMol_20260818_121105/comparison_task_best_seed_summary.tsv
15	2	Thiothixene_rediscovery	rediscovery	spectralmol	15	1.000000	0.07840998143723021	128256	1	single	PORTABLE_USER_ROOT/spectralMol/merged_fresh_repro_20260818_083101/guacamol_mpo_v3/seed_15/task_2_Thiothixene_rediscovery/compare_GuacaMol_20260818_121105/runs/spectralmol/seed_15/case_GuacaMol_20260818_121106/benchmark_runs/2026_08_18_evolution_ga_benchmark_12_11_08/2026_08_18_evolution_ga_Thiothixene_rediscovery/scores.csv	PORTABLE_USER_ROOT/spectralMol/merged_fresh_repro_20260818_083101/guacamol_mpo_v3/seed_15/task_2_Thiothixene_rediscovery/compare_GuacaMol_20260818_121105/comparison_task_best_seed_summary.tsv
15	3	Aripiprazole_similarity	similarity	graphga	15	1.000000	0.7807237293951503	221650	1	single	PORTABLE_USER_ROOT/spectralMol/merged_fresh_repro_20260818_083101/guacamol_mpo_v3/seed_15/task_3_Aripiprazole_similarity/compare_GuacaMol_20260818_121212/runs/graphga/seed_15/2026_08_18_graphGA_benchmark_12_31_53/2026_08_18_graphGA_Aripiprazole_similarity/scores.csv	PORTABLE_USER_ROOT/spectralMol/merged_fresh_repro_20260818_083101/guacamol_mpo_v3/seed_15/task_3_Aripiprazole_similarity/compare_GuacaMol_20260818_121212/comparison_task_best_seed_summary.tsv
15	3	Aripiprazole_similarity	similarity	spectralmol	15	1.000000	0.07261925728954974	128256	1	single	PORTABLE_USER_ROOT/spectralMol/merged_fresh_repro_20260818_083101/guacamol_mpo_v3/seed_15/task_3_Aripiprazole_similarity/compare_GuacaMol_20260818_121212/runs/spectralmol/seed_15/case_GuacaMol_20260818_121213/benchmark_runs/2026_08_18_evolution_ga_benchmark_12_12_17/2026_08_18_evolution_ga_Aripiprazole_similarity/scores.csv	PORTABLE_USER_ROOT/spectralMol/merged_fresh_repro_20260818_083101/guacamol_mpo_v3/seed_15/task_3_Aripiprazole_similarity/compare_GuacaMol_20260818_121212/comparison_task_best_seed_summary.tsv
15	4	Albuterol_similarity	similarity	graphga	15	1.000000	0.791918190596862	248827	1	single	PORTABLE_USER_ROOT/spectralMol/merged_fresh_repro_20260818_083101/guacamol_mpo_v3/seed_15/task_4_Albuterol_similarity/compare_GuacaMol_20260818_121712/runs/graphga/seed_15/2026_08_18_graphGA_benchmark_12_59_06/2026_08_18_graphGA_Albuterol_similarity/scores.csv	PORTABLE_USER_ROOT/spectralMol/merged_fresh_repro_20260818_083101/guacamol_mpo_v3/seed_15/task_4_Albuterol_similarity/compare_GuacaMol_20260818_121712/comparison_task_best_seed_summary.tsv
15	4	Albuterol_similarity	similarity	spectralmol	15	0.592593	0.1712769716438336	128256	1	single	PORTABLE_USER_ROOT/spectralMol/merged_fresh_repro_20260818_083101/guacamol_mpo_v3/seed_15/task_4_Albuterol_similarity/compare_GuacaMol_20260818_121712/runs/spectralmol/seed_15/case_GuacaMol_20260818_121713/benchmark_runs/2026_08_18_evolution_ga_benchmark_12_17_17/2026_08_18_evolution_ga_Albuterol_similarity/scores.csv	PORTABLE_USER_ROOT/spectralMol/merged_fresh_repro_20260818_083101/guacamol_mpo_v3/seed_15/task_4_Albuterol_similarity/compare_GuacaMol_20260818_121712/comparison_task_best_seed_summary.tsv
15	5	Mestranol_similarity	similarity	graphga	15	1.000000	0.7013004831346841	206740	1	single	PORTABLE_USER_ROOT/spectralMol/merged_fresh_repro_20260818_083101/guacamol_mpo_v3/seed_15/task_5_Mestranol_similarity/compare_GuacaMol_20260818_122020/runs/graphga/seed_15/2026_08_18_graphGA_benchmark_12_43_56/2026_08_18_graphGA_Mestranol_similarity/scores.csv	PORTABLE_USER_ROOT/spectralMol/merged_fresh_repro_20260818_083101/guacamol_mpo_v3/seed_15/task_5_Mestranol_similarity/compare_GuacaMol_20260818_122020/comparison_task_best_seed_summary.tsv
15	5	Mestranol_similarity	similarity	spectralmol	15	1.000000	0.11031696459990219	128256	1	single	PORTABLE_USER_ROOT/spectralMol/merged_fresh_repro_20260818_083101/guacamol_mpo_v3/seed_15/task_5_Mestranol_similarity/compare_GuacaMol_20260818_122020/runs/spectralmol/seed_15/case_GuacaMol_20260818_122021/benchmark_runs/2026_08_18_evolution_ga_benchmark_12_20_24/2026_08_18_evolution_ga_Mestranol_similarity/scores.csv	PORTABLE_USER_ROOT/spectralMol/merged_fresh_repro_20260818_083101/guacamol_mpo_v3/seed_15/task_5_Mestranol_similarity/compare_GuacaMol_20260818_122020/comparison_task_best_seed_summary.tsv
15	6	C11H24	isomer	graphga	15	1.000000	0.5986065544924304	206449	1	single	PORTABLE_USER_ROOT/spectralMol/merged_fresh_repro_20260818_083101/guacamol_mpo_v3/seed_15/task_6_C11H24/compare_GuacaMol_20260818_122359/runs/graphga/seed_15/2026_08_18_graphGA_benchmark_12_46_46/2026_08_18_graphGA_C11H24/scores.csv	PORTABLE_USER_ROOT/spectralMol/merged_fresh_repro_20260818_083101/guacamol_mpo_v3/seed_15/task_6_C11H24/compare_GuacaMol_20260818_122359/comparison_task_best_seed_summary.tsv
15	6	C11H24	isomer	spectralmol	15	1.000000	0.07289878662458231	128256	1	single	PORTABLE_USER_ROOT/spectralMol/merged_fresh_repro_20260818_083101/guacamol_mpo_v3/seed_15/task_6_C11H24/compare_GuacaMol_20260818_122359/runs/spectralmol/seed_15/case_GuacaMol_20260818_122400/benchmark_runs/2026_08_18_evolution_ga_benchmark_12_24_03/2026_08_18_evolution_ga_C11H24/scores.csv	PORTABLE_USER_ROOT/spectralMol/merged_fresh_repro_20260818_083101/guacamol_mpo_v3/seed_15/task_6_C11H24/compare_GuacaMol_20260818_122359/comparison_task_best_seed_summary.tsv
15	7	C9H10N2O2PF2Cl	isomer	spectralmol	15	1.000000	0.1998161213116941	128256	1	single	PORTABLE_USER_ROOT/spectralMol/merged_fresh_repro_20260818_083101/guacamol_mpo_v3/seed_15/task_7_C9H10N2O2PF2Cl/compare_GuacaMol_20260818_122745/runs/spectralmol/seed_15/case_GuacaMol_20260818_122746/benchmark_runs/2026_08_18_evolution_ga_benchmark_12_27_50/2026_08_18_evolution_ga_C9H10N2O2PF2Cl/scores.csv	PORTABLE_USER_ROOT/spectralMol/merged_fresh_repro_20260818_083101/guacamol_mpo_v3/seed_15/task_7_C9H10N2O2PF2Cl/compare_GuacaMol_20260818_122745/comparison_task_best_seed_summary.tsv
15	7	C9H10N2O2PF2Cl	isomer	graphga	15	0.924849	0.6046502398571858	250250	1	single	PORTABLE_USER_ROOT/spectralMol/merged_fresh_repro_20260818_083101/guacamol_mpo_v3/seed_15/task_7_C9H10N2O2PF2Cl/compare_GuacaMol_20260818_122745/runs/graphga/seed_15/2026_08_18_graphGA_benchmark_12_57_55/2026_08_18_graphGA_C9H10N2O2PF2Cl/scores.csv	PORTABLE_USER_ROOT/spectralMol/merged_fresh_repro_20260818_083101/guacamol_mpo_v3/seed_15/task_7_C9H10N2O2PF2Cl/compare_GuacaMol_20260818_122745/comparison_task_best_seed_summary.tsv
15	8	Median_molecules_1	median	spectralmol	15	0.406780	0.06951970417401823	128256	1	gmean	PORTABLE_USER_ROOT/spectralMol/merged_fresh_repro_20260818_083101/guacamol_mpo_v3/seed_15/task_8_Median_molecules_1/compare_GuacaMol_20260818_123215/runs/spectralmol/seed_15/case_GuacaMol_20260818_123216/benchmark_runs/2026_08_18_evolution_ga_benchmark_12_32_20/2026_08_18_evolution_ga_Median_molecules_1/scores.csv	PORTABLE_USER_ROOT/spectralMol/merged_fresh_repro_20260818_083101/guacamol_mpo_v3/seed_15/task_8_Median_molecules_1/compare_GuacaMol_20260818_123215/comparison_task_best_seed_summary.tsv
15	8	Median_molecules_1	median	graphga	15	0.319438	0.25495806794322723	216447	1	gmean	PORTABLE_USER_ROOT/spectralMol/merged_fresh_repro_20260818_083101/guacamol_mpo_v3/seed_15/task_8_Median_molecules_1/compare_GuacaMol_20260818_123215/runs/graphga/seed_15/2026_08_18_graphGA_benchmark_13_27_46/2026_08_18_graphGA_Median_molecules_1/scores.csv	PORTABLE_USER_ROOT/spectralMol/merged_fresh_repro_20260818_083101/guacamol_mpo_v3/seed_15/task_8_Median_molecules_1/compare_GuacaMol_20260818_123215/comparison_task_best_seed_summary.tsv
15	9	Median_molecules_2	median	spectralmol	15	0.402709	0.03947412734113726	128256	1	gmean	PORTABLE_USER_ROOT/spectralMol/merged_fresh_repro_20260818_083101/guacamol_mpo_v3/seed_15/task_9_Median_molecules_2/compare_GuacaMol_20260818_123240/runs/spectralmol/seed_15/case_GuacaMol_20260818_123241/benchmark_runs/2026_08_18_evolution_ga_benchmark_12_32_44/2026_08_18_evolution_ga_Median_molecules_2/scores.csv	PORTABLE_USER_ROOT/spectralMol/merged_fresh_repro_20260818_083101/guacamol_mpo_v3/seed_15/task_9_Median_molecules_2/compare_GuacaMol_20260818_123240/comparison_task_best_seed_summary.tsv
15	9	Median_molecules_2	median	graphga	15	0.352222	0.277586588828662	209568	1	gmean	PORTABLE_USER_ROOT/spectralMol/merged_fresh_repro_20260818_083101/guacamol_mpo_v3/seed_15/task_9_Median_molecules_2/compare_GuacaMol_20260818_123240/runs/graphga/seed_15/2026_08_18_graphGA_benchmark_13_01_07/2026_08_18_graphGA_Median_molecules_2/scores.csv	PORTABLE_USER_ROOT/spectralMol/merged_fresh_repro_20260818_083101/guacamol_mpo_v3/seed_15/task_9_Median_molecules_2/compare_GuacaMol_20260818_123240/comparison_task_best_seed_summary.tsv
16	0	Celecoxib_rediscovery	rediscovery	spectralmol	16	1.000000	0.05965718767005548	128256	1	single	PORTABLE_USER_ROOT/spectralMol/merged_fresh_repro_20260818_083101/guacamol_mpo_v3/seed_16/task_0_Celecoxib_rediscovery/compare_GuacaMol_20260818_125540/runs/spectralmol/seed_16/case_GuacaMol_20260818_125541/benchmark_runs/2026_08_18_evolution_ga_benchmark_12_55_44/2026_08_18_evolution_ga_Celecoxib_rediscovery/scores.csv	PORTABLE_USER_ROOT/spectralMol/merged_fresh_repro_20260818_083101/guacamol_mpo_v3/seed_16/task_0_Celecoxib_rediscovery/compare_GuacaMol_20260818_125540/comparison_task_best_seed_summary.tsv
16	0	Celecoxib_rediscovery	rediscovery	graphga	16	0.731707	0.5943991594873137	214409	1	single	PORTABLE_USER_ROOT/spectralMol/merged_fresh_repro_20260818_083101/guacamol_mpo_v3/seed_16/task_0_Celecoxib_rediscovery/compare_GuacaMol_20260818_125540/runs/graphga/seed_16/2026_08_18_graphGA_benchmark_13_15_52/2026_08_18_graphGA_Celecoxib_rediscovery/scores.csv	PORTABLE_USER_ROOT/spectralMol/merged_fresh_repro_20260818_083101/guacamol_mpo_v3/seed_16/task_0_Celecoxib_rediscovery/compare_GuacaMol_20260818_125540/comparison_task_best_seed_summary.tsv
16	10	Osimertinib_MPO	mpo	graphga	16	0.948683	0.7422274056897507	244319	1	gmean	PORTABLE_USER_ROOT/spectralMol/merged_fresh_repro_20260818_083101/guacamol_mpo_v3/seed_16/task_10_Osimertinib_MPO/compare_GuacaMol_20260818_132301/runs/graphga/seed_16/2026_08_18_graphGA_benchmark_13_37_39/2026_08_18_graphGA_Osimertinib_MPO/scores.csv	PORTABLE_USER_ROOT/spectralMol/merged_fresh_repro_20260818_083101/guacamol_mpo_v3/seed_16/task_10_Osimertinib_MPO/compare_GuacaMol_20260818_132301/comparison_task_best_seed_summary.tsv
16	10	Osimertinib_MPO	mpo	spectralmol	16	0.788118	0.05284596033278462	128256	1	gmean	PORTABLE_USER_ROOT/spectralMol/merged_fresh_repro_20260818_083101/guacamol_mpo_v3/seed_16/task_10_Osimertinib_MPO/compare_GuacaMol_20260818_132301/runs/spectralmol/seed_16/case_GuacaMol_20260818_132302/benchmark_runs/2026_08_18_evolution_ga_benchmark_13_23_05/2026_08_18_evolution_ga_Osimertinib_MPO/scores.csv	PORTABLE_USER_ROOT/spectralMol/merged_fresh_repro_20260818_083101/guacamol_mpo_v3/seed_16/task_10_Osimertinib_MPO/compare_GuacaMol_20260818_132301/comparison_task_best_seed_summary.tsv
16	11	Fexofenadine_MPO	mpo	spectralmol	16	1.000000	0.09631527854682108	128256	1	gmean	PORTABLE_USER_ROOT/spectralMol/merged_fresh_repro_20260818_083101/guacamol_mpo_v3/seed_16/task_11_Fexofenadine_MPO/compare_GuacaMol_20260818_132417/runs/spectralmol/seed_16/case_GuacaMol_20260818_132418/benchmark_runs/2026_08_18_evolution_ga_benchmark_13_24_24/2026_08_18_evolution_ga_Fexofenadine_MPO/scores.csv	PORTABLE_USER_ROOT/spectralMol/merged_fresh_repro_20260818_083101/guacamol_mpo_v3/seed_16/task_11_Fexofenadine_MPO/compare_GuacaMol_20260818_132417/comparison_task_best_seed_summary.tsv
16	11	Fexofenadine_MPO	mpo	graphga	16	0.919074	0.6589820925295243	229678	1	gmean	PORTABLE_USER_ROOT/spectralMol/merged_fresh_repro_20260818_083101/guacamol_mpo_v3/seed_16/task_11_Fexofenadine_MPO/compare_GuacaMol_20260818_132417/runs/graphga/seed_16/2026_08_18_graphGA_benchmark_14_05_15/2026_08_18_graphGA_Fexofenadine_MPO/scores.csv	PORTABLE_USER_ROOT/spectralMol/merged_fresh_repro_20260818_083101/guacamol_mpo_v3/seed_16/task_11_Fexofenadine_MPO/compare_GuacaMol_20260818_132417/comparison_task_best_seed_summary.tsv
16	12	Ranolazine_MPO	mpo	spectralmol	16	0.945037	0.13038592610476954	128256	1	gmean	PORTABLE_USER_ROOT/spectralMol/merged_fresh_repro_20260818_083101/guacamol_mpo_v3/seed_16/task_12_Ranolazine_MPO/compare_GuacaMol_20260818_132620/runs/spectralmol/seed_16/case_GuacaMol_20260818_132620/benchmark_runs/2026_08_18_evolution_ga_benchmark_13_26_25/2026_08_18_evolution_ga_Ranolazine_MPO/scores.csv	PORTABLE_USER_ROOT/spectralMol/merged_fresh_repro_20260818_083101/guacamol_mpo_v3/seed_16/task_12_Ranolazine_MPO/compare_GuacaMol_20260818_132620/comparison_task_best_seed_summary.tsv
16	12	Ranolazine_MPO	mpo	graphga	16	0.905095	0.6625340898928511	240277	1	gmean	PORTABLE_USER_ROOT/spectralMol/merged_fresh_repro_20260818_083101/guacamol_mpo_v3/seed_16/task_12_Ranolazine_MPO/compare_GuacaMol_20260818_132620/runs/graphga/seed_16/2026_08_18_graphGA_benchmark_13_42_36/2026_08_18_graphGA_Ranolazine_MPO/scores.csv	PORTABLE_USER_ROOT/spectralMol/merged_fresh_repro_20260818_083101/guacamol_mpo_v3/seed_16/task_12_Ranolazine_MPO/compare_GuacaMol_20260818_132620/comparison_task_best_seed_summary.tsv
16	13	Perindopril_MPO	mpo	graphga	16	0.693637	0.521628413540649	222444	1	gmean	PORTABLE_USER_ROOT/spectralMol/merged_fresh_repro_20260818_083101/guacamol_mpo_v3/seed_16/task_13_Perindopril_MPO/compare_GuacaMol_20260818_132756/runs/graphga/seed_16/2026_08_18_graphGA_benchmark_13_43_49/2026_08_18_graphGA_Perindopril_MPO/scores.csv	PORTABLE_USER_ROOT/spectralMol/merged_fresh_repro_20260818_083101/guacamol_mpo_v3/seed_16/task_13_Perindopril_MPO/compare_GuacaMol_20260818_132756/comparison_task_best_seed_summary.tsv
16	13	Perindopril_MPO	mpo	spectralmol	16	0.420084	0.004500027067887656	128256	1	gmean	PORTABLE_USER_ROOT/spectralMol/merged_fresh_repro_20260818_083101/guacamol_mpo_v3/seed_16/task_13_Perindopril_MPO/compare_GuacaMol_20260818_132756/runs/spectralmol/seed_16/case_GuacaMol_20260818_132757/benchmark_runs/2026_08_18_evolution_ga_benchmark_13_28_01/2026_08_18_evolution_ga_Perindopril_MPO/scores.csv	PORTABLE_USER_ROOT/spectralMol/merged_fresh_repro_20260818_083101/guacamol_mpo_v3/seed_16/task_13_Perindopril_MPO/compare_GuacaMol_20260818_132756/comparison_task_best_seed_summary.tsv
16	14	Amlodipine_MPO	mpo	spectralmol	16	0.905663	0.02657327603893653	128256	1	gmean	PORTABLE_USER_ROOT/spectralMol/merged_fresh_repro_20260818_083101/guacamol_mpo_v3/seed_16/task_14_Amlodipine_MPO/compare_GuacaMol_20260818_132822/runs/spectralmol/seed_16/case_GuacaMol_20260818_132823/benchmark_runs/2026_08_18_evolution_ga_benchmark_13_28_25/2026_08_18_evolution_ga_Amlodipine_MPO/scores.csv	PORTABLE_USER_ROOT/spectralMol/merged_fresh_repro_20260818_083101/guacamol_mpo_v3/seed_16/task_14_Amlodipine_MPO/compare_GuacaMol_20260818_132822/comparison_task_best_seed_summary.tsv
16	14	Amlodipine_MPO	mpo	graphga	16	0.885972	0.6566171243308493	240276	1	gmean	PORTABLE_USER_ROOT/spectralMol/merged_fresh_repro_20260818_083101/guacamol_mpo_v3/seed_16/task_14_Amlodipine_MPO/compare_GuacaMol_20260818_132822/runs/graphga/seed_16/2026_08_18_graphGA_benchmark_13_46_09/2026_08_18_graphGA_Amlodipine_MPO/scores.csv	PORTABLE_USER_ROOT/spectralMol/merged_fresh_repro_20260818_083101/guacamol_mpo_v3/seed_16/task_14_Amlodipine_MPO/compare_GuacaMol_20260818_132822/comparison_task_best_seed_summary.tsv
16	15	Sitagliptin_MPO	mpo	graphga	16	0.793532	0.41829525831916897	233487	1	gmean	PORTABLE_USER_ROOT/spectralMol/merged_fresh_repro_20260818_083101/guacamol_mpo_v3/seed_16/task_15_Sitagliptin_MPO/compare_GuacaMol_20260818_132928/runs/graphga/seed_16/2026_08_18_graphGA_benchmark_13_46_35/2026_08_18_graphGA_Sitagliptin_MPO/scores.csv	PORTABLE_USER_ROOT/spectralMol/merged_fresh_repro_20260818_083101/guacamol_mpo_v3/seed_16/task_15_Sitagliptin_MPO/compare_GuacaMol_20260818_132928/comparison_task_best_seed_summary.tsv
16	15	Sitagliptin_MPO	mpo	spectralmol	16	0.759868	0.01530072881844308	128256	1	gmean	PORTABLE_USER_ROOT/spectralMol/merged_fresh_repro_20260818_083101/guacamol_mpo_v3/seed_16/task_15_Sitagliptin_MPO/compare_GuacaMol_20260818_132928/runs/spectralmol/seed_16/case_GuacaMol_20260818_132929/benchmark_runs/2026_08_18_evolution_ga_benchmark_13_29_31/2026_08_18_evolution_ga_Sitagliptin_MPO/scores.csv	PORTABLE_USER_ROOT/spectralMol/merged_fresh_repro_20260818_083101/guacamol_mpo_v3/seed_16/task_15_Sitagliptin_MPO/compare_GuacaMol_20260818_132928/comparison_task_best_seed_summary.tsv
16	16	Zaleplon_MPO	mpo	spectralmol	16	0.698308	0.00809204031996182	128256	1	gmean	PORTABLE_USER_ROOT/spectralMol/merged_fresh_repro_20260818_083101/guacamol_mpo_v3/seed_16/task_16_Zaleplon_MPO/compare_GuacaMol_20260818_133039/runs/spectralmol/seed_16/case_GuacaMol_20260818_133040/benchmark_runs/2026_08_18_evolution_ga_benchmark_13_30_45/2026_08_18_evolution_ga_Zaleplon_MPO/scores.csv	PORTABLE_USER_ROOT/spectralMol/merged_fresh_repro_20260818_083101/guacamol_mpo_v3/seed_16/task_16_Zaleplon_MPO/compare_GuacaMol_20260818_133039/comparison_task_best_seed_summary.tsv
16	16	Zaleplon_MPO	mpo	graphga	16	0.586033	0.3683306828608295	231178	1	gmean	PORTABLE_USER_ROOT/spectralMol/merged_fresh_repro_20260818_083101/guacamol_mpo_v3/seed_16/task_16_Zaleplon_MPO/compare_GuacaMol_20260818_133039/runs/graphga/seed_16/2026_08_18_graphGA_benchmark_14_25_23/2026_08_18_graphGA_Zaleplon_MPO/scores.csv	PORTABLE_USER_ROOT/spectralMol/merged_fresh_repro_20260818_083101/guacamol_mpo_v3/seed_16/task_16_Zaleplon_MPO/compare_GuacaMol_20260818_133039/comparison_task_best_seed_summary.tsv
16	17	Valsartan_smarts	smarts	graphga	16	0.031418	0.022017324539432233	191945	1	gmean	PORTABLE_USER_ROOT/spectralMol/merged_fresh_repro_20260818_083101/guacamol_mpo_v3/seed_16/task_17_Valsartan_smarts/compare_GuacaMol_20260818_133157/runs/graphga/seed_16/2026_08_18_graphGA_benchmark_13_49_00/2026_08_18_graphGA_Valsartan_smarts/scores.csv	PORTABLE_USER_ROOT/spectralMol/merged_fresh_repro_20260818_083101/guacamol_mpo_v3/seed_16/task_17_Valsartan_smarts/compare_GuacaMol_20260818_133157/comparison_task_best_seed_summary.tsv
16	17	Valsartan_smarts	smarts	spectralmol	16	0.031300	0.0003681780633753294	128256	1	gmean	PORTABLE_USER_ROOT/spectralMol/merged_fresh_repro_20260818_083101/guacamol_mpo_v3/seed_16/task_17_Valsartan_smarts/compare_GuacaMol_20260818_133157/runs/spectralmol/seed_16/case_GuacaMol_20260818_133158/benchmark_runs/2026_08_18_evolution_ga_benchmark_13_32_01/2026_08_18_evolution_ga_Valsartan_smarts/scores.csv	PORTABLE_USER_ROOT/spectralMol/merged_fresh_repro_20260818_083101/guacamol_mpo_v3/seed_16/task_17_Valsartan_smarts/compare_GuacaMol_20260818_133157/comparison_task_best_seed_summary.tsv
16	18	Deco_hop	hopping	graphga	16	0.746696	0.6737565745293772	245449	1	amean	PORTABLE_USER_ROOT/spectralMol/merged_fresh_repro_20260818_083101/guacamol_mpo_v3/seed_16/task_18_Deco_hop/compare_GuacaMol_20260818_133306/runs/graphga/seed_16/2026_08_18_graphGA_benchmark_14_12_40/2026_08_18_graphGA_Deco_hop/scores.csv	PORTABLE_USER_ROOT/spectralMol/merged_fresh_repro_20260818_083101/guacamol_mpo_v3/seed_16/task_18_Deco_hop/compare_GuacaMol_20260818_133306/comparison_task_best_seed_summary.tsv
16	18	Deco_hop	hopping	spectralmol	16	0.617955	0.5012450151517409	128256	1	amean	PORTABLE_USER_ROOT/spectralMol/merged_fresh_repro_20260818_083101/guacamol_mpo_v3/seed_16/task_18_Deco_hop/compare_GuacaMol_20260818_133306/runs/spectralmol/seed_16/case_GuacaMol_20260818_133307/benchmark_runs/2026_08_18_evolution_ga_benchmark_13_33_12/2026_08_18_evolution_ga_Deco_hop/scores.csv	PORTABLE_USER_ROOT/spectralMol/merged_fresh_repro_20260818_083101/guacamol_mpo_v3/seed_16/task_18_Deco_hop/compare_GuacaMol_20260818_133306/comparison_task_best_seed_summary.tsv
16	19	Scaffold_hop	hopping	spectralmol	16	0.666667	0.3513388050438797	128256	1	amean	PORTABLE_USER_ROOT/spectralMol/merged_fresh_repro_20260818_083101/guacamol_mpo_v3/seed_16/task_19_Scaffold_hop/compare_GuacaMol_20260818_133558/runs/spectralmol/seed_16/case_GuacaMol_20260818_133559/benchmark_runs/2026_08_18_evolution_ga_benchmark_13_36_02/2026_08_18_evolution_ga_Scaffold_hop/scores.csv	PORTABLE_USER_ROOT/spectralMol/merged_fresh_repro_20260818_083101/guacamol_mpo_v3/seed_16/task_19_Scaffold_hop/compare_GuacaMol_20260818_133558/comparison_task_best_seed_summary.tsv
16	19	Scaffold_hop	hopping	graphga	16	0.647824	0.563596026445229	237404	1	amean	PORTABLE_USER_ROOT/spectralMol/merged_fresh_repro_20260818_083101/guacamol_mpo_v3/seed_16/task_19_Scaffold_hop/compare_GuacaMol_20260818_133558/runs/graphga/seed_16/2026_08_18_graphGA_benchmark_13_54_45/2026_08_18_graphGA_Scaffold_hop/scores.csv	PORTABLE_USER_ROOT/spectralMol/merged_fresh_repro_20260818_083101/guacamol_mpo_v3/seed_16/task_19_Scaffold_hop/compare_GuacaMol_20260818_133558/comparison_task_best_seed_summary.tsv
16	1	Troglitazone_rediscovery	rediscovery	spectralmol	16	1.000000	0.05604728176405071	128256	1	single	PORTABLE_USER_ROOT/spectralMol/merged_fresh_repro_20260818_083101/guacamol_mpo_v3/seed_16/task_1_Troglitazone_rediscovery/compare_GuacaMol_20260818_130257/runs/spectralmol/seed_16/case_GuacaMol_20260818_130258/benchmark_runs/2026_08_18_evolution_ga_benchmark_13_03_01/2026_08_18_evolution_ga_Troglitazone_rediscovery/scores.csv	PORTABLE_USER_ROOT/spectralMol/merged_fresh_repro_20260818_083101/guacamol_mpo_v3/seed_16/task_1_Troglitazone_rediscovery/compare_GuacaMol_20260818_130257/comparison_task_best_seed_summary.tsv
16	1	Troglitazone_rediscovery	rediscovery	graphga	16	0.537736	0.4408767098231513	214101	1	single	PORTABLE_USER_ROOT/spectralMol/merged_fresh_repro_20260818_083101/guacamol_mpo_v3/seed_16/task_1_Troglitazone_rediscovery/compare_GuacaMol_20260818_130257/runs/graphga/seed_16/2026_08_18_graphGA_benchmark_13_26_48/2026_08_18_graphGA_Troglitazone_rediscovery/scores.csv	PORTABLE_USER_ROOT/spectralMol/merged_fresh_repro_20260818_083101/guacamol_mpo_v3/seed_16/task_1_Troglitazone_rediscovery/compare_GuacaMol_20260818_130257/comparison_task_best_seed_summary.tsv
16	2	Thiothixene_rediscovery	rediscovery	spectralmol	16	1.000000	0.06871071470781999	128256	1	single	PORTABLE_USER_ROOT/spectralMol/merged_fresh_repro_20260818_083101/guacamol_mpo_v3/seed_16/task_2_Thiothixene_rediscovery/compare_GuacaMol_20260818_130837/runs/spectralmol/seed_16/case_GuacaMol_20260818_130838/benchmark_runs/2026_08_18_evolution_ga_benchmark_13_08_42/2026_08_18_evolution_ga_Thiothixene_rediscovery/scores.csv	PORTABLE_USER_ROOT/spectralMol/merged_fresh_repro_20260818_083101/guacamol_mpo_v3/seed_16/task_2_Thiothixene_rediscovery/compare_GuacaMol_20260818_130837/comparison_task_best_seed_summary.tsv
16	2	Thiothixene_rediscovery	rediscovery	graphga	16	0.686869	0.5726629360486523	188852	1	single	PORTABLE_USER_ROOT/spectralMol/merged_fresh_repro_20260818_083101/guacamol_mpo_v3/seed_16/task_2_Thiothixene_rediscovery/compare_GuacaMol_20260818_130837/runs/graphga/seed_16/2026_08_18_graphGA_benchmark_14_18_24/2026_08_18_graphGA_Thiothixene_rediscovery/scores.csv	PORTABLE_USER_ROOT/spectralMol/merged_fresh_repro_20260818_083101/guacamol_mpo_v3/seed_16/task_2_Thiothixene_rediscovery/compare_GuacaMol_20260818_130837/comparison_task_best_seed_summary.tsv
16	3	Aripiprazole_similarity	similarity	spectralmol	16	1.000000	0.1032763942614219	128256	1	single	PORTABLE_USER_ROOT/spectralMol/merged_fresh_repro_20260818_083101/guacamol_mpo_v3/seed_16/task_3_Aripiprazole_similarity/compare_GuacaMol_20260818_131128/runs/spectralmol/seed_16/case_GuacaMol_20260818_131130/benchmark_runs/2026_08_18_evolution_ga_benchmark_13_11_38/2026_08_18_evolution_ga_Aripiprazole_similarity/scores.csv	PORTABLE_USER_ROOT/spectralMol/merged_fresh_repro_20260818_083101/guacamol_mpo_v3/seed_16/task_3_Aripiprazole_similarity/compare_GuacaMol_20260818_131128/comparison_task_best_seed_summary.tsv
16	3	Aripiprazole_similarity	similarity	graphga	16	0.920962	0.7422956132991945	223968	1	single	PORTABLE_USER_ROOT/spectralMol/merged_fresh_repro_20260818_083101/guacamol_mpo_v3/seed_16/task_3_Aripiprazole_similarity/compare_GuacaMol_20260818_131128/runs/graphga/seed_16/2026_08_18_graphGA_benchmark_13_58_38/2026_08_18_graphGA_Aripiprazole_similarity/scores.csv	PORTABLE_USER_ROOT/spectralMol/merged_fresh_repro_20260818_083101/guacamol_mpo_v3/seed_16/task_3_Aripiprazole_similarity/compare_GuacaMol_20260818_131128/comparison_task_best_seed_summary.tsv
16	4	Albuterol_similarity	similarity	graphga	16	1.000000	0.781479350814572	236578	1	single	PORTABLE_USER_ROOT/spectralMol/merged_fresh_repro_20260818_083101/guacamol_mpo_v3/seed_16/task_4_Albuterol_similarity/compare_GuacaMol_20260818_131244/runs/graphga/seed_16/2026_08_18_graphGA_benchmark_13_41_57/2026_08_18_graphGA_Albuterol_similarity/scores.csv	PORTABLE_USER_ROOT/spectralMol/merged_fresh_repro_20260818_083101/guacamol_mpo_v3/seed_16/task_4_Albuterol_similarity/compare_GuacaMol_20260818_131244/comparison_task_best_seed_summary.tsv
16	4	Albuterol_similarity	similarity	spectralmol	16	0.644444	0.18500970517395657	128256	1	single	PORTABLE_USER_ROOT/spectralMol/merged_fresh_repro_20260818_083101/guacamol_mpo_v3/seed_16/task_4_Albuterol_similarity/compare_GuacaMol_20260818_131244/runs/spectralmol/seed_16/case_GuacaMol_20260818_131244/benchmark_runs/2026_08_18_evolution_ga_benchmark_13_12_49/2026_08_18_evolution_ga_Albuterol_similarity/scores.csv	PORTABLE_USER_ROOT/spectralMol/merged_fresh_repro_20260818_083101/guacamol_mpo_v3/seed_16/task_4_Albuterol_similarity/compare_GuacaMol_20260818_131244/comparison_task_best_seed_summary.tsv
16	5	Mestranol_similarity	similarity	spectralmol	16	1.000000	0.10971801985444925	128256	1	single	PORTABLE_USER_ROOT/spectralMol/merged_fresh_repro_20260818_083101/guacamol_mpo_v3/seed_16/task_5_Mestranol_similarity/compare_GuacaMol_20260818_131443/runs/spectralmol/seed_16/case_GuacaMol_20260818_131444/benchmark_runs/2026_08_18_evolution_ga_benchmark_13_14_46/2026_08_18_evolution_ga_Mestranol_similarity/scores.csv	PORTABLE_USER_ROOT/spectralMol/merged_fresh_repro_20260818_083101/guacamol_mpo_v3/seed_16/task_5_Mestranol_similarity/compare_GuacaMol_20260818_131443/comparison_task_best_seed_summary.tsv
16	5	Mestranol_similarity	similarity	graphga	16	0.756447	0.6279919776711796	180964	1	single	PORTABLE_USER_ROOT/spectralMol/merged_fresh_repro_20260818_083101/guacamol_mpo_v3/seed_16/task_5_Mestranol_similarity/compare_GuacaMol_20260818_131443/runs/graphga/seed_16/2026_08_18_graphGA_benchmark_13_33_57/2026_08_18_graphGA_Mestranol_similarity/scores.csv	PORTABLE_USER_ROOT/spectralMol/merged_fresh_repro_20260818_083101/guacamol_mpo_v3/seed_16/task_5_Mestranol_similarity/compare_GuacaMol_20260818_131443/comparison_task_best_seed_summary.tsv
16	6	C11H24	isomer	graphga	16	1.000000	0.5792995006303026	216742	1	single	PORTABLE_USER_ROOT/spectralMol/merged_fresh_repro_20260818_083101/guacamol_mpo_v3/seed_16/task_6_C11H24/compare_GuacaMol_20260818_131615/runs/graphga/seed_16/2026_08_18_graphGA_benchmark_13_29_18/2026_08_18_graphGA_C11H24/scores.csv	PORTABLE_USER_ROOT/spectralMol/merged_fresh_repro_20260818_083101/guacamol_mpo_v3/seed_16/task_6_C11H24/compare_GuacaMol_20260818_131615/comparison_task_best_seed_summary.tsv
16	6	C11H24	isomer	spectralmol	16	1.000000	0.03888469941136534	128256	1	single	PORTABLE_USER_ROOT/spectralMol/merged_fresh_repro_20260818_083101/guacamol_mpo_v3/seed_16/task_6_C11H24/compare_GuacaMol_20260818_131615/runs/spectralmol/seed_16/case_GuacaMol_20260818_131616/benchmark_runs/2026_08_18_evolution_ga_benchmark_13_16_19/2026_08_18_evolution_ga_C11H24/scores.csv	PORTABLE_USER_ROOT/spectralMol/merged_fresh_repro_20260818_083101/guacamol_mpo_v3/seed_16/task_6_C11H24/compare_GuacaMol_20260818_131615/comparison_task_best_seed_summary.tsv
16	7	C9H10N2O2PF2Cl	isomer	graphga	16	0.924849	0.6076363264913792	251316	1	single	PORTABLE_USER_ROOT/spectralMol/merged_fresh_repro_20260818_083101/guacamol_mpo_v3/seed_16/task_7_C9H10N2O2PF2Cl/compare_GuacaMol_20260818_131931/runs/graphga/seed_16/2026_08_18_graphGA_benchmark_13_31_54/2026_08_18_graphGA_C9H10N2O2PF2Cl/scores.csv	PORTABLE_USER_ROOT/spectralMol/merged_fresh_repro_20260818_083101/guacamol_mpo_v3/seed_16/task_7_C9H10N2O2PF2Cl/compare_GuacaMol_20260818_131931/comparison_task_best_seed_summary.tsv
16	7	C9H10N2O2PF2Cl	isomer	spectralmol	16	0.924849	0.15203140548200705	128256	1	single	PORTABLE_USER_ROOT/spectralMol/merged_fresh_repro_20260818_083101/guacamol_mpo_v3/seed_16/task_7_C9H10N2O2PF2Cl/compare_GuacaMol_20260818_131931/runs/spectralmol/seed_16/case_GuacaMol_20260818_131932/benchmark_runs/2026_08_18_evolution_ga_benchmark_13_19_35/2026_08_18_evolution_ga_C9H10N2O2PF2Cl/scores.csv	PORTABLE_USER_ROOT/spectralMol/merged_fresh_repro_20260818_083101/guacamol_mpo_v3/seed_16/task_7_C9H10N2O2PF2Cl/compare_GuacaMol_20260818_131931/comparison_task_best_seed_summary.tsv
16	8	Median_molecules_1	median	spectralmol	16	0.406780	0.06002281748923228	128256	1	gmean	PORTABLE_USER_ROOT/spectralMol/merged_fresh_repro_20260818_083101/guacamol_mpo_v3/seed_16/task_8_Median_molecules_1/compare_GuacaMol_20260818_131936/runs/spectralmol/seed_16/case_GuacaMol_20260818_131937/benchmark_runs/2026_08_18_evolution_ga_benchmark_13_19_39/2026_08_18_evolution_ga_Median_molecules_1/scores.csv	PORTABLE_USER_ROOT/spectralMol/merged_fresh_repro_20260818_083101/guacamol_mpo_v3/seed_16/task_8_Median_molecules_1/compare_GuacaMol_20260818_131936/comparison_task_best_seed_summary.tsv
16	8	Median_molecules_1	median	graphga	16	0.367248	0.27557603708248524	227391	1	gmean	PORTABLE_USER_ROOT/spectralMol/merged_fresh_repro_20260818_083101/guacamol_mpo_v3/seed_16/task_8_Median_molecules_1/compare_GuacaMol_20260818_131936/runs/graphga/seed_16/2026_08_18_graphGA_benchmark_13_42_26/2026_08_18_graphGA_Median_molecules_1/scores.csv	PORTABLE_USER_ROOT/spectralMol/merged_fresh_repro_20260818_083101/guacamol_mpo_v3/seed_16/task_8_Median_molecules_1/compare_GuacaMol_20260818_131936/comparison_task_best_seed_summary.tsv
16	9	Median_molecules_2	median	spectralmol	16	0.402709	0.049764012127542126	128256	1	gmean	PORTABLE_USER_ROOT/spectralMol/merged_fresh_repro_20260818_083101/guacamol_mpo_v3/seed_16/task_9_Median_molecules_2/compare_GuacaMol_20260818_132202/runs/spectralmol/seed_16/case_GuacaMol_20260818_132203/benchmark_runs/2026_08_18_evolution_ga_benchmark_13_22_06/2026_08_18_evolution_ga_Median_molecules_2/scores.csv	PORTABLE_USER_ROOT/spectralMol/merged_fresh_repro_20260818_083101/guacamol_mpo_v3/seed_16/task_9_Median_molecules_2/compare_GuacaMol_20260818_132202/comparison_task_best_seed_summary.tsv
16	9	Median_molecules_2	median	graphga	16	0.341181	0.26922070680466614	214004	1	gmean	PORTABLE_USER_ROOT/spectralMol/merged_fresh_repro_20260818_083101/guacamol_mpo_v3/seed_16/task_9_Median_molecules_2/compare_GuacaMol_20260818_132202/runs/graphga/seed_16/2026_08_18_graphGA_benchmark_13_45_35/2026_08_18_graphGA_Median_molecules_2/scores.csv	PORTABLE_USER_ROOT/spectralMol/merged_fresh_repro_20260818_083101/guacamol_mpo_v3/seed_16/task_9_Median_molecules_2/compare_GuacaMol_20260818_132202/comparison_task_best_seed_summary.tsv
7	0	Celecoxib_rediscovery	rediscovery	graphga	7	1.000000	0.6982937112060406	216714	1	single	PORTABLE_USER_ROOT/spectralMol/merged_fresh_repro_20260818_083101/guacamol_mpo_v3/seed_7/task_0_Celecoxib_rediscovery/compare_GuacaMol_20260818_083106/runs/graphga/seed_7/2026_08_18_graphGA_benchmark_08_54_01/2026_08_18_graphGA_Celecoxib_rediscovery/scores.csv	PORTABLE_USER_ROOT/spectralMol/merged_fresh_repro_20260818_083101/guacamol_mpo_v3/seed_7/task_0_Celecoxib_rediscovery/compare_GuacaMol_20260818_083106/comparison_task_best_seed_summary.tsv
7	0	Celecoxib_rediscovery	rediscovery	spectralmol	7	1.000000	0.060627049282212915	128256	1	single	PORTABLE_USER_ROOT/spectralMol/merged_fresh_repro_20260818_083101/guacamol_mpo_v3/seed_7/task_0_Celecoxib_rediscovery/compare_GuacaMol_20260818_083106/runs/spectralmol/seed_7/case_GuacaMol_20260818_083108/benchmark_runs/2026_08_18_evolution_ga_benchmark_08_31_18/2026_08_18_evolution_ga_Celecoxib_rediscovery/scores.csv	PORTABLE_USER_ROOT/spectralMol/merged_fresh_repro_20260818_083101/guacamol_mpo_v3/seed_7/task_0_Celecoxib_rediscovery/compare_GuacaMol_20260818_083106/comparison_task_best_seed_summary.tsv
7	10	Osimertinib_MPO	mpo	graphga	7	0.883750	0.7399169428520486	219161	1	gmean	PORTABLE_USER_ROOT/spectralMol/merged_fresh_repro_20260818_083101/guacamol_mpo_v3/seed_7/task_10_Osimertinib_MPO/compare_GuacaMol_20260818_083106/runs/graphga/seed_7/2026_08_18_graphGA_benchmark_08_46_47/2026_08_18_graphGA_Osimertinib_MPO/scores.csv	PORTABLE_USER_ROOT/spectralMol/merged_fresh_repro_20260818_083101/guacamol_mpo_v3/seed_7/task_10_Osimertinib_MPO/compare_GuacaMol_20260818_083106/comparison_task_best_seed_summary.tsv
7	10	Osimertinib_MPO	mpo	spectralmol	7	0.788118	0.05453250375944946	128256	1	gmean	PORTABLE_USER_ROOT/spectralMol/merged_fresh_repro_20260818_083101/guacamol_mpo_v3/seed_7/task_10_Osimertinib_MPO/compare_GuacaMol_20260818_083106/runs/spectralmol/seed_7/case_GuacaMol_20260818_083108/benchmark_runs/2026_08_18_evolution_ga_benchmark_08_31_18/2026_08_18_evolution_ga_Osimertinib_MPO/scores.csv	PORTABLE_USER_ROOT/spectralMol/merged_fresh_repro_20260818_083101/guacamol_mpo_v3/seed_7/task_10_Osimertinib_MPO/compare_GuacaMol_20260818_083106/comparison_task_best_seed_summary.tsv
7	11	Fexofenadine_MPO	mpo	spectralmol	7	1.000000	0.048276035035162645	128256	1	gmean	PORTABLE_USER_ROOT/spectralMol/merged_fresh_repro_20260818_083101/guacamol_mpo_v3/seed_7/task_11_Fexofenadine_MPO/compare_GuacaMol_20260818_083106/runs/spectralmol/seed_7/case_GuacaMol_20260818_083108/benchmark_runs/2026_08_18_evolution_ga_benchmark_08_31_18/2026_08_18_evolution_ga_Fexofenadine_MPO/scores.csv	PORTABLE_USER_ROOT/spectralMol/merged_fresh_repro_20260818_083101/guacamol_mpo_v3/seed_7/task_11_Fexofenadine_MPO/compare_GuacaMol_20260818_083106/comparison_task_best_seed_summary.tsv
7	11	Fexofenadine_MPO	mpo	graphga	7	0.925144	0.6365190210932256	244171	1	gmean	PORTABLE_USER_ROOT/spectralMol/merged_fresh_repro_20260818_083101/guacamol_mpo_v3/seed_7/task_11_Fexofenadine_MPO/compare_GuacaMol_20260818_083106/runs/graphga/seed_7/2026_08_18_graphGA_benchmark_08_50_04/2026_08_18_graphGA_Fexofenadine_MPO/scores.csv	PORTABLE_USER_ROOT/spectralMol/merged_fresh_repro_20260818_083101/guacamol_mpo_v3/seed_7/task_11_Fexofenadine_MPO/compare_GuacaMol_20260818_083106/comparison_task_best_seed_summary.tsv
7	12	Ranolazine_MPO	mpo	spectralmol	7	0.902882	0.1520677425573091	128256	1	gmean	PORTABLE_USER_ROOT/spectralMol/merged_fresh_repro_20260818_083101/guacamol_mpo_v3/seed_7/task_12_Ranolazine_MPO/compare_GuacaMol_20260818_083106/runs/spectralmol/seed_7/case_GuacaMol_20260818_083108/benchmark_runs/2026_08_18_evolution_ga_benchmark_08_31_18/2026_08_18_evolution_ga_Ranolazine_MPO/scores.csv	PORTABLE_USER_ROOT/spectralMol/merged_fresh_repro_20260818_083101/guacamol_mpo_v3/seed_7/task_12_Ranolazine_MPO/compare_GuacaMol_20260818_083106/comparison_task_best_seed_summary.tsv
7	12	Ranolazine_MPO	mpo	graphga	7	0.893815	0.6639826411519897	240927	1	gmean	PORTABLE_USER_ROOT/spectralMol/merged_fresh_repro_20260818_083101/guacamol_mpo_v3/seed_7/task_12_Ranolazine_MPO/compare_GuacaMol_20260818_083106/runs/graphga/seed_7/2026_08_18_graphGA_benchmark_08_49_31/2026_08_18_graphGA_Ranolazine_MPO/scores.csv	PORTABLE_USER_ROOT/spectralMol/merged_fresh_repro_20260818_083101/guacamol_mpo_v3/seed_7/task_12_Ranolazine_MPO/compare_GuacaMol_20260818_083106/comparison_task_best_seed_summary.tsv
7	13	Perindopril_MPO	mpo	graphga	7	0.732828	0.522601916319285	240140	1	gmean	PORTABLE_USER_ROOT/spectralMol/merged_fresh_repro_20260818_083101/guacamol_mpo_v3/seed_7/task_13_Perindopril_MPO/compare_GuacaMol_20260818_083106/runs/graphga/seed_7/2026_08_18_graphGA_benchmark_08_48_37/2026_08_18_graphGA_Perindopril_MPO/scores.csv	PORTABLE_USER_ROOT/spectralMol/merged_fresh_repro_20260818_083101/guacamol_mpo_v3/seed_7/task_13_Perindopril_MPO/compare_GuacaMol_20260818_083106/comparison_task_best_seed_summary.tsv
7	13	Perindopril_MPO	mpo	spectralmol	7	0.420084	0.0045401284936494625	128256	1	gmean	PORTABLE_USER_ROOT/spectralMol/merged_fresh_repro_20260818_083101/guacamol_mpo_v3/seed_7/task_13_Perindopril_MPO/compare_GuacaMol_20260818_083106/runs/spectralmol/seed_7/case_GuacaMol_20260818_083108/benchmark_runs/2026_08_18_evolution_ga_benchmark_08_31_18/2026_08_18_evolution_ga_Perindopril_MPO/scores.csv	PORTABLE_USER_ROOT/spectralMol/merged_fresh_repro_20260818_083101/guacamol_mpo_v3/seed_7/task_13_Perindopril_MPO/compare_GuacaMol_20260818_083106/comparison_task_best_seed_summary.tsv
7	14	Amlodipine_MPO	mpo	spectralmol	7	0.905663	0.04309221838155492	128256	1	gmean	PORTABLE_USER_ROOT/spectralMol/merged_fresh_repro_20260818_083101/guacamol_mpo_v3/seed_7/task_14_Amlodipine_MPO/compare_GuacaMol_20260818_083106/runs/spectralmol/seed_7/case_GuacaMol_20260818_083108/benchmark_runs/2026_08_18_evolution_ga_benchmark_08_31_18/2026_08_18_evolution_ga_Amlodipine_MPO/scores.csv	PORTABLE_USER_ROOT/spectralMol/merged_fresh_repro_20260818_083101/guacamol_mpo_v3/seed_7/task_14_Amlodipine_MPO/compare_GuacaMol_20260818_083106/comparison_task_best_seed_summary.tsv
7	14	Amlodipine_MPO	mpo	graphga	7	0.814345	0.623736519235329	236247	1	gmean	PORTABLE_USER_ROOT/spectralMol/merged_fresh_repro_20260818_083101/guacamol_mpo_v3/seed_7/task_14_Amlodipine_MPO/compare_GuacaMol_20260818_083106/runs/graphga/seed_7/2026_08_18_graphGA_benchmark_08_52_24/2026_08_18_graphGA_Amlodipine_MPO/scores.csv	PORTABLE_USER_ROOT/spectralMol/merged_fresh_repro_20260818_083101/guacamol_mpo_v3/seed_7/task_14_Amlodipine_MPO/compare_GuacaMol_20260818_083106/comparison_task_best_seed_summary.tsv
7	15	Sitagliptin_MPO	mpo	graphga	7	0.826893	0.45531879997791264	217470	1	gmean	PORTABLE_USER_ROOT/spectralMol/merged_fresh_repro_20260818_083101/guacamol_mpo_v3/seed_7/task_15_Sitagliptin_MPO/compare_GuacaMol_20260818_083106/runs/graphga/seed_7/2026_08_18_graphGA_benchmark_08_50_25/2026_08_18_graphGA_Sitagliptin_MPO/scores.csv	PORTABLE_USER_ROOT/spectralMol/merged_fresh_repro_20260818_083101/guacamol_mpo_v3/seed_7/task_15_Sitagliptin_MPO/compare_GuacaMol_20260818_083106/comparison_task_best_seed_summary.tsv
7	15	Sitagliptin_MPO	mpo	spectralmol	7	0.801297	0.020561289561646927	128256	1	gmean	PORTABLE_USER_ROOT/spectralMol/merged_fresh_repro_20260818_083101/guacamol_mpo_v3/seed_7/task_15_Sitagliptin_MPO/compare_GuacaMol_20260818_083106/runs/spectralmol/seed_7/case_GuacaMol_20260818_083108/benchmark_runs/2026_08_18_evolution_ga_benchmark_08_31_18/2026_08_18_evolution_ga_Sitagliptin_MPO/scores.csv	PORTABLE_USER_ROOT/spectralMol/merged_fresh_repro_20260818_083101/guacamol_mpo_v3/seed_7/task_15_Sitagliptin_MPO/compare_GuacaMol_20260818_083106/comparison_task_best_seed_summary.tsv
7	16	Zaleplon_MPO	mpo	spectralmol	7	0.698308	0.0058662311883447655	128256	1	gmean	PORTABLE_USER_ROOT/spectralMol/merged_fresh_repro_20260818_083101/guacamol_mpo_v3/seed_7/task_16_Zaleplon_MPO/compare_GuacaMol_20260818_083106/runs/spectralmol/seed_7/case_GuacaMol_20260818_083108/benchmark_runs/2026_08_18_evolution_ga_benchmark_08_31_18/2026_08_18_evolution_ga_Zaleplon_MPO/scores.csv	PORTABLE_USER_ROOT/spectralMol/merged_fresh_repro_20260818_083101/guacamol_mpo_v3/seed_7/task_16_Zaleplon_MPO/compare_GuacaMol_20260818_083106/comparison_task_best_seed_summary.tsv
7	16	Zaleplon_MPO	mpo	graphga	7	0.574456	0.35824428419468196	229944	1	gmean	PORTABLE_USER_ROOT/spectralMol/merged_fresh_repro_20260818_083101/guacamol_mpo_v3/seed_7/task_16_Zaleplon_MPO/compare_GuacaMol_20260818_083106/runs/graphga/seed_7/2026_08_18_graphGA_benchmark_08_56_02/2026_08_18_graphGA_Zaleplon_MPO/scores.csv	PORTABLE_USER_ROOT/spectralMol/merged_fresh_repro_20260818_083101/guacamol_mpo_v3/seed_7/task_16_Zaleplon_MPO/compare_GuacaMol_20260818_083106/comparison_task_best_seed_summary.tsv
7	17	Valsartan_smarts	smarts	graphga	7	0.031608	0.020036846532806376	216235	1	gmean	PORTABLE_USER_ROOT/spectralMol/merged_fresh_repro_20260818_083101/guacamol_mpo_v3/seed_7/task_17_Valsartan_smarts/compare_GuacaMol_20260818_083106/runs/graphga/seed_7/2026_08_18_graphGA_benchmark_08_52_01/2026_08_18_graphGA_Valsartan_smarts/scores.csv	PORTABLE_USER_ROOT/spectralMol/merged_fresh_repro_20260818_083101/guacamol_mpo_v3/seed_7/task_17_Valsartan_smarts/compare_GuacaMol_20260818_083106/comparison_task_best_seed_summary.tsv
7	17	Valsartan_smarts	smarts	spectralmol	7	0.031221	0.00016093864606164202	128256	1	gmean	PORTABLE_USER_ROOT/spectralMol/merged_fresh_repro_20260818_083101/guacamol_mpo_v3/seed_7/task_17_Valsartan_smarts/compare_GuacaMol_20260818_083106/runs/spectralmol/seed_7/case_GuacaMol_20260818_083108/benchmark_runs/2026_08_18_evolution_ga_benchmark_08_31_18/2026_08_18_evolution_ga_Valsartan_smarts/scores.csv	PORTABLE_USER_ROOT/spectralMol/merged_fresh_repro_20260818_083101/guacamol_mpo_v3/seed_7/task_17_Valsartan_smarts/compare_GuacaMol_20260818_083106/comparison_task_best_seed_summary.tsv
7	18	Deco_hop	hopping	graphga	7	0.743479	0.67776775920554	235894	1	amean	PORTABLE_USER_ROOT/spectralMol/merged_fresh_repro_20260818_083101/guacamol_mpo_v3/seed_7/task_18_Deco_hop/compare_GuacaMol_20260818_083106/runs/graphga/seed_7/2026_08_18_graphGA_benchmark_08_49_42/2026_08_18_graphGA_Deco_hop/scores.csv	PORTABLE_USER_ROOT/spectralMol/merged_fresh_repro_20260818_083101/guacamol_mpo_v3/seed_7/task_18_Deco_hop/compare_GuacaMol_20260818_083106/comparison_task_best_seed_summary.tsv
7	18	Deco_hop	hopping	spectralmol	7	0.617955	0.501236320368155	128256	1	amean	PORTABLE_USER_ROOT/spectralMol/merged_fresh_repro_20260818_083101/guacamol_mpo_v3/seed_7/task_18_Deco_hop/compare_GuacaMol_20260818_083106/runs/spectralmol/seed_7/case_GuacaMol_20260818_083108/benchmark_runs/2026_08_18_evolution_ga_benchmark_08_31_18/2026_08_18_evolution_ga_Deco_hop/scores.csv	PORTABLE_USER_ROOT/spectralMol/merged_fresh_repro_20260818_083101/guacamol_mpo_v3/seed_7/task_18_Deco_hop/compare_GuacaMol_20260818_083106/comparison_task_best_seed_summary.tsv
7	19	Scaffold_hop	hopping	graphga	7	0.666667	0.5836891843820715	251244	1	amean	PORTABLE_USER_ROOT/spectralMol/merged_fresh_repro_20260818_083101/guacamol_mpo_v3/seed_7/task_19_Scaffold_hop/compare_GuacaMol_20260818_083106/runs/graphga/seed_7/2026_08_18_graphGA_benchmark_08_51_57/2026_08_18_graphGA_Scaffold_hop/scores.csv	PORTABLE_USER_ROOT/spectralMol/merged_fresh_repro_20260818_083101/guacamol_mpo_v3/seed_7/task_19_Scaffold_hop/compare_GuacaMol_20260818_083106/comparison_task_best_seed_summary.tsv
7	19	Scaffold_hop	hopping	spectralmol	7	0.666667	0.3486787979956692	128256	1	amean	PORTABLE_USER_ROOT/spectralMol/merged_fresh_repro_20260818_083101/guacamol_mpo_v3/seed_7/task_19_Scaffold_hop/compare_GuacaMol_20260818_083106/runs/spectralmol/seed_7/case_GuacaMol_20260818_083108/benchmark_runs/2026_08_18_evolution_ga_benchmark_08_31_18/2026_08_18_evolution_ga_Scaffold_hop/scores.csv	PORTABLE_USER_ROOT/spectralMol/merged_fresh_repro_20260818_083101/guacamol_mpo_v3/seed_7/task_19_Scaffold_hop/compare_GuacaMol_20260818_083106/comparison_task_best_seed_summary.tsv
7	1	Troglitazone_rediscovery	rediscovery	spectralmol	7	1.000000	0.05096775152944958	128256	1	single	PORTABLE_USER_ROOT/spectralMol/merged_fresh_repro_20260818_083101/guacamol_mpo_v3/seed_7/task_1_Troglitazone_rediscovery/compare_GuacaMol_20260818_083106/runs/spectralmol/seed_7/case_GuacaMol_20260818_083108/benchmark_runs/2026_08_18_evolution_ga_benchmark_08_31_18/2026_08_18_evolution_ga_Troglitazone_rediscovery/scores.csv	PORTABLE_USER_ROOT/spectralMol/merged_fresh_repro_20260818_083101/guacamol_mpo_v3/seed_7/task_1_Troglitazone_rediscovery/compare_GuacaMol_20260818_083106/comparison_task_best_seed_summary.tsv
7	1	Troglitazone_rediscovery	rediscovery	graphga	7	0.456140	0.3765301547487732	232762	1	single	PORTABLE_USER_ROOT/spectralMol/merged_fresh_repro_20260818_083101/guacamol_mpo_v3/seed_7/task_1_Troglitazone_rediscovery/compare_GuacaMol_20260818_083106/runs/graphga/seed_7/2026_08_18_graphGA_benchmark_08_54_01/2026_08_18_graphGA_Troglitazone_rediscovery/scores.csv	PORTABLE_USER_ROOT/spectralMol/merged_fresh_repro_20260818_083101/guacamol_mpo_v3/seed_7/task_1_Troglitazone_rediscovery/compare_GuacaMol_20260818_083106/comparison_task_best_seed_summary.tsv
7	2	Thiothixene_rediscovery	rediscovery	spectralmol	7	1.000000	0.07619825340463707	128256	1	single	PORTABLE_USER_ROOT/spectralMol/merged_fresh_repro_20260818_083101/guacamol_mpo_v3/seed_7/task_2_Thiothixene_rediscovery/compare_GuacaMol_20260818_083106/runs/spectralmol/seed_7/case_GuacaMol_20260818_083108/benchmark_runs/2026_08_18_evolution_ga_benchmark_08_31_18/2026_08_18_evolution_ga_Thiothixene_rediscovery/scores.csv	PORTABLE_USER_ROOT/spectralMol/merged_fresh_repro_20260818_083101/guacamol_mpo_v3/seed_7/task_2_Thiothixene_rediscovery/compare_GuacaMol_20260818_083106/comparison_task_best_seed_summary.tsv
7	2	Thiothixene_rediscovery	rediscovery	graphga	7	0.686869	0.5719637946912959	188363	1	single	PORTABLE_USER_ROOT/spectralMol/merged_fresh_repro_20260818_083101/guacamol_mpo_v3/seed_7/task_2_Thiothixene_rediscovery/compare_GuacaMol_20260818_083106/runs/graphga/seed_7/2026_08_18_graphGA_benchmark_08_59_15/2026_08_18_graphGA_Thiothixene_rediscovery/scores.csv	PORTABLE_USER_ROOT/spectralMol/merged_fresh_repro_20260818_083101/guacamol_mpo_v3/seed_7/task_2_Thiothixene_rediscovery/compare_GuacaMol_20260818_083106/comparison_task_best_seed_summary.tsv
7	3	Aripiprazole_similarity	similarity	graphga	7	1.000000	0.8044470785597824	215625	1	single	PORTABLE_USER_ROOT/spectralMol/merged_fresh_repro_20260818_083101/guacamol_mpo_v3/seed_7/task_3_Aripiprazole_similarity/compare_GuacaMol_20260818_083107/runs/graphga/seed_7/2026_08_18_graphGA_benchmark_08_56_32/2026_08_18_graphGA_Aripiprazole_similarity/scores.csv	PORTABLE_USER_ROOT/spectralMol/merged_fresh_repro_20260818_083101/guacamol_mpo_v3/seed_7/task_3_Aripiprazole_similarity/compare_GuacaMol_20260818_083107/comparison_task_best_seed_summary.tsv
7	3	Aripiprazole_similarity	similarity	spectralmol	7	1.000000	0.08029584734697608	128256	1	single	PORTABLE_USER_ROOT/spectralMol/merged_fresh_repro_20260818_083101/guacamol_mpo_v3/seed_7/task_3_Aripiprazole_similarity/compare_GuacaMol_20260818_083107/runs/spectralmol/seed_7/case_GuacaMol_20260818_083108/benchmark_runs/2026_08_18_evolution_ga_benchmark_08_31_18/2026_08_18_evolution_ga_Aripiprazole_similarity/scores.csv	PORTABLE_USER_ROOT/spectralMol/merged_fresh_repro_20260818_083101/guacamol_mpo_v3/seed_7/task_3_Aripiprazole_similarity/compare_GuacaMol_20260818_083107/comparison_task_best_seed_summary.tsv
7	4	Albuterol_similarity	similarity	graphga	7	1.000000	0.7920419200146631	243239	1	single	PORTABLE_USER_ROOT/spectralMol/merged_fresh_repro_20260818_083101/guacamol_mpo_v3/seed_7/task_4_Albuterol_similarity/compare_GuacaMol_20260818_083107/runs/graphga/seed_7/2026_08_18_graphGA_benchmark_08_47_26/2026_08_18_graphGA_Albuterol_similarity/scores.csv	PORTABLE_USER_ROOT/spectralMol/merged_fresh_repro_20260818_083101/guacamol_mpo_v3/seed_7/task_4_Albuterol_similarity/compare_GuacaMol_20260818_083107/comparison_task_best_seed_summary.tsv
7	4	Albuterol_similarity	similarity	spectralmol	7	0.611111	0.1811601526114863	128256	1	single	PORTABLE_USER_ROOT/spectralMol/merged_fresh_repro_20260818_083101/guacamol_mpo_v3/seed_7/task_4_Albuterol_similarity/compare_GuacaMol_20260818_083107/runs/spectralmol/seed_7/case_GuacaMol_20260818_083108/benchmark_runs/2026_08_18_evolution_ga_benchmark_08_31_18/2026_08_18_evolution_ga_Albuterol_similarity/scores.csv	PORTABLE_USER_ROOT/spectralMol/merged_fresh_repro_20260818_083101/guacamol_mpo_v3/seed_7/task_4_Albuterol_similarity/compare_GuacaMol_20260818_083107/comparison_task_best_seed_summary.tsv
7	5	Mestranol_similarity	similarity	graphga	7	1.000000	0.7367762086782822	209265	1	single	PORTABLE_USER_ROOT/spectralMol/merged_fresh_repro_20260818_083101/guacamol_mpo_v3/seed_7/task_5_Mestranol_similarity/compare_GuacaMol_20260818_083107/runs/graphga/seed_7/2026_08_18_graphGA_benchmark_08_50_53/2026_08_18_graphGA_Mestranol_similarity/scores.csv	PORTABLE_USER_ROOT/spectralMol/merged_fresh_repro_20260818_083101/guacamol_mpo_v3/seed_7/task_5_Mestranol_similarity/compare_GuacaMol_20260818_083107/comparison_task_best_seed_summary.tsv
7	5	Mestranol_similarity	similarity	spectralmol	7	1.000000	0.08437681251884036	128256	1	single	PORTABLE_USER_ROOT/spectralMol/merged_fresh_repro_20260818_083101/guacamol_mpo_v3/seed_7/task_5_Mestranol_similarity/compare_GuacaMol_20260818_083107/runs/spectralmol/seed_7/case_GuacaMol_20260818_083108/benchmark_runs/2026_08_18_evolution_ga_benchmark_08_31_18/2026_08_18_evolution_ga_Mestranol_similarity/scores.csv	PORTABLE_USER_ROOT/spectralMol/merged_fresh_repro_20260818_083101/guacamol_mpo_v3/seed_7/task_5_Mestranol_similarity/compare_GuacaMol_20260818_083107/comparison_task_best_seed_summary.tsv
7	6	C11H24	isomer	graphga	7	1.000000	0.5992754896796251	209396	1	single	PORTABLE_USER_ROOT/spectralMol/merged_fresh_repro_20260818_083101/guacamol_mpo_v3/seed_7/task_6_C11H24/compare_GuacaMol_20260818_083107/runs/graphga/seed_7/2026_08_18_graphGA_benchmark_08_44_53/2026_08_18_graphGA_C11H24/scores.csv	PORTABLE_USER_ROOT/spectralMol/merged_fresh_repro_20260818_083101/guacamol_mpo_v3/seed_7/task_6_C11H24/compare_GuacaMol_20260818_083107/comparison_task_best_seed_summary.tsv
7	6	C11H24	isomer	spectralmol	7	1.000000	0.01716355278906939	128256	1	single	PORTABLE_USER_ROOT/spectralMol/merged_fresh_repro_20260818_083101/guacamol_mpo_v3/seed_7/task_6_C11H24/compare_GuacaMol_20260818_083107/runs/spectralmol/seed_7/case_GuacaMol_20260818_083109/benchmark_runs/2026_08_18_evolution_ga_benchmark_08_31_19/2026_08_18_evolution_ga_C11H24/scores.csv	PORTABLE_USER_ROOT/spectralMol/merged_fresh_repro_20260818_083101/guacamol_mpo_v3/seed_7/task_6_C11H24/compare_GuacaMol_20260818_083107/comparison_task_best_seed_summary.tsv
7	7	C9H10N2O2PF2Cl	isomer	spectralmol	7	1.000000	0.15680590985770468	128256	1	single	PORTABLE_USER_ROOT/spectralMol/merged_fresh_repro_20260818_083101/guacamol_mpo_v3/seed_7/task_7_C9H10N2O2PF2Cl/compare_GuacaMol_20260818_083107/runs/spectralmol/seed_7/case_GuacaMol_20260818_083108/benchmark_runs/2026_08_18_evolution_ga_benchmark_08_31_18/2026_08_18_evolution_ga_C9H10N2O2PF2Cl/scores.csv	PORTABLE_USER_ROOT/spectralMol/merged_fresh_repro_20260818_083101/guacamol_mpo_v3/seed_7/task_7_C9H10N2O2PF2Cl/compare_GuacaMol_20260818_083107/comparison_task_best_seed_summary.tsv
7	7	C9H10N2O2PF2Cl	isomer	graphga	7	0.924849	0.6182152410766657	251384	1	single	PORTABLE_USER_ROOT/spectralMol/merged_fresh_repro_20260818_083101/guacamol_mpo_v3/seed_7/task_7_C9H10N2O2PF2Cl/compare_GuacaMol_20260818_083107/runs/graphga/seed_7/2026_08_18_graphGA_benchmark_08_44_09/2026_08_18_graphGA_C9H10N2O2PF2Cl/scores.csv	PORTABLE_USER_ROOT/spectralMol/merged_fresh_repro_20260818_083101/guacamol_mpo_v3/seed_7/task_7_C9H10N2O2PF2Cl/compare_GuacaMol_20260818_083107/comparison_task_best_seed_summary.tsv
7	8	Median_molecules_1	median	spectralmol	7	0.406780	0.06846809992801453	128256	1	gmean	PORTABLE_USER_ROOT/spectralMol/merged_fresh_repro_20260818_083101/guacamol_mpo_v3/seed_7/task_8_Median_molecules_1/compare_GuacaMol_20260818_083107/runs/spectralmol/seed_7/case_GuacaMol_20260818_083109/benchmark_runs/2026_08_18_evolution_ga_benchmark_08_31_20/2026_08_18_evolution_ga_Median_molecules_1/scores.csv	PORTABLE_USER_ROOT/spectralMol/merged_fresh_repro_20260818_083101/guacamol_mpo_v3/seed_7/task_8_Median_molecules_1/compare_GuacaMol_20260818_083107/comparison_task_best_seed_summary.tsv
7	8	Median_molecules_1	median	graphga	7	0.400000	0.26658247038187605	213826	1	gmean	PORTABLE_USER_ROOT/spectralMol/merged_fresh_repro_20260818_083101/guacamol_mpo_v3/seed_7/task_8_Median_molecules_1/compare_GuacaMol_20260818_083107/runs/graphga/seed_7/2026_08_18_graphGA_benchmark_08_58_06/2026_08_18_graphGA_Median_molecules_1/scores.csv	PORTABLE_USER_ROOT/spectralMol/merged_fresh_repro_20260818_083101/guacamol_mpo_v3/seed_7/task_8_Median_molecules_1/compare_GuacaMol_20260818_083107/comparison_task_best_seed_summary.tsv
7	9	Median_molecules_2	median	spectralmol	7	0.362372	0.028926522391912853	128256	1	gmean	PORTABLE_USER_ROOT/spectralMol/merged_fresh_repro_20260818_083101/guacamol_mpo_v3/seed_7/task_9_Median_molecules_2/compare_GuacaMol_20260818_083107/runs/spectralmol/seed_7/case_GuacaMol_20260818_083109/benchmark_runs/2026_08_18_evolution_ga_benchmark_08_31_20/2026_08_18_evolution_ga_Median_molecules_2/scores.csv	PORTABLE_USER_ROOT/spectralMol/merged_fresh_repro_20260818_083101/guacamol_mpo_v3/seed_7/task_9_Median_molecules_2/compare_GuacaMol_20260818_083107/comparison_task_best_seed_summary.tsv
7	9	Median_molecules_2	median	graphga	7	0.298186	0.25545773165904934	203275	1	gmean	PORTABLE_USER_ROOT/spectralMol/merged_fresh_repro_20260818_083101/guacamol_mpo_v3/seed_7/task_9_Median_molecules_2/compare_GuacaMol_20260818_083107/runs/graphga/seed_7/2026_08_18_graphGA_benchmark_08_59_43/2026_08_18_graphGA_Median_molecules_2/scores.csv	PORTABLE_USER_ROOT/spectralMol/merged_fresh_repro_20260818_083101/guacamol_mpo_v3/seed_7/task_9_Median_molecules_2/compare_GuacaMol_20260818_083107/comparison_task_best_seed_summary.tsv
8	0	Celecoxib_rediscovery	rediscovery	spectralmol	8	1.000000	0.053664264303790496	128256	1	single	PORTABLE_USER_ROOT/spectralMol/merged_fresh_repro_20260818_083101/guacamol_mpo_v3/seed_8/task_0_Celecoxib_rediscovery/compare_GuacaMol_20260818_083107/runs/spectralmol/seed_8/case_GuacaMol_20260818_083109/benchmark_runs/2026_08_18_evolution_ga_benchmark_08_31_20/2026_08_18_evolution_ga_Celecoxib_rediscovery/scores.csv	PORTABLE_USER_ROOT/spectralMol/merged_fresh_repro_20260818_083101/guacamol_mpo_v3/seed_8/task_0_Celecoxib_rediscovery/compare_GuacaMol_20260818_083107/comparison_task_best_seed_summary.tsv
8	0	Celecoxib_rediscovery	rediscovery	graphga	8	0.731707	0.6003502324749305	209126	1	single	PORTABLE_USER_ROOT/spectralMol/merged_fresh_repro_20260818_083101/guacamol_mpo_v3/seed_8/task_0_Celecoxib_rediscovery/compare_GuacaMol_20260818_083107/runs/graphga/seed_8/2026_08_18_graphGA_benchmark_08_58_16/2026_08_18_graphGA_Celecoxib_rediscovery/scores.csv	PORTABLE_USER_ROOT/spectralMol/merged_fresh_repro_20260818_083101/guacamol_mpo_v3/seed_8/task_0_Celecoxib_rediscovery/compare_GuacaMol_20260818_083107/comparison_task_best_seed_summary.tsv
8	10	Osimertinib_MPO	mpo	graphga	8	0.940530	0.7728595709207187	231361	1	gmean	PORTABLE_USER_ROOT/spectralMol/merged_fresh_repro_20260818_083101/guacamol_mpo_v3/seed_8/task_10_Osimertinib_MPO/compare_GuacaMol_20260818_083107/runs/graphga/seed_8/2026_08_18_graphGA_benchmark_08_47_50/2026_08_18_graphGA_Osimertinib_MPO/scores.csv	PORTABLE_USER_ROOT/spectralMol/merged_fresh_repro_20260818_083101/guacamol_mpo_v3/seed_8/task_10_Osimertinib_MPO/compare_GuacaMol_20260818_083107/comparison_task_best_seed_summary.tsv
8	10	Osimertinib_MPO	mpo	spectralmol	8	0.788118	0.05328823826407151	128256	1	gmean	PORTABLE_USER_ROOT/spectralMol/merged_fresh_repro_20260818_083101/guacamol_mpo_v3/seed_8/task_10_Osimertinib_MPO/compare_GuacaMol_20260818_083107/runs/spectralmol/seed_8/case_GuacaMol_20260818_083109/benchmark_runs/2026_08_18_evolution_ga_benchmark_08_31_20/2026_08_18_evolution_ga_Osimertinib_MPO/scores.csv	PORTABLE_USER_ROOT/spectralMol/merged_fresh_repro_20260818_083101/guacamol_mpo_v3/seed_8/task_10_Osimertinib_MPO/compare_GuacaMol_20260818_083107/comparison_task_best_seed_summary.tsv
8	11	Fexofenadine_MPO	mpo	spectralmol	8	1.000000	0.06292837916432253	128256	1	gmean	PORTABLE_USER_ROOT/spectralMol/merged_fresh_repro_20260818_083101/guacamol_mpo_v3/seed_8/task_11_Fexofenadine_MPO/compare_GuacaMol_20260818_083106/runs/spectralmol/seed_8/case_GuacaMol_20260818_083108/benchmark_runs/2026_08_18_evolution_ga_benchmark_08_31_18/2026_08_18_evolution_ga_Fexofenadine_MPO/scores.csv	PORTABLE_USER_ROOT/spectralMol/merged_fresh_repro_20260818_083101/guacamol_mpo_v3/seed_8/task_11_Fexofenadine_MPO/compare_GuacaMol_20260818_083106/comparison_task_best_seed_summary.tsv
8	11	Fexofenadine_MPO	mpo	graphga	8	0.880256	0.6124530392202684	235500	1	gmean	PORTABLE_USER_ROOT/spectralMol/merged_fresh_repro_20260818_083101/guacamol_mpo_v3/seed_8/task_11_Fexofenadine_MPO/compare_GuacaMol_20260818_083106/runs/graphga/seed_8/2026_08_18_graphGA_benchmark_08_50_59/2026_08_18_graphGA_Fexofenadine_MPO/scores.csv	PORTABLE_USER_ROOT/spectralMol/merged_fresh_repro_20260818_083101/guacamol_mpo_v3/seed_8/task_11_Fexofenadine_MPO/compare_GuacaMol_20260818_083106/comparison_task_best_seed_summary.tsv
8	12	Ranolazine_MPO	mpo	spectralmol	8	0.919969	0.07540239684048046	128256	1	gmean	PORTABLE_USER_ROOT/spectralMol/merged_fresh_repro_20260818_083101/guacamol_mpo_v3/seed_8/task_12_Ranolazine_MPO/compare_GuacaMol_20260818_083106/runs/spectralmol/seed_8/case_GuacaMol_20260818_083108/benchmark_runs/2026_08_18_evolution_ga_benchmark_08_31_18/2026_08_18_evolution_ga_Ranolazine_MPO/scores.csv	PORTABLE_USER_ROOT/spectralMol/merged_fresh_repro_20260818_083101/guacamol_mpo_v3/seed_8/task_12_Ranolazine_MPO/compare_GuacaMol_20260818_083106/comparison_task_best_seed_summary.tsv
8	12	Ranolazine_MPO	mpo	graphga	8	0.902380	0.655119210551258	243436	1	gmean	PORTABLE_USER_ROOT/spectralMol/merged_fresh_repro_20260818_083101/guacamol_mpo_v3/seed_8/task_12_Ranolazine_MPO/compare_GuacaMol_20260818_083106/runs/graphga/seed_8/2026_08_18_graphGA_benchmark_08_48_03/2026_08_18_graphGA_Ranolazine_MPO/scores.csv	PORTABLE_USER_ROOT/spectralMol/merged_fresh_repro_20260818_083101/guacamol_mpo_v3/seed_8/task_12_Ranolazine_MPO/compare_GuacaMol_20260818_083106/comparison_task_best_seed_summary.tsv
8	13	Perindopril_MPO	mpo	graphga	8	0.693889	0.5208130319179894	221732	1	gmean	PORTABLE_USER_ROOT/spectralMol/merged_fresh_repro_20260818_083101/guacamol_mpo_v3/seed_8/task_13_Perindopril_MPO/compare_GuacaMol_20260818_083106/runs/graphga/seed_8/2026_08_18_graphGA_benchmark_08_48_41/2026_08_18_graphGA_Perindopril_MPO/scores.csv	PORTABLE_USER_ROOT/spectralMol/merged_fresh_repro_20260818_083101/guacamol_mpo_v3/seed_8/task_13_Perindopril_MPO/compare_GuacaMol_20260818_083106/comparison_task_best_seed_summary.tsv
8	13	Perindopril_MPO	mpo	spectralmol	8	0.420084	0.004537218252266847	128256	1	gmean	PORTABLE_USER_ROOT/spectralMol/merged_fresh_repro_20260818_083101/guacamol_mpo_v3/seed_8/task_13_Perindopril_MPO/compare_GuacaMol_20260818_083106/runs/spectralmol/seed_8/case_GuacaMol_20260818_083108/benchmark_runs/2026_08_18_evolution_ga_benchmark_08_31_18/2026_08_18_evolution_ga_Perindopril_MPO/scores.csv	PORTABLE_USER_ROOT/spectralMol/merged_fresh_repro_20260818_083101/guacamol_mpo_v3/seed_8/task_13_Perindopril_MPO/compare_GuacaMol_20260818_083106/comparison_task_best_seed_summary.tsv
8	14	Amlodipine_MPO	mpo	spectralmol	8	0.905663	0.0351354733441105	128256	1	gmean	PORTABLE_USER_ROOT/spectralMol/merged_fresh_repro_20260818_083101/guacamol_mpo_v3/seed_8/task_14_Amlodipine_MPO/compare_GuacaMol_20260818_083106/runs/spectralmol/seed_8/case_GuacaMol_20260818_083108/benchmark_runs/2026_08_18_evolution_ga_benchmark_08_31_18/2026_08_18_evolution_ga_Amlodipine_MPO/scores.csv	PORTABLE_USER_ROOT/spectralMol/merged_fresh_repro_20260818_083101/guacamol_mpo_v3/seed_8/task_14_Amlodipine_MPO/compare_GuacaMol_20260818_083106/comparison_task_best_seed_summary.tsv
8	14	Amlodipine_MPO	mpo	graphga	8	0.856763	0.606526093821366	240658	1	gmean	PORTABLE_USER_ROOT/spectralMol/merged_fresh_repro_20260818_083101/guacamol_mpo_v3/seed_8/task_14_Amlodipine_MPO/compare_GuacaMol_20260818_083106/runs/graphga/seed_8/2026_08_18_graphGA_benchmark_08_49_48/2026_08_18_graphGA_Amlodipine_MPO/scores.csv	PORTABLE_USER_ROOT/spectralMol/merged_fresh_repro_20260818_083101/guacamol_mpo_v3/seed_8/task_14_Amlodipine_MPO/compare_GuacaMol_20260818_083106/comparison_task_best_seed_summary.tsv
8	15	Sitagliptin_MPO	mpo	spectralmol	8	0.810064	0.017324445201806416	128256	1	gmean	PORTABLE_USER_ROOT/spectralMol/merged_fresh_repro_20260818_083101/guacamol_mpo_v3/seed_8/task_15_Sitagliptin_MPO/compare_GuacaMol_20260818_083107/runs/spectralmol/seed_8/case_GuacaMol_20260818_083108/benchmark_runs/2026_08_18_evolution_ga_benchmark_08_31_18/2026_08_18_evolution_ga_Sitagliptin_MPO/scores.csv	PORTABLE_USER_ROOT/spectralMol/merged_fresh_repro_20260818_083101/guacamol_mpo_v3/seed_8/task_15_Sitagliptin_MPO/compare_GuacaMol_20260818_083107/comparison_task_best_seed_summary.tsv
8	15	Sitagliptin_MPO	mpo	graphga	8	0.778325	0.4223417126825986	243970	1	gmean	PORTABLE_USER_ROOT/spectralMol/merged_fresh_repro_20260818_083101/guacamol_mpo_v3/seed_8/task_15_Sitagliptin_MPO/compare_GuacaMol_20260818_083107/runs/graphga/seed_8/2026_08_18_graphGA_benchmark_08_50_26/2026_08_18_graphGA_Sitagliptin_MPO/scores.csv	PORTABLE_USER_ROOT/spectralMol/merged_fresh_repro_20260818_083101/guacamol_mpo_v3/seed_8/task_15_Sitagliptin_MPO/compare_GuacaMol_20260818_083107/comparison_task_best_seed_summary.tsv
8	16	Zaleplon_MPO	mpo	spectralmol	8	0.693637	0.016227118528264386	128256	1	gmean	PORTABLE_USER_ROOT/spectralMol/merged_fresh_repro_20260818_083101/guacamol_mpo_v3/seed_8/task_16_Zaleplon_MPO/compare_GuacaMol_20260818_083107/runs/spectralmol/seed_8/case_GuacaMol_20260818_083108/benchmark_runs/2026_08_18_evolution_ga_benchmark_08_31_18/2026_08_18_evolution_ga_Zaleplon_MPO/scores.csv	PORTABLE_USER_ROOT/spectralMol/merged_fresh_repro_20260818_083101/guacamol_mpo_v3/seed_8/task_16_Zaleplon_MPO/compare_GuacaMol_20260818_083107/comparison_task_best_seed_summary.tsv
8	16	Zaleplon_MPO	mpo	graphga	8	0.586033	0.37119829100351054	230173	1	gmean	PORTABLE_USER_ROOT/spectralMol/merged_fresh_repro_20260818_083101/guacamol_mpo_v3/seed_8/task_16_Zaleplon_MPO/compare_GuacaMol_20260818_083107/runs/graphga/seed_8/2026_08_18_graphGA_benchmark_08_51_52/2026_08_18_graphGA_Zaleplon_MPO/scores.csv	PORTABLE_USER_ROOT/spectralMol/merged_fresh_repro_20260818_083101/guacamol_mpo_v3/seed_8/task_16_Zaleplon_MPO/compare_GuacaMol_20260818_083107/comparison_task_best_seed_summary.tsv
8	17	Valsartan_smarts	smarts	graphga	8	0.031565	0.02008609538260744	221738	1	gmean	PORTABLE_USER_ROOT/spectralMol/merged_fresh_repro_20260818_083101/guacamol_mpo_v3/seed_8/task_17_Valsartan_smarts/compare_GuacaMol_20260818_083107/runs/graphga/seed_8/2026_08_18_graphGA_benchmark_08_51_47/2026_08_18_graphGA_Valsartan_smarts/scores.csv	PORTABLE_USER_ROOT/spectralMol/merged_fresh_repro_20260818_083101/guacamol_mpo_v3/seed_8/task_17_Valsartan_smarts/compare_GuacaMol_20260818_083107/comparison_task_best_seed_summary.tsv
8	17	Valsartan_smarts	smarts	spectralmol	8	0.030919	0.0001504670279591079	128256	1	gmean	PORTABLE_USER_ROOT/spectralMol/merged_fresh_repro_20260818_083101/guacamol_mpo_v3/seed_8/task_17_Valsartan_smarts/compare_GuacaMol_20260818_083107/runs/spectralmol/seed_8/case_GuacaMol_20260818_083108/benchmark_runs/2026_08_18_evolution_ga_benchmark_08_31_18/2026_08_18_evolution_ga_Valsartan_smarts/scores.csv	PORTABLE_USER_ROOT/spectralMol/merged_fresh_repro_20260818_083101/guacamol_mpo_v3/seed_8/task_17_Valsartan_smarts/compare_GuacaMol_20260818_083107/comparison_task_best_seed_summary.tsv
8	18	Deco_hop	hopping	graphga	8	0.750000	0.6782806495648404	246159	1	amean	PORTABLE_USER_ROOT/spectralMol/merged_fresh_repro_20260818_083101/guacamol_mpo_v3/seed_8/task_18_Deco_hop/compare_GuacaMol_20260818_083108/runs/graphga/seed_8/2026_08_18_graphGA_benchmark_08_49_42/2026_08_18_graphGA_Deco_hop/scores.csv	PORTABLE_USER_ROOT/spectralMol/merged_fresh_repro_20260818_083101/guacamol_mpo_v3/seed_8/task_18_Deco_hop/compare_GuacaMol_20260818_083108/comparison_task_best_seed_summary.tsv
8	18	Deco_hop	hopping	spectralmol	8	0.617955	0.5013754479785498	128256	1	amean	PORTABLE_USER_ROOT/spectralMol/merged_fresh_repro_20260818_083101/guacamol_mpo_v3/seed_8/task_18_Deco_hop/compare_GuacaMol_20260818_083108/runs/spectralmol/seed_8/case_GuacaMol_20260818_083109/benchmark_runs/2026_08_18_evolution_ga_benchmark_08_31_20/2026_08_18_evolution_ga_Deco_hop/scores.csv	PORTABLE_USER_ROOT/spectralMol/merged_fresh_repro_20260818_083101/guacamol_mpo_v3/seed_8/task_18_Deco_hop/compare_GuacaMol_20260818_083108/comparison_task_best_seed_summary.tsv
8	19	Scaffold_hop	hopping	graphga	8	0.666667	0.5770928252086956	245317	1	amean	PORTABLE_USER_ROOT/spectralMol/merged_fresh_repro_20260818_083101/guacamol_mpo_v3/seed_8/task_19_Scaffold_hop/compare_GuacaMol_20260818_083108/runs/graphga/seed_8/2026_08_18_graphGA_benchmark_08_53_26/2026_08_18_graphGA_Scaffold_hop/scores.csv	PORTABLE_USER_ROOT/spectralMol/merged_fresh_repro_20260818_083101/guacamol_mpo_v3/seed_8/task_19_Scaffold_hop/compare_GuacaMol_20260818_083108/comparison_task_best_seed_summary.tsv
8	19	Scaffold_hop	hopping	spectralmol	8	0.666667	0.34981682533711744	128256	1	amean	PORTABLE_USER_ROOT/spectralMol/merged_fresh_repro_20260818_083101/guacamol_mpo_v3/seed_8/task_19_Scaffold_hop/compare_GuacaMol_20260818_083108/runs/spectralmol/seed_8/case_GuacaMol_20260818_083110/benchmark_runs/2026_08_18_evolution_ga_benchmark_08_31_22/2026_08_18_evolution_ga_Scaffold_hop/scores.csv	PORTABLE_USER_ROOT/spectralMol/merged_fresh_repro_20260818_083101/guacamol_mpo_v3/seed_8/task_19_Scaffold_hop/compare_GuacaMol_20260818_083108/comparison_task_best_seed_summary.tsv
8	1	Troglitazone_rediscovery	rediscovery	spectralmol	8	1.000000	0.09879340060912284	128256	1	single	PORTABLE_USER_ROOT/spectralMol/merged_fresh_repro_20260818_083101/guacamol_mpo_v3/seed_8/task_1_Troglitazone_rediscovery/compare_GuacaMol_20260818_083107/runs/spectralmol/seed_8/case_GuacaMol_20260818_083109/benchmark_runs/2026_08_18_evolution_ga_benchmark_08_31_20/2026_08_18_evolution_ga_Troglitazone_rediscovery/scores.csv	PORTABLE_USER_ROOT/spectralMol/merged_fresh_repro_20260818_083101/guacamol_mpo_v3/seed_8/task_1_Troglitazone_rediscovery/compare_GuacaMol_20260818_083107/comparison_task_best_seed_summary.tsv
8	1	Troglitazone_rediscovery	rediscovery	graphga	8	0.513761	0.415856514796995	214454	1	single	PORTABLE_USER_ROOT/spectralMol/merged_fresh_repro_20260818_083101/guacamol_mpo_v3/seed_8/task_1_Troglitazone_rediscovery/compare_GuacaMol_20260818_083107/runs/graphga/seed_8/2026_08_18_graphGA_benchmark_08_51_21/2026_08_18_graphGA_Troglitazone_rediscovery/scores.csv	PORTABLE_USER_ROOT/spectralMol/merged_fresh_repro_20260818_083101/guacamol_mpo_v3/seed_8/task_1_Troglitazone_rediscovery/compare_GuacaMol_20260818_083107/comparison_task_best_seed_summary.tsv
8	2	Thiothixene_rediscovery	rediscovery	spectralmol	8	1.000000	0.06208810832777274	128256	1	single	PORTABLE_USER_ROOT/spectralMol/merged_fresh_repro_20260818_083101/guacamol_mpo_v3/seed_8/task_2_Thiothixene_rediscovery/compare_GuacaMol_20260818_083107/runs/spectralmol/seed_8/case_GuacaMol_20260818_083108/benchmark_runs/2026_08_18_evolution_ga_benchmark_08_31_18/2026_08_18_evolution_ga_Thiothixene_rediscovery/scores.csv	PORTABLE_USER_ROOT/spectralMol/merged_fresh_repro_20260818_083101/guacamol_mpo_v3/seed_8/task_2_Thiothixene_rediscovery/compare_GuacaMol_20260818_083107/comparison_task_best_seed_summary.tsv
8	2	Thiothixene_rediscovery	rediscovery	graphga	8	0.696078	0.5687931522879679	190377	1	single	PORTABLE_USER_ROOT/spectralMol/merged_fresh_repro_20260818_083101/guacamol_mpo_v3/seed_8/task_2_Thiothixene_rediscovery/compare_GuacaMol_20260818_083107/runs/graphga/seed_8/2026_08_18_graphGA_benchmark_09_02_00/2026_08_18_graphGA_Thiothixene_rediscovery/scores.csv	PORTABLE_USER_ROOT/spectralMol/merged_fresh_repro_20260818_083101/guacamol_mpo_v3/seed_8/task_2_Thiothixene_rediscovery/compare_GuacaMol_20260818_083107/comparison_task_best_seed_summary.tsv
8	3	Aripiprazole_similarity	similarity	spectralmol	8	1.000000	0.08306499815251805	128256	1	single	PORTABLE_USER_ROOT/spectralMol/merged_fresh_repro_20260818_083101/guacamol_mpo_v3/seed_8/task_3_Aripiprazole_similarity/compare_GuacaMol_20260818_083107/runs/spectralmol/seed_8/case_GuacaMol_20260818_083108/benchmark_runs/2026_08_18_evolution_ga_benchmark_08_31_18/2026_08_18_evolution_ga_Aripiprazole_similarity/scores.csv	PORTABLE_USER_ROOT/spectralMol/merged_fresh_repro_20260818_083101/guacamol_mpo_v3/seed_8/task_3_Aripiprazole_similarity/compare_GuacaMol_20260818_083107/comparison_task_best_seed_summary.tsv
8	3	Aripiprazole_similarity	similarity	graphga	8	0.920962	0.7449754336573701	225806	1	single	PORTABLE_USER_ROOT/spectralMol/merged_fresh_repro_20260818_083101/guacamol_mpo_v3/seed_8/task_3_Aripiprazole_similarity/compare_GuacaMol_20260818_083107/runs/graphga/seed_8/2026_08_18_graphGA_benchmark_09_00_03/2026_08_18_graphGA_Aripiprazole_similarity/scores.csv	PORTABLE_USER_ROOT/spectralMol/merged_fresh_repro_20260818_083101/guacamol_mpo_v3/seed_8/task_3_Aripiprazole_similarity/compare_GuacaMol_20260818_083107/comparison_task_best_seed_summary.tsv
8	4	Albuterol_similarity	similarity	graphga	8	1.000000	0.7906347526570316	246318	1	single	PORTABLE_USER_ROOT/spectralMol/merged_fresh_repro_20260818_083101/guacamol_mpo_v3/seed_8/task_4_Albuterol_similarity/compare_GuacaMol_20260818_083107/runs/graphga/seed_8/2026_08_18_graphGA_benchmark_09_54_42/2026_08_18_graphGA_Albuterol_similarity/scores.csv	PORTABLE_USER_ROOT/spectralMol/merged_fresh_repro_20260818_083101/guacamol_mpo_v3/seed_8/task_4_Albuterol_similarity/compare_GuacaMol_20260818_083107/comparison_task_best_seed_summary.tsv
8	4	Albuterol_similarity	similarity	spectralmol	8	0.611111	0.16358872112624154	128256	1	single	PORTABLE_USER_ROOT/spectralMol/merged_fresh_repro_20260818_083101/guacamol_mpo_v3/seed_8/task_4_Albuterol_similarity/compare_GuacaMol_20260818_083107/runs/spectralmol/seed_8/case_GuacaMol_20260818_083108/benchmark_runs/2026_08_18_evolution_ga_benchmark_08_31_18/2026_08_18_evolution_ga_Albuterol_similarity/scores.csv	PORTABLE_USER_ROOT/spectralMol/merged_fresh_repro_20260818_083101/guacamol_mpo_v3/seed_8/task_4_Albuterol_similarity/compare_GuacaMol_20260818_083107/comparison_task_best_seed_summary.tsv
8	5	Mestranol_similarity	similarity	spectralmol	8	1.000000	0.10652101670562623	128256	1	single	PORTABLE_USER_ROOT/spectralMol/merged_fresh_repro_20260818_083101/guacamol_mpo_v3/seed_8/task_5_Mestranol_similarity/compare_GuacaMol_20260818_083107/runs/spectralmol/seed_8/case_GuacaMol_20260818_083108/benchmark_runs/2026_08_18_evolution_ga_benchmark_08_31_18/2026_08_18_evolution_ga_Mestranol_similarity/scores.csv	PORTABLE_USER_ROOT/spectralMol/merged_fresh_repro_20260818_083101/guacamol_mpo_v3/seed_8/task_5_Mestranol_similarity/compare_GuacaMol_20260818_083107/comparison_task_best_seed_summary.tsv
8	5	Mestranol_similarity	similarity	graphga	8	0.848087	0.6467209039775877	211351	1	single	PORTABLE_USER_ROOT/spectralMol/merged_fresh_repro_20260818_083101/guacamol_mpo_v3/seed_8/task_5_Mestranol_similarity/compare_GuacaMol_20260818_083107/runs/graphga/seed_8/2026_08_18_graphGA_benchmark_08_54_00/2026_08_18_graphGA_Mestranol_similarity/scores.csv	PORTABLE_USER_ROOT/spectralMol/merged_fresh_repro_20260818_083101/guacamol_mpo_v3/seed_8/task_5_Mestranol_similarity/compare_GuacaMol_20260818_083107/comparison_task_best_seed_summary.tsv
8	6	C11H24	isomer	graphga	8	1.000000	0.6066058087583154	199041	1	single	PORTABLE_USER_ROOT/spectralMol/merged_fresh_repro_20260818_083101/guacamol_mpo_v3/seed_8/task_6_C11H24/compare_GuacaMol_20260818_083107/runs/graphga/seed_8/2026_08_18_graphGA_benchmark_08_47_56/2026_08_18_graphGA_C11H24/scores.csv	PORTABLE_USER_ROOT/spectralMol/merged_fresh_repro_20260818_083101/guacamol_mpo_v3/seed_8/task_6_C11H24/compare_GuacaMol_20260818_083107/comparison_task_best_seed_summary.tsv
8	6	C11H24	isomer	spectralmol	8	1.000000	0.011403913609450755	128256	1	single	PORTABLE_USER_ROOT/spectralMol/merged_fresh_repro_20260818_083101/guacamol_mpo_v3/seed_8/task_6_C11H24/compare_GuacaMol_20260818_083107/runs/spectralmol/seed_8/case_GuacaMol_20260818_083109/benchmark_runs/2026_08_18_evolution_ga_benchmark_08_31_20/2026_08_18_evolution_ga_C11H24/scores.csv	PORTABLE_USER_ROOT/spectralMol/merged_fresh_repro_20260818_083101/guacamol_mpo_v3/seed_8/task_6_C11H24/compare_GuacaMol_20260818_083107/comparison_task_best_seed_summary.tsv
8	7	C9H10N2O2PF2Cl	isomer	spectralmol	8	1.000000	0.13707013122936845	128256	1	single	PORTABLE_USER_ROOT/spectralMol/merged_fresh_repro_20260818_083101/guacamol_mpo_v3/seed_8/task_7_C9H10N2O2PF2Cl/compare_GuacaMol_20260818_083107/runs/spectralmol/seed_8/case_GuacaMol_20260818_083109/benchmark_runs/2026_08_18_evolution_ga_benchmark_08_31_20/2026_08_18_evolution_ga_C9H10N2O2PF2Cl/scores.csv	PORTABLE_USER_ROOT/spectralMol/merged_fresh_repro_20260818_083101/guacamol_mpo_v3/seed_8/task_7_C9H10N2O2PF2Cl/compare_GuacaMol_20260818_083107/comparison_task_best_seed_summary.tsv
8	7	C9H10N2O2PF2Cl	isomer	graphga	8	0.924849	0.5865324613668083	251481	1	single	PORTABLE_USER_ROOT/spectralMol/merged_fresh_repro_20260818_083101/guacamol_mpo_v3/seed_8/task_7_C9H10N2O2PF2Cl/compare_GuacaMol_20260818_083107/runs/graphga/seed_8/2026_08_18_graphGA_benchmark_08_48_20/2026_08_18_graphGA_C9H10N2O2PF2Cl/scores.csv	PORTABLE_USER_ROOT/spectralMol/merged_fresh_repro_20260818_083101/guacamol_mpo_v3/seed_8/task_7_C9H10N2O2PF2Cl/compare_GuacaMol_20260818_083107/comparison_task_best_seed_summary.tsv
8	8	Median_molecules_1	median	spectralmol	8	0.406780	0.06025237505583755	128256	1	gmean	PORTABLE_USER_ROOT/spectralMol/merged_fresh_repro_20260818_083101/guacamol_mpo_v3/seed_8/task_8_Median_molecules_1/compare_GuacaMol_20260818_083107/runs/spectralmol/seed_8/case_GuacaMol_20260818_083109/benchmark_runs/2026_08_18_evolution_ga_benchmark_08_31_20/2026_08_18_evolution_ga_Median_molecules_1/scores.csv	PORTABLE_USER_ROOT/spectralMol/merged_fresh_repro_20260818_083101/guacamol_mpo_v3/seed_8/task_8_Median_molecules_1/compare_GuacaMol_20260818_083107/comparison_task_best_seed_summary.tsv
8	8	Median_molecules_1	median	graphga	8	0.311010	0.24867793086051726	222964	1	gmean	PORTABLE_USER_ROOT/spectralMol/merged_fresh_repro_20260818_083101/guacamol_mpo_v3/seed_8/task_8_Median_molecules_1/compare_GuacaMol_20260818_083107/runs/graphga/seed_8/2026_08_18_graphGA_benchmark_08_58_56/2026_08_18_graphGA_Median_molecules_1/scores.csv	PORTABLE_USER_ROOT/spectralMol/merged_fresh_repro_20260818_083101/guacamol_mpo_v3/seed_8/task_8_Median_molecules_1/compare_GuacaMol_20260818_083107/comparison_task_best_seed_summary.tsv
8	9	Median_molecules_2	median	spectralmol	8	0.402709	0.04341962739586723	128256	1	gmean	PORTABLE_USER_ROOT/spectralMol/merged_fresh_repro_20260818_083101/guacamol_mpo_v3/seed_8/task_9_Median_molecules_2/compare_GuacaMol_20260818_083107/runs/spectralmol/seed_8/case_GuacaMol_20260818_083109/benchmark_runs/2026_08_18_evolution_ga_benchmark_08_31_20/2026_08_18_evolution_ga_Median_molecules_2/scores.csv	PORTABLE_USER_ROOT/spectralMol/merged_fresh_repro_20260818_083101/guacamol_mpo_v3/seed_8/task_9_Median_molecules_2/compare_GuacaMol_20260818_083107/comparison_task_best_seed_summary.tsv
8	9	Median_molecules_2	median	graphga	8	0.342013	0.27939924712810993	209217	1	gmean	PORTABLE_USER_ROOT/spectralMol/merged_fresh_repro_20260818_083101/guacamol_mpo_v3/seed_8/task_9_Median_molecules_2/compare_GuacaMol_20260818_083107/runs/graphga/seed_8/2026_08_18_graphGA_benchmark_09_14_33/2026_08_18_graphGA_Median_molecules_2/scores.csv	PORTABLE_USER_ROOT/spectralMol/merged_fresh_repro_20260818_083101/guacamol_mpo_v3/seed_8/task_9_Median_molecules_2/compare_GuacaMol_20260818_083107/comparison_task_best_seed_summary.tsv
9	0	Celecoxib_rediscovery	rediscovery	spectralmol	9	1.000000	0.0656940806261463	128256	1	single	PORTABLE_USER_ROOT/spectralMol/merged_fresh_repro_20260818_083101/guacamol_mpo_v3/seed_9/task_0_Celecoxib_rediscovery/compare_GuacaMol_20260818_084949/runs/spectralmol/seed_9/case_GuacaMol_20260818_084951/benchmark_runs/2026_08_18_evolution_ga_benchmark_08_50_02/2026_08_18_evolution_ga_Celecoxib_rediscovery/scores.csv	PORTABLE_USER_ROOT/spectralMol/merged_fresh_repro_20260818_083101/guacamol_mpo_v3/seed_9/task_0_Celecoxib_rediscovery/compare_GuacaMol_20260818_084949/comparison_task_best_seed_summary.tsv
9	0	Celecoxib_rediscovery	rediscovery	graphga	9	0.775000	0.6214574271048426	203224	1	single	PORTABLE_USER_ROOT/spectralMol/merged_fresh_repro_20260818_083101/guacamol_mpo_v3/seed_9/task_0_Celecoxib_rediscovery/compare_GuacaMol_20260818_084949/runs/graphga/seed_9/2026_08_18_graphGA_benchmark_09_44_12/2026_08_18_graphGA_Celecoxib_rediscovery/scores.csv	PORTABLE_USER_ROOT/spectralMol/merged_fresh_repro_20260818_083101/guacamol_mpo_v3/seed_9/task_0_Celecoxib_rediscovery/compare_GuacaMol_20260818_084949/comparison_task_best_seed_summary.tsv
9	10	Osimertinib_MPO	mpo	spectralmol	9	0.997169	0.1429594073666814	128256	1	gmean	PORTABLE_USER_ROOT/spectralMol/merged_fresh_repro_20260818_083101/guacamol_mpo_v3/seed_9/task_10_Osimertinib_MPO/compare_GuacaMol_20260824_100416/runs/spectralmol/seed_9/case_GuacaMol_20260824_100417/benchmark_runs/2026_08_24_evolution_ga_benchmark_10_04_23/2026_08_24_evolution_ga_Osimertinib_MPO/scores.csv	PORTABLE_USER_ROOT/spectralMol/merged_fresh_repro_20260818_083101/guacamol_mpo_v3/seed_9/task_10_Osimertinib_MPO/compare_GuacaMol_20260824_100416/comparison_task_best_seed_summary.tsv
9	10	Osimertinib_MPO	mpo	graphga	9	0.928824	0.7099331080969881	248153	1	gmean	PORTABLE_USER_ROOT/spectralMol/merged_fresh_repro_20260818_083101/guacamol_mpo_v3/seed_9/task_10_Osimertinib_MPO/compare_GuacaMol_20260824_100416/runs/graphga/seed_9/2026_08_24_graphGA_benchmark_10_18_47/2026_08_24_graphGA_Osimertinib_MPO/scores.csv	PORTABLE_USER_ROOT/spectralMol/merged_fresh_repro_20260818_083101/guacamol_mpo_v3/seed_9/task_10_Osimertinib_MPO/compare_GuacaMol_20260824_100416/comparison_task_best_seed_summary.tsv
9	11	Fexofenadine_MPO	mpo	spectralmol	9	1.000000	0.15444686608685135	128256	1	gmean	PORTABLE_USER_ROOT/spectralMol/merged_fresh_repro_20260818_083101/guacamol_mpo_v3/seed_9/task_11_Fexofenadine_MPO/compare_GuacaMol_20260824_100416/runs/spectralmol/seed_9/case_GuacaMol_20260824_100417/benchmark_runs/2026_08_24_evolution_ga_benchmark_10_04_23/2026_08_24_evolution_ga_Fexofenadine_MPO/scores.csv	PORTABLE_USER_ROOT/spectralMol/merged_fresh_repro_20260818_083101/guacamol_mpo_v3/seed_9/task_11_Fexofenadine_MPO/compare_GuacaMol_20260824_100416/comparison_task_best_seed_summary.tsv
9	11	Fexofenadine_MPO	mpo	graphga	9	0.899790	0.6806504890880575	217230	1	gmean	PORTABLE_USER_ROOT/spectralMol/merged_fresh_repro_20260818_083101/guacamol_mpo_v3/seed_9/task_11_Fexofenadine_MPO/compare_GuacaMol_20260824_100416/runs/graphga/seed_9/2026_08_24_graphGA_benchmark_10_20_36/2026_08_24_graphGA_Fexofenadine_MPO/scores.csv	PORTABLE_USER_ROOT/spectralMol/merged_fresh_repro_20260818_083101/guacamol_mpo_v3/seed_9/task_11_Fexofenadine_MPO/compare_GuacaMol_20260824_100416/comparison_task_best_seed_summary.tsv
9	12	Ranolazine_MPO	mpo	spectralmol	9	0.909879	0.06810444800774432	128256	1	gmean	PORTABLE_USER_ROOT/spectralMol/merged_fresh_repro_20260818_083101/guacamol_mpo_v3/seed_9/task_12_Ranolazine_MPO/compare_GuacaMol_20260818_090610/runs/spectralmol/seed_9/case_GuacaMol_20260818_090610/benchmark_runs/2026_08_18_evolution_ga_benchmark_09_06_15/2026_08_18_evolution_ga_Ranolazine_MPO/scores.csv	PORTABLE_USER_ROOT/spectralMol/merged_fresh_repro_20260818_083101/guacamol_mpo_v3/seed_9/task_12_Ranolazine_MPO/compare_GuacaMol_20260818_090610/comparison_task_best_seed_summary.tsv
9	12	Ranolazine_MPO	mpo	graphga	9	0.890010	0.6274182310919763	248052	1	gmean	PORTABLE_USER_ROOT/spectralMol/merged_fresh_repro_20260818_083101/guacamol_mpo_v3/seed_9/task_12_Ranolazine_MPO/compare_GuacaMol_20260818_090610/runs/graphga/seed_9/2026_08_18_graphGA_benchmark_09_21_54/2026_08_18_graphGA_Ranolazine_MPO/scores.csv	PORTABLE_USER_ROOT/spectralMol/merged_fresh_repro_20260818_083101/guacamol_mpo_v3/seed_9/task_12_Ranolazine_MPO/compare_GuacaMol_20260818_090610/comparison_task_best_seed_summary.tsv
9	13	Perindopril_MPO	mpo	graphga	9	0.693637	0.5267255740387785	223931	1	gmean	PORTABLE_USER_ROOT/spectralMol/merged_fresh_repro_20260818_083101/guacamol_mpo_v3/seed_9/task_13_Perindopril_MPO/compare_GuacaMol_20260818_090709/runs/graphga/seed_9/2026_08_18_graphGA_benchmark_09_23_47/2026_08_18_graphGA_Perindopril_MPO/scores.csv	PORTABLE_USER_ROOT/spectralMol/merged_fresh_repro_20260818_083101/guacamol_mpo_v3/seed_9/task_13_Perindopril_MPO/compare_GuacaMol_20260818_090709/comparison_task_best_seed_summary.tsv
9	13	Perindopril_MPO	mpo	spectralmol	9	0.420084	0.004518209474170627	128256	1	gmean	PORTABLE_USER_ROOT/spectralMol/merged_fresh_repro_20260818_083101/guacamol_mpo_v3/seed_9/task_13_Perindopril_MPO/compare_GuacaMol_20260818_090709/runs/spectralmol/seed_9/case_GuacaMol_20260818_090709/benchmark_runs/2026_08_18_evolution_ga_benchmark_09_07_14/2026_08_18_evolution_ga_Perindopril_MPO/scores.csv	PORTABLE_USER_ROOT/spectralMol/merged_fresh_repro_20260818_083101/guacamol_mpo_v3/seed_9/task_13_Perindopril_MPO/compare_GuacaMol_20260818_090709/comparison_task_best_seed_summary.tsv
9	14	Amlodipine_MPO	mpo	spectralmol	9	0.876596	0.056185890864779625	128256	1	gmean	PORTABLE_USER_ROOT/spectralMol/merged_fresh_repro_20260818_083101/guacamol_mpo_v3/seed_9/task_14_Amlodipine_MPO/compare_GuacaMol_20260818_090709/runs/spectralmol/seed_9/case_GuacaMol_20260818_090709/benchmark_runs/2026_08_18_evolution_ga_benchmark_09_07_14/2026_08_18_evolution_ga_Amlodipine_MPO/scores.csv	PORTABLE_USER_ROOT/spectralMol/merged_fresh_repro_20260818_083101/guacamol_mpo_v3/seed_9/task_14_Amlodipine_MPO/compare_GuacaMol_20260818_090709/comparison_task_best_seed_summary.tsv
9	14	Amlodipine_MPO	mpo	graphga	9	0.837931	0.646754730620796	237870	1	gmean	PORTABLE_USER_ROOT/spectralMol/merged_fresh_repro_20260818_083101/guacamol_mpo_v3/seed_9/task_14_Amlodipine_MPO/compare_GuacaMol_20260818_090709/runs/graphga/seed_9/2026_08_18_graphGA_benchmark_09_25_18/2026_08_18_graphGA_Amlodipine_MPO/scores.csv	PORTABLE_USER_ROOT/spectralMol/merged_fresh_repro_20260818_083101/guacamol_mpo_v3/seed_9/task_14_Amlodipine_MPO/compare_GuacaMol_20260818_090709/comparison_task_best_seed_summary.tsv
9	15	Sitagliptin_MPO	mpo	graphga	9	0.837973	0.48859572549951436	207820	1	gmean	PORTABLE_USER_ROOT/spectralMol/merged_fresh_repro_20260818_083101/guacamol_mpo_v3/seed_9/task_15_Sitagliptin_MPO/compare_GuacaMol_20260818_090709/runs/graphga/seed_9/2026_08_18_graphGA_benchmark_09_26_29/2026_08_18_graphGA_Sitagliptin_MPO/scores.csv	PORTABLE_USER_ROOT/spectralMol/merged_fresh_repro_20260818_083101/guacamol_mpo_v3/seed_9/task_15_Sitagliptin_MPO/compare_GuacaMol_20260818_090709/comparison_task_best_seed_summary.tsv
9	15	Sitagliptin_MPO	mpo	spectralmol	9	0.731710	0.013908505141233849	128256	1	gmean	PORTABLE_USER_ROOT/spectralMol/merged_fresh_repro_20260818_083101/guacamol_mpo_v3/seed_9/task_15_Sitagliptin_MPO/compare_GuacaMol_20260818_090709/runs/spectralmol/seed_9/case_GuacaMol_20260818_090709/benchmark_runs/2026_08_18_evolution_ga_benchmark_09_07_14/2026_08_18_evolution_ga_Sitagliptin_MPO/scores.csv	PORTABLE_USER_ROOT/spectralMol/merged_fresh_repro_20260818_083101/guacamol_mpo_v3/seed_9/task_15_Sitagliptin_MPO/compare_GuacaMol_20260818_090709/comparison_task_best_seed_summary.tsv
9	16	Zaleplon_MPO	mpo	spectralmol	9	0.693637	0.012280213807340996	128256	1	gmean	PORTABLE_USER_ROOT/spectralMol/merged_fresh_repro_20260818_083101/guacamol_mpo_v3/seed_9/task_16_Zaleplon_MPO/compare_GuacaMol_20260824_100416/runs/spectralmol/seed_9/case_GuacaMol_20260824_100417/benchmark_runs/2026_08_24_evolution_ga_benchmark_10_04_23/2026_08_24_evolution_ga_Zaleplon_MPO/scores.csv	PORTABLE_USER_ROOT/spectralMol/merged_fresh_repro_20260818_083101/guacamol_mpo_v3/seed_9/task_16_Zaleplon_MPO/compare_GuacaMol_20260824_100416/comparison_task_best_seed_summary.tsv
9	16	Zaleplon_MPO	mpo	graphga	9	0.612372	0.3629613504505317	239522	1	gmean	PORTABLE_USER_ROOT/spectralMol/merged_fresh_repro_20260818_083101/guacamol_mpo_v3/seed_9/task_16_Zaleplon_MPO/compare_GuacaMol_20260824_100416/runs/graphga/seed_9/2026_08_24_graphGA_benchmark_10_22_55/2026_08_24_graphGA_Zaleplon_MPO/scores.csv	PORTABLE_USER_ROOT/spectralMol/merged_fresh_repro_20260818_083101/guacamol_mpo_v3/seed_9/task_16_Zaleplon_MPO/compare_GuacaMol_20260824_100416/comparison_task_best_seed_summary.tsv
9	17	Valsartan_smarts	smarts	graphga	9	0.031608	0.020507897693070893	211771	1	gmean	PORTABLE_USER_ROOT/spectralMol/merged_fresh_repro_20260818_083101/guacamol_mpo_v3/seed_9/task_17_Valsartan_smarts/compare_GuacaMol_20260824_100416/runs/graphga/seed_9/2026_08_24_graphGA_benchmark_10_20_53/2026_08_24_graphGA_Valsartan_smarts/scores.csv	PORTABLE_USER_ROOT/spectralMol/merged_fresh_repro_20260818_083101/guacamol_mpo_v3/seed_9/task_17_Valsartan_smarts/compare_GuacaMol_20260824_100416/comparison_task_best_seed_summary.tsv
9	17	Valsartan_smarts	smarts	spectralmol	9	0.031382	0.0001608745242616578	128256	1	gmean	PORTABLE_USER_ROOT/spectralMol/merged_fresh_repro_20260818_083101/guacamol_mpo_v3/seed_9/task_17_Valsartan_smarts/compare_GuacaMol_20260824_100416/runs/spectralmol/seed_9/case_GuacaMol_20260824_100417/benchmark_runs/2026_08_24_evolution_ga_benchmark_10_04_23/2026_08_24_evolution_ga_Valsartan_smarts/scores.csv	PORTABLE_USER_ROOT/spectralMol/merged_fresh_repro_20260818_083101/guacamol_mpo_v3/seed_9/task_17_Valsartan_smarts/compare_GuacaMol_20260824_100416/comparison_task_best_seed_summary.tsv
9	18	Deco_hop	hopping	graphga	9	0.750000	0.6737359726855499	245313	1	amean	PORTABLE_USER_ROOT/spectralMol/merged_fresh_repro_20260818_083101/guacamol_mpo_v3/seed_9/task_18_Deco_hop/compare_GuacaMol_20260818_090933/runs/graphga/seed_9/2026_08_18_graphGA_benchmark_09_27_34/2026_08_18_graphGA_Deco_hop/scores.csv	PORTABLE_USER_ROOT/spectralMol/merged_fresh_repro_20260818_083101/guacamol_mpo_v3/seed_9/task_18_Deco_hop/compare_GuacaMol_20260818_090933/comparison_task_best_seed_summary.tsv
9	18	Deco_hop	hopping	spectralmol	9	0.617955	0.5019627544376597	128256	1	amean	PORTABLE_USER_ROOT/spectralMol/merged_fresh_repro_20260818_083101/guacamol_mpo_v3/seed_9/task_18_Deco_hop/compare_GuacaMol_20260818_090933/runs/spectralmol/seed_9/case_GuacaMol_20260818_090934/benchmark_runs/2026_08_18_evolution_ga_benchmark_09_09_43/2026_08_18_evolution_ga_Deco_hop/scores.csv	PORTABLE_USER_ROOT/spectralMol/merged_fresh_repro_20260818_083101/guacamol_mpo_v3/seed_9/task_18_Deco_hop/compare_GuacaMol_20260818_090933/comparison_task_best_seed_summary.tsv
9	19	Scaffold_hop	hopping	graphga	9	0.666667	0.5753580558105195	249623	1	amean	PORTABLE_USER_ROOT/spectralMol/merged_fresh_repro_20260818_083101/guacamol_mpo_v3/seed_9/task_19_Scaffold_hop/compare_GuacaMol_20260818_090935/runs/graphga/seed_9/2026_08_18_graphGA_benchmark_09_29_32/2026_08_18_graphGA_Scaffold_hop/scores.csv	PORTABLE_USER_ROOT/spectralMol/merged_fresh_repro_20260818_083101/guacamol_mpo_v3/seed_9/task_19_Scaffold_hop/compare_GuacaMol_20260818_090935/comparison_task_best_seed_summary.tsv
9	19	Scaffold_hop	hopping	spectralmol	9	0.666667	0.34775920650689807	128256	1	amean	PORTABLE_USER_ROOT/spectralMol/merged_fresh_repro_20260818_083101/guacamol_mpo_v3/seed_9/task_19_Scaffold_hop/compare_GuacaMol_20260818_090935/runs/spectralmol/seed_9/case_GuacaMol_20260818_090935/benchmark_runs/2026_08_18_evolution_ga_benchmark_09_09_40/2026_08_18_evolution_ga_Scaffold_hop/scores.csv	PORTABLE_USER_ROOT/spectralMol/merged_fresh_repro_20260818_083101/guacamol_mpo_v3/seed_9/task_19_Scaffold_hop/compare_GuacaMol_20260818_090935/comparison_task_best_seed_summary.tsv
9	1	Troglitazone_rediscovery	rediscovery	spectralmol	9	1.000000	0.06982406901231047	128256	1	single	PORTABLE_USER_ROOT/spectralMol/merged_fresh_repro_20260818_083101/guacamol_mpo_v3/seed_9/task_1_Troglitazone_rediscovery/compare_GuacaMol_20260818_085256/runs/spectralmol/seed_9/case_GuacaMol_20260818_085258/benchmark_runs/2026_08_18_evolution_ga_benchmark_08_53_09/2026_08_18_evolution_ga_Troglitazone_rediscovery/scores.csv	PORTABLE_USER_ROOT/spectralMol/merged_fresh_repro_20260818_083101/guacamol_mpo_v3/seed_9/task_1_Troglitazone_rediscovery/compare_GuacaMol_20260818_085256/comparison_task_best_seed_summary.tsv
9	1	Troglitazone_rediscovery	rediscovery	graphga	9	0.537736	0.4388106963266858	215346	1	single	PORTABLE_USER_ROOT/spectralMol/merged_fresh_repro_20260818_083101/guacamol_mpo_v3/seed_9/task_1_Troglitazone_rediscovery/compare_GuacaMol_20260818_085256/runs/graphga/seed_9/2026_08_18_graphGA_benchmark_09_11_02/2026_08_18_graphGA_Troglitazone_rediscovery/scores.csv	PORTABLE_USER_ROOT/spectralMol/merged_fresh_repro_20260818_083101/guacamol_mpo_v3/seed_9/task_1_Troglitazone_rediscovery/compare_GuacaMol_20260818_085256/comparison_task_best_seed_summary.tsv
9	2	Thiothixene_rediscovery	rediscovery	spectralmol	9	1.000000	0.0606958378024372	128256	1	single	PORTABLE_USER_ROOT/spectralMol/merged_fresh_repro_20260818_083101/guacamol_mpo_v3/seed_9/task_2_Thiothixene_rediscovery/compare_GuacaMol_20260818_085342/runs/spectralmol/seed_9/case_GuacaMol_20260818_085343/benchmark_runs/2026_08_18_evolution_ga_benchmark_08_53_47/2026_08_18_evolution_ga_Thiothixene_rediscovery/scores.csv	PORTABLE_USER_ROOT/spectralMol/merged_fresh_repro_20260818_083101/guacamol_mpo_v3/seed_9/task_2_Thiothixene_rediscovery/compare_GuacaMol_20260818_085342/comparison_task_best_seed_summary.tsv
9	2	Thiothixene_rediscovery	rediscovery	graphga	9	0.663265	0.5281382170236223	217548	1	single	PORTABLE_USER_ROOT/spectralMol/merged_fresh_repro_20260818_083101/guacamol_mpo_v3/seed_9/task_2_Thiothixene_rediscovery/compare_GuacaMol_20260818_085342/runs/graphga/seed_9/2026_08_18_graphGA_benchmark_09_14_56/2026_08_18_graphGA_Thiothixene_rediscovery/scores.csv	PORTABLE_USER_ROOT/spectralMol/merged_fresh_repro_20260818_083101/guacamol_mpo_v3/seed_9/task_2_Thiothixene_rediscovery/compare_GuacaMol_20260818_085342/comparison_task_best_seed_summary.tsv
9	3	Aripiprazole_similarity	similarity	graphga	9	1.000000	0.7931762320827348	216363	1	single	PORTABLE_USER_ROOT/spectralMol/merged_fresh_repro_20260818_083101/guacamol_mpo_v3/seed_9/task_3_Aripiprazole_similarity/compare_GuacaMol_20260818_090031/runs/graphga/seed_9/2026_08_18_graphGA_benchmark_09_22_24/2026_08_18_graphGA_Aripiprazole_similarity/scores.csv	PORTABLE_USER_ROOT/spectralMol/merged_fresh_repro_20260818_083101/guacamol_mpo_v3/seed_9/task_3_Aripiprazole_similarity/compare_GuacaMol_20260818_090031/comparison_task_best_seed_summary.tsv
9	3	Aripiprazole_similarity	similarity	spectralmol	9	1.000000	0.07375546517934815	128256	1	single	PORTABLE_USER_ROOT/spectralMol/merged_fresh_repro_20260818_083101/guacamol_mpo_v3/seed_9/task_3_Aripiprazole_similarity/compare_GuacaMol_20260818_090031/runs/spectralmol/seed_9/case_GuacaMol_20260818_090032/benchmark_runs/2026_08_18_evolution_ga_benchmark_09_00_37/2026_08_18_evolution_ga_Aripiprazole_similarity/scores.csv	PORTABLE_USER_ROOT/spectralMol/merged_fresh_repro_20260818_083101/guacamol_mpo_v3/seed_9/task_3_Aripiprazole_similarity/compare_GuacaMol_20260818_090031/comparison_task_best_seed_summary.tsv
9	4	Albuterol_similarity	similarity	graphga	9	1.000000	0.7860180481604739	245407	1	single	PORTABLE_USER_ROOT/spectralMol/merged_fresh_repro_20260818_083101/guacamol_mpo_v3/seed_9/task_4_Albuterol_similarity/compare_GuacaMol_20260818_090106/runs/graphga/seed_9/2026_08_18_graphGA_benchmark_09_14_08/2026_08_18_graphGA_Albuterol_similarity/scores.csv	PORTABLE_USER_ROOT/spectralMol/merged_fresh_repro_20260818_083101/guacamol_mpo_v3/seed_9/task_4_Albuterol_similarity/compare_GuacaMol_20260818_090106/comparison_task_best_seed_summary.tsv
9	4	Albuterol_similarity	similarity	spectralmol	9	0.608187	0.18307618528506756	128256	1	single	PORTABLE_USER_ROOT/spectralMol/merged_fresh_repro_20260818_083101/guacamol_mpo_v3/seed_9/task_4_Albuterol_similarity/compare_GuacaMol_20260818_090106/runs/spectralmol/seed_9/case_GuacaMol_20260818_090107/benchmark_runs/2026_08_18_evolution_ga_benchmark_09_01_11/2026_08_18_evolution_ga_Albuterol_similarity/scores.csv	PORTABLE_USER_ROOT/spectralMol/merged_fresh_repro_20260818_083101/guacamol_mpo_v3/seed_9/task_4_Albuterol_similarity/compare_GuacaMol_20260818_090106/comparison_task_best_seed_summary.tsv
9	5	Mestranol_similarity	similarity	spectralmol	9	1.000000	0.10627647169468873	128256	1	single	PORTABLE_USER_ROOT/spectralMol/merged_fresh_repro_20260818_083101/guacamol_mpo_v3/seed_9/task_5_Mestranol_similarity/compare_GuacaMol_20260818_090306/runs/spectralmol/seed_9/case_GuacaMol_20260818_090306/benchmark_runs/2026_08_18_evolution_ga_benchmark_09_03_11/2026_08_18_evolution_ga_Mestranol_similarity/scores.csv	PORTABLE_USER_ROOT/spectralMol/merged_fresh_repro_20260818_083101/guacamol_mpo_v3/seed_9/task_5_Mestranol_similarity/compare_GuacaMol_20260818_090306/comparison_task_best_seed_summary.tsv
9	5	Mestranol_similarity	similarity	graphga	9	0.713846	0.5967463165572005	208963	1	single	PORTABLE_USER_ROOT/spectralMol/merged_fresh_repro_20260818_083101/guacamol_mpo_v3/seed_9/task_5_Mestranol_similarity/compare_GuacaMol_20260818_090306/runs/graphga/seed_9/2026_08_18_graphGA_benchmark_09_23_30/2026_08_18_graphGA_Mestranol_similarity/scores.csv	PORTABLE_USER_ROOT/spectralMol/merged_fresh_repro_20260818_083101/guacamol_mpo_v3/seed_9/task_5_Mestranol_similarity/compare_GuacaMol_20260818_090306/comparison_task_best_seed_summary.tsv
9	6	C11H24	isomer	graphga	9	1.000000	0.6258100127885274	191907	1	single	PORTABLE_USER_ROOT/spectralMol/merged_fresh_repro_20260818_083101/guacamol_mpo_v3/seed_9/task_6_C11H24/compare_GuacaMol_20260818_090327/runs/graphga/seed_9/2026_08_18_graphGA_benchmark_09_16_47/2026_08_18_graphGA_C11H24/scores.csv	PORTABLE_USER_ROOT/spectralMol/merged_fresh_repro_20260818_083101/guacamol_mpo_v3/seed_9/task_6_C11H24/compare_GuacaMol_20260818_090327/comparison_task_best_seed_summary.tsv
9	6	C11H24	isomer	spectralmol	9	1.000000	0.02003580056416359	128256	1	single	PORTABLE_USER_ROOT/spectralMol/merged_fresh_repro_20260818_083101/guacamol_mpo_v3/seed_9/task_6_C11H24/compare_GuacaMol_20260818_090327/runs/spectralmol/seed_9/case_GuacaMol_20260818_090327/benchmark_runs/2026_08_18_evolution_ga_benchmark_09_03_32/2026_08_18_evolution_ga_C11H24/scores.csv	PORTABLE_USER_ROOT/spectralMol/merged_fresh_repro_20260818_083101/guacamol_mpo_v3/seed_9/task_6_C11H24/compare_GuacaMol_20260818_090327/comparison_task_best_seed_summary.tsv
9	7	C9H10N2O2PF2Cl	isomer	spectralmol	9	0.924849	0.19093389339082392	128256	1	single	PORTABLE_USER_ROOT/spectralMol/merged_fresh_repro_20260818_083101/guacamol_mpo_v3/seed_9/task_7_C9H10N2O2PF2Cl/compare_GuacaMol_20260818_090431/runs/spectralmol/seed_9/case_GuacaMol_20260818_090431/benchmark_runs/2026_08_18_evolution_ga_benchmark_09_04_36/2026_08_18_evolution_ga_C9H10N2O2PF2Cl/scores.csv	PORTABLE_USER_ROOT/spectralMol/merged_fresh_repro_20260818_083101/guacamol_mpo_v3/seed_9/task_7_C9H10N2O2PF2Cl/compare_GuacaMol_20260818_090431/comparison_task_best_seed_summary.tsv
9	7	C9H10N2O2PF2Cl	isomer	graphga	9	0.834806	0.5923794455060309	235862	1	single	PORTABLE_USER_ROOT/spectralMol/merged_fresh_repro_20260818_083101/guacamol_mpo_v3/seed_9/task_7_C9H10N2O2PF2Cl/compare_GuacaMol_20260818_090431/runs/graphga/seed_9/2026_08_18_graphGA_benchmark_09_16_52/2026_08_18_graphGA_C9H10N2O2PF2Cl/scores.csv	PORTABLE_USER_ROOT/spectralMol/merged_fresh_repro_20260818_083101/guacamol_mpo_v3/seed_9/task_7_C9H10N2O2PF2Cl/compare_GuacaMol_20260818_090431/comparison_task_best_seed_summary.tsv
9	8	Median_molecules_1	median	spectralmol	9	0.406780	0.05110579938709611	128256	1	gmean	PORTABLE_USER_ROOT/spectralMol/merged_fresh_repro_20260818_083101/guacamol_mpo_v3/seed_9/task_8_Median_molecules_1/compare_GuacaMol_20260818_090451/runs/spectralmol/seed_9/case_GuacaMol_20260818_090451/benchmark_runs/2026_08_18_evolution_ga_benchmark_09_04_56/2026_08_18_evolution_ga_Median_molecules_1/scores.csv	PORTABLE_USER_ROOT/spectralMol/merged_fresh_repro_20260818_083101/guacamol_mpo_v3/seed_9/task_8_Median_molecules_1/compare_GuacaMol_20260818_090451/comparison_task_best_seed_summary.tsv
9	8	Median_molecules_1	median	graphga	9	0.313036	0.25252300180308473	223496	1	gmean	PORTABLE_USER_ROOT/spectralMol/merged_fresh_repro_20260818_083101/guacamol_mpo_v3/seed_9/task_8_Median_molecules_1/compare_GuacaMol_20260818_090451/runs/graphga/seed_9/2026_08_18_graphGA_benchmark_09_27_44/2026_08_18_graphGA_Median_molecules_1/scores.csv	PORTABLE_USER_ROOT/spectralMol/merged_fresh_repro_20260818_083101/guacamol_mpo_v3/seed_9/task_8_Median_molecules_1/compare_GuacaMol_20260818_090451/comparison_task_best_seed_summary.tsv
9	9	Median_molecules_2	median	spectralmol	9	0.362372	0.024051859785351345	128256	1	gmean	PORTABLE_USER_ROOT/spectralMol/merged_fresh_repro_20260818_083101/guacamol_mpo_v3/seed_9/task_9_Median_molecules_2/compare_GuacaMol_20260818_090510/runs/spectralmol/seed_9/case_GuacaMol_20260818_090511/benchmark_runs/2026_08_18_evolution_ga_benchmark_09_05_16/2026_08_18_evolution_ga_Median_molecules_2/scores.csv	PORTABLE_USER_ROOT/spectralMol/merged_fresh_repro_20260818_083101/guacamol_mpo_v3/seed_9/task_9_Median_molecules_2/compare_GuacaMol_20260818_090510/comparison_task_best_seed_summary.tsv
9	9	Median_molecules_2	median	graphga	9	0.352222	0.28332757615203147	207036	1	gmean	PORTABLE_USER_ROOT/spectralMol/merged_fresh_repro_20260818_083101/guacamol_mpo_v3/seed_9/task_9_Median_molecules_2/compare_GuacaMol_20260818_090510/runs/graphga/seed_9/2026_08_18_graphGA_benchmark_09_32_29/2026_08_18_graphGA_Median_molecules_2/scores.csv	PORTABLE_USER_ROOT/spectralMol/merged_fresh_repro_20260818_083101/guacamol_mpo_v3/seed_9/task_9_Median_molecules_2/compare_GuacaMol_20260818_090510/comparison_task_best_seed_summary.tsv
